sub_id,session,run,red_idx,green_idx,value
MET000,1,1,0,0,1.3033909341254959
MET000,1,1,0,1,1.3942801058821526
MET000,1,1,0,2,1.3171244940087059
MET000,1,1,0,3,1.0088984511057488
MET000,1,1,0,4,1.315145340115375
MET000,1,1,0,5,1.279491569094076
MET000,1,1,0,6,1.4021766494178078
MET000,1,1,0,7,1.3679899644110072
MET000,1,1,0,8,1.4999902884983716
MET000,1,1,0,9,1.299208907320593
MET000,1,1,1,0,1.6953823473907077
MET000,1,1,1,1,1.3448312859611466
MET000,1,1,1,2,1.3241326768788222
MET000,1,1,1,3,1.2734017937839452
MET000,1,1,1,4,1.527985488860385
MET000,1,1,1,5,1.1712403532892586
MET000,1,1,1,6,1.2761185236272237
MET000,1,1,1,7,1.1837775909462531
MET000,1,1,1,8,1.5047014793292617
MET000,1,1,1,9,1.4408964580593819
MET000,1,1,2,0,1.6359512628119433
MET000,1,1,2,1,1.1031973018723651
MET000,1,1,2,2,1.3057523838960241
MET000,1,1,2,3,1.0502282175230442
MET000,1,1,2,4,1.0077149148229698
MET000,1,1,2,5,1.1492126878767952
MET000,1,1,2,6,1.1780586437471496
MET000,1,1,2,7,1.333650454114915
MET000,1,1,2,8,1.2853097982748358
MET000,1,1,2,9,1.2713324692218551
MET000,1,1,3,0,1.4273560379152876
MET000,1,1,3,1,1.5628592956194505
MET000,1,1,3,2,1.3665802976491579
MET000,1,1,3,3,1.1529212827781734
MET000,1,1,3,4,0.75639217222233857
MET000,1,1,3,5,0.86115348530660063
MET000,1,1,3,6,1.0053328388281044
MET000,1,1,3,7,1.230190191326056
MET000,1,1,3,8,1.3023630941883331
MET000,1,1,3,9,1.4350172418257756
MET000,1,1,4,0,1.7908250128706089
MET000,1,1,4,1,1.6705272611455806
MET000,1,1,4,2,1.1774565693453118
MET000,1,1,4,3,1.1155227933528646
MET000,1,1,4,4,0.96687168784027877
MET000,1,1,4,5,0.89748071254749462
MET000,1,1,4,6,0.78098210240669719
MET000,1,1,4,7,1.1479464907518275
MET000,1,1,4,8,1.2830856794309011
MET000,1,1,4,9,1.2658972640125976
MET000,1,1,5,0,1.6525169860266042
MET000,1,1,5,1,1.7157262391419283
MET000,1,1,5,2,1.4775715533603886
MET000,1,1,5,3,1.3574471156112042
MET000,1,1,5,4,1.0781245084718278
MET000,1,1,5,5,1.1859171829170527
MET000,1,1,5,6,0.97823653349917539
MET000,1,1,5,7,1.0357251038351625
MET000,1,1,5,8,1.1184414399609874
MET000,1,1,5,9,1.1272017079012897
MET000,1,1,6,0,1.7740550538978299
MET000,1,1,6,1,1.3752853867411894
MET000,1,1,6,2,1.4960370096690476
MET000,1,1,6,3,1.3162677861486931
MET000,1,1,6,4,1.5175524640416129
MET000,1,1,6,5,1.327384922221662
MET000,1,1,6,6,1.0007180725112397
MET000,1,1,6,7,1.1757290403174434
MET000,1,1,6,8,1.0568422734781833
MET000,1,1,6,9,0.85287566661971048
MET000,1,1,7,0,1.7772038983219709
MET000,1,1,7,1,1.5370558110114076
MET000,1,1,7,2,1.5141915917861799
MET000,1,1,7,3,1.5694238504972626
MET000,1,1,7,4,1.3218744506750206
MET000,1,1,7,5,1.6600942065843811
MET000,1,1,7,6,1.1774671392303011
MET000,1,1,7,7,1.1908682984871266
MET000,1,1,7,8,1.1597342068669605
MET000,1,1,7,9,1.1807046235373009
MET000,1,1,8,0,1.7283887706933443
MET000,1,1,8,1,1.817796859687792
MET000,1,1,8,2,1.6796648542687893
MET000,1,1,8,3,1.2385761848156154
MET000,1,1,8,4,1.7105511845708246
MET000,1,1,8,5,0.90889573089203524
MET000,1,1,8,6,1.5245552843449972
MET000,1,1,8,7,1.3750825076433435
MET000,1,1,8,8,1.2542137120180019
MET000,1,1,8,9,0.97321748672411557
MET000,1,1,9,0,1.6096077708867209
MET000,1,1,9,1,1.7596196457775399
MET000,1,1,9,2,1.6104639050187075
MET000,1,1,9,3,1.5166561975318966
MET000,1,1,9,4,1.2484127569859795
MET000,1,1,9,5,1.5702895014553409
MET000,1,1,9,6,1.4128292950826906
MET000,1,1,9,7,1.4487582131743515
MET000,1,1,9,8,1.2590471250098405
MET000,1,1,9,9,1.1054620499795085
MET000,1,2,0,0,0.86890625165069424
MET000,1,2,0,1,0.89125533067114571
MET000,1,2,0,2,1.2387537296152151
MET000,1,2,0,3,1.2440350897600569
MET000,1,2,0,4,1.0150246921088797
MET000,1,2,0,5,1.3670732356988704
MET000,1,2,0,6,1.2967790664198673
MET000,1,2,0,7,1.2458072170104115
MET000,1,2,0,8,1.3796536940897399
MET000,1,2,0,9,1.4398131366964917
MET000,1,2,1,0,1.1608428897705676
MET000,1,2,1,1,1.4056051868315551
MET000,1,2,1,2,1.026757016152219
MET000,1,2,1,3,0.94219036324385164
MET000,1,2,1,4,1.2314925855284218
MET000,1,2,1,5,0.99787614207188036
MET000,1,2,1,6,1.2426186546456659
MET000,1,2,1,7,1.1331788799539722
MET000,1,2,1,8,1.2015901110408309
MET000,1,2,1,9,1.242846120528921
MET000,1,2,2,0,1.3462414775581033
MET000,1,2,2,1,1.0245709625009252
MET000,1,2,2,2,1.1990480043539622
MET000,1,2,2,3,1.0307877440200917
MET000,1,2,2,4,0.92320672241936363
MET000,1,2,2,5,1.0040320265366729
MET000,1,2,2,6,0.84765417526990083
MET000,1,2,2,7,1.1742248083669029
MET000,1,2,2,8,1.4375762711517068
MET000,1,2,2,9,1.4042052095832007
MET000,1,2,3,0,0.97431451776077038
MET000,1,2,3,1,0.939429004574306
MET000,1,2,3,2,0.95835456367209304
MET000,1,2,3,3,1.1270637996701469
MET000,1,2,3,4,0.93906120658243997
MET000,1,2,3,5,0.80361153506660254
MET000,1,2,3,6,0.89208791724488001
MET000,1,2,3,7,1.2771881171427251
MET000,1,2,3,8,1.3908347392101119
MET000,1,2,3,9,1.3605422333183088
MET000,1,2,4,0,1.3506085168824171
MET000,1,2,4,1,0.99768129247127635
MET000,1,2,4,2,0.86922350613754451
MET000,1,2,4,3,1.1360265735578288
MET000,1,2,4,4,0.88570569393987919
MET000,1,2,4,5,0.88604406316555651
MET000,1,2,4,6,0.7586653931709586
MET000,1,2,4,7,0.98418995154549682
MET000,1,2,4,8,1.408126668348203
MET000,1,2,4,9,1.5918083655972166
MET000,1,2,5,0,1.2648374030969822
MET000,1,2,5,1,1.111173546962303
MET000,1,2,5,2,0.87826493987956267
MET000,1,2,5,3,1.0833670018347228
MET000,1,2,5,4,1.0859176155989081
MET000,1,2,5,5,1.07390420988694
MET000,1,2,5,6,0.99463544649638624
MET000,1,2,5,7,1.0594455683685491
MET000,1,2,5,8,1.4841307360310017
MET000,1,2,5,9,1.3659636253581235
MET000,1,2,6,0,1.4124861038365069
MET000,1,2,6,1,1.3510909472615622
MET000,1,2,6,2,1.4124590273448383
MET000,1,2,6,3,1.3181018213633784
MET000,1,2,6,4,1.320434070415637
MET000,1,2,6,5,1.2036661750353657
MET000,1,2,6,6,1.0383773281216324
MET000,1,2,6,7,0.83404784276738098
MET000,1,2,6,8,1.2274212187718123
MET000,1,2,6,9,1.3606486069646231
MET000,1,2,7,0,1.4598208500594549
MET000,1,2,7,1,1.4901377646978335
MET000,1,2,7,2,1.49763060562993
MET000,1,2,7,3,1.1515869098765896
MET000,1,2,7,4,1.3408424482882293
MET000,1,2,7,5,1.092395116126069
MET000,1,2,7,6,1.1981938227089712
MET000,1,2,7,7,1.0256770740910768
MET000,1,2,7,8,0.93844558247261478
MET000,1,2,7,9,1.3607288881879165
MET000,1,2,8,0,1.5770434852036912
MET000,1,2,8,1,1.7884493425062904
MET000,1,2,8,2,1.3388842256166338
MET000,1,2,8,3,1.5980946407237249
MET000,1,2,8,4,1.524152400210609
MET000,1,2,8,5,1.7068299132288092
MET000,1,2,8,6,1.3731512765033955
MET000,1,2,8,7,1.6423414572427573
MET000,1,2,8,8,1.3190746424814794
MET000,1,2,8,9,1.2790877205909843
MET000,1,2,9,0,1.697707094986656
MET000,1,2,9,1,1.5971022892831921
MET000,1,2,9,2,1.6336931415478817
MET000,1,2,9,3,1.7061213436834255
MET000,1,2,9,4,1.6463014110254577
MET000,1,2,9,5,1.3823280653856478
MET000,1,2,9,6,1.6991443840871965
MET000,1,2,9,7,1.5567139840897186
MET000,1,2,9,8,1.5846640819718367
MET000,1,2,9,9,1.5079698633914969
MET000,1,3,0,0,1.3013957456092529
MET000,1,3,0,1,1.2247501547514703
MET000,1,3,0,2,1.2261862762385352
MET000,1,3,0,3,1.3768318516295777
MET000,1,3,0,4,1.4192016978647073
MET000,1,3,0,5,1.5690851141192104
MET000,1,3,0,6,1.3661949922093486
MET000,1,3,0,7,1.2333984127963289
MET000,1,3,0,8,1.3785218802017434
MET000,1,3,0,9,1.5784902495400877
MET000,1,3,1,0,1.2509589495651736
MET000,1,3,1,1,1.491581897940687
MET000,1,3,1,2,1.1425886767203988
MET000,1,3,1,3,1.0947447317193355
MET000,1,3,1,4,1.2746893349253166
MET000,1,3,1,5,1.4320451704826715
MET000,1,3,1,6,1.4261156770175871
MET000,1,3,1,7,1.286747861995392
MET000,1,3,1,8,1.3955826160498788
MET000,1,3,1,9,1.5226500116138055
MET000,1,3,2,0,1.6210733834471069
MET000,1,3,2,1,1.4040177224011343
MET000,1,3,2,2,1.2156383787453051
MET000,1,3,2,3,0.93387433308858725
MET000,1,3,2,4,1.1635706126860432
MET000,1,3,2,5,0.93662496326167177
MET000,1,3,2,6,1.3045307568550442
MET000,1,3,2,7,1.4076975671840142
MET000,1,3,2,8,1.4091945154894421
MET000,1,3,2,9,1.3413281429440909
MET000,1,3,3,0,1.6868336091380076
MET000,1,3,3,1,1.4591945126400858
MET000,1,3,3,2,1.1634860702877492
MET000,1,3,3,3,1.339740840941305
MET000,1,3,3,4,0.99365512695220015
MET000,1,3,3,5,0.72879080299547083
MET000,1,3,3,6,0.9403005806356276
MET000,1,3,3,7,1.1261186332687458
MET000,1,3,3,8,1.1914371697487078
MET000,1,3,3,9,1.268974144442798
MET000,1,3,4,0,1.6754329395426495
MET000,1,3,4,1,1.5229160918638098
MET000,1,3,4,2,1.253534301929047
MET000,1,3,4,3,0.98765223499905963
MET000,1,3,4,4,0.89621054670162958
MET000,1,3,4,5,0.68760349598943704
MET000,1,3,4,6,0.6607739256307763
MET000,1,3,4,7,0.98072366489526197
MET000,1,3,4,8,1.2633659657914178
MET000,1,3,4,9,1.2934701297395179
MET000,1,3,5,0,1.4579122646828708
MET000,1,3,5,1,1.4467583772098829
MET000,1,3,5,2,1.3299448683793571
MET000,1,3,5,3,1.0346055282114153
MET000,1,3,5,4,1.4332337886740452
MET000,1,3,5,5,0.94702270964172819
MET000,1,3,5,6,0.98407609827600195
MET000,1,3,5,7,1.0897865516271332
MET000,1,3,5,8,1.2766877542030961
MET000,1,3,5,9,1.3101522596289208
MET000,1,3,6,0,1.700477785188816
MET000,1,3,6,1,1.5141172924281725
MET000,1,3,6,2,1.5856379235304148
MET000,1,3,6,3,1.3403264392859784
MET000,1,3,6,4,1.4951916538050145
MET000,1,3,6,5,1.0471740959329872
MET000,1,3,6,6,1.1778667948911492
MET000,1,3,6,7,0.79293622111226014
MET000,1,3,6,8,1.0028333112516259
MET000,1,3,6,9,1.135095182961849
MET000,1,3,7,0,1.7153480322822816
MET000,1,3,7,1,1.6933112359552938
MET000,1,3,7,2,1.3942870872753446
MET000,1,3,7,3,1.41608491340916
MET000,1,3,7,4,1.4642526623219434
MET000,1,3,7,5,1.2078870992700841
MET000,1,3,7,6,1.1377841714902337
MET000,1,3,7,7,1.0657723989456791
MET000,1,3,7,8,1.2415826376102139
MET000,1,3,7,9,1.1160719090818381
MET000,1,3,8,0,1.7990409442515547
MET000,1,3,8,1,1.4631505436126664
MET000,1,3,8,2,1.7008745786538719
MET000,1,3,8,3,1.4285966662572998
MET000,1,3,8,4,1.377471314029028
MET000,1,3,8,5,0.76663633228537065
MET000,1,3,8,6,1.2505269398029424
MET000,1,3,8,7,1.0077672987562689
MET000,1,3,8,8,1.1940460932517116
MET000,1,3,8,9,1.0588560177337043
MET000,1,3,9,0,1.699961216155311
MET000,1,3,9,1,1.4621494935014758
MET000,1,3,9,2,1.6086939536379268
MET000,1,3,9,3,1.2729196433741381
MET000,1,3,9,4,0.90295381386537599
MET000,1,3,9,5,1.4261592361495898
MET000,1,3,9,6,1.256911496163138
MET000,1,3,9,7,1.0721376111530032
MET000,1,3,9,8,1.0608663162496956
MET000,1,3,9,9,1.2379245440002806
MET000,1,4,0,0,1.2282502174162602
MET000,1,4,0,1,1.1622494189199244
MET000,1,4,0,2,1.1260543088660773
MET000,1,4,0,3,1.2879363995509716
MET000,1,4,0,4,1.2072075368717361
MET000,1,4,0,5,0.94990594021185959
MET000,1,4,0,6,1.1686166186037727
MET000,1,4,0,7,1.1560894365722243
MET000,1,4,0,8,1.421820301525808
MET000,1,4,0,9,1.409383091245987
MET000,1,4,1,0,0.99984325970913823
MET000,1,4,1,1,1.1099981823616465
MET000,1,4,1,2,1.06487463428187
MET000,1,4,1,3,1.149885284296122
MET000,1,4,1,4,0.80645077431847489
MET000,1,4,1,5,1.0226893005728923
MET000,1,4,1,6,1.2543386527134852
MET000,1,4,1,7,1.2784940017574995
MET000,1,4,1,8,1.3316032232008568
MET000,1,4,1,9,1.1704676017004281
MET000,1,4,2,0,1.0080674423064455
MET000,1,4,2,1,1.0560636701776556
MET000,1,4,2,2,1.2953413770517268
MET000,1,4,2,3,1.0052518938955199
MET000,1,4,2,4,0.92073777972390358
MET000,1,4,2,5,0.91516845463474195
MET000,1,4,2,6,1.0062840328160323
MET000,1,4,2,7,1.2184473990840208
MET000,1,4,2,8,1.1598581606615943
MET000,1,4,2,9,1.4288074353396951
MET000,1,4,3,0,0.82389205447224856
MET000,1,4,3,1,1.2077803856808391
MET000,1,4,3,2,0.94423635109276605
MET000,1,4,3,3,1.3065140582536403
MET000,1,4,3,4,0.85081915051911439
MET000,1,4,3,5,0.85705733845751908
MET000,1,4,3,6,0.69434302952535887
MET000,1,4,3,7,1.1442155934948779
MET000,1,4,3,8,1.4610527340922557
MET000,1,4,3,9,1.4048638087029477
MET000,1,4,4,0,1.0410139418590971
MET000,1,4,4,1,0.89412887044022105
MET000,1,4,4,2,1.2607033624339521
MET000,1,4,4,3,1.0412677015070535
MET000,1,4,4,4,1.0818178018471041
MET000,1,4,4,5,0.93543196143940766
MET000,1,4,4,6,0.83871064870154866
MET000,1,4,4,7,1.1244862309899395
MET000,1,4,4,8,1.2667197792929092
MET000,1,4,4,9,1.4572037269380811
MET000,1,4,5,0,1.1274584339518905
MET000,1,4,5,1,1.3342235398902669
MET000,1,4,5,2,1.0475206592841264
MET000,1,4,5,3,1.3562827989258015
MET000,1,4,5,4,0.93013816248162884
MET000,1,4,5,5,0.95187985924098417
MET000,1,4,5,6,0.99058847196330579
MET000,1,4,5,7,0.94850488259262022
MET000,1,4,5,8,1.4100489834712471
MET000,1,4,5,9,1.5748654536059064
MET000,1,4,6,0,1.3384216773399995
MET000,1,4,6,1,1.5371609303946321
MET000,1,4,6,2,1.3615450119008199
MET000,1,4,6,3,1.1596675173706756
MET000,1,4,6,4,1.2548999666748724
MET000,1,4,6,5,1.0739223662348285
MET000,1,4,6,6,1.0837172340073753
MET000,1,4,6,7,1.0000844190383855
MET000,1,4,6,8,1.2754519738795889
MET000,1,4,6,9,1.4112686902667311
MET000,1,4,7,0,1.3103352501209404
MET000,1,4,7,1,1.3971669196618484
MET000,1,4,7,2,1.4014431634275406
MET000,1,4,7,3,1.2238199579795941
MET000,1,4,7,4,1.3064667798436762
MET000,1,4,7,5,1.2364134536760949
MET000,1,4,7,6,1.0096022657428645
MET000,1,4,7,7,1.1149382242110528
MET000,1,4,7,8,0.87159776474760053
MET000,1,4,7,9,1.3205559944753855
MET000,1,4,8,0,1.6837785449767424
MET000,1,4,8,1,1.6417841769691277
MET000,1,4,8,2,1.60273224054278
MET000,1,4,8,3,1.5839843315059277
MET000,1,4,8,4,1.3885528282460289
MET000,1,4,8,5,1.4376833919835033
MET000,1,4,8,6,1.3252177515223025
MET000,1,4,8,7,1.5608325152984983
MET000,1,4,8,8,1.368234851420971
MET000,1,4,8,9,1.328362034874339
MET000,1,4,9,0,1.6760957083877643
MET000,1,4,9,1,1.4835994780227997
MET000,1,4,9,2,1.6444024178724352
MET000,1,4,9,3,1.5171552465148326
MET000,1,4,9,4,1.4655177454970776
MET000,1,4,9,5,1.5329066105561224
MET000,1,4,9,6,1.5419454274044733
MET000,1,4,9,7,1.5401252878329634
MET000,1,4,9,8,1.5925033005168081
MET000,1,4,9,9,1.6309998276536433
MET000,2,1,0,0,1.3697854489909749
MET000,2,1,0,1,1.5984056524833643
MET000,2,1,0,2,1.8568881519266665
MET000,2,1,0,3,1.7521359977651254
MET000,2,1,0,4,1.604700030180799
MET000,2,1,0,5,1.670433212460704
MET000,2,1,0,6,1.557025126819801
MET000,2,1,0,7,1.4557151912801749
MET000,2,1,0,8,1.4648942604834174
MET000,2,1,0,9,1.5283209571290963
MET000,2,1,1,0,1.4190047199956963
MET000,2,1,1,1,1.6256912168201327
MET000,2,1,1,2,1.7295796239599517
MET000,2,1,1,3,1.7037339605314774
MET000,2,1,1,4,1.7926821215583713
MET000,2,1,1,5,1.4180645448540661
MET000,2,1,1,6,1.5989434810595906
MET000,2,1,1,7,1.5443106469661776
MET000,2,1,1,8,1.6647679807745497
MET000,2,1,1,9,1.7515706699704836
MET000,2,1,2,0,1.895737984084352
MET000,2,1,2,1,1.7242304754684583
MET000,2,1,2,2,1.7428904021114406
MET000,2,1,2,3,1.5232901336355555
MET000,2,1,2,4,1.3729633589892936
MET000,2,1,2,5,1.6643330590155423
MET000,2,1,2,6,1.4576938119842096
MET000,2,1,2,7,1.5714339646817546
MET000,2,1,2,8,1.5832298300607968
MET000,2,1,2,9,1.6960812074267302
MET000,2,1,3,0,2.0624120457232573
MET000,2,1,3,1,1.9598626780535211
MET000,2,1,3,2,1.4919267635978375
MET000,2,1,3,3,1.5991800248530148
MET000,2,1,3,4,1.4284369541209945
MET000,2,1,3,5,0.8418041499468133
MET000,2,1,3,6,1.3129351760467065
MET000,2,1,3,7,1.3799826800699606
MET000,2,1,3,8,1.5297727622163115
MET000,2,1,3,9,1.7036939975305871
MET000,2,1,4,0,1.8275942549086164
MET000,2,1,4,1,1.8416500118996944
MET000,2,1,4,2,1.8450539228269056
MET000,2,1,4,3,1.4765279077823723
MET000,2,1,4,4,1.1101753000765688
MET000,2,1,4,5,1.1921765606989572
MET000,2,1,4,6,0.98005061848078845
MET000,2,1,4,7,1.4681972139435826
MET000,2,1,4,8,1.5114427940847288
MET000,2,1,4,9,1.5769452578554826
MET000,2,1,5,0,1.946719693483048
MET000,2,1,5,1,1.9132048268985868
MET000,2,1,5,2,1.6368115273288308
MET000,2,1,5,3,1.6100216996514494
MET000,2,1,5,4,1.263661092973575
MET000,2,1,5,5,1.6957176044129094
MET000,2,1,5,6,1.5343454358717381
MET000,2,1,5,7,1.5093338318574634
MET000,2,1,5,8,1.4647954289485077
MET000,2,1,5,9,1.5923759331774454
MET000,2,1,6,0,1.8994587846049709
MET000,2,1,6,1,1.6939661943146689
MET000,2,1,6,2,1.6877023138701099
MET000,2,1,6,3,1.5530196236981106
MET000,2,1,6,4,1.5078930150607917
MET000,2,1,6,5,1.6219547746698384
MET000,2,1,6,6,1.5690479015981071
MET000,2,1,6,7,1.6019219025098894
MET000,2,1,6,8,1.7108048569703078
MET000,2,1,6,9,1.3945837569835968
MET000,2,1,7,0,1.855926499620286
MET000,2,1,7,1,1.8366969413005449
MET000,2,1,7,2,1.562212767037185
MET000,2,1,7,3,1.877864872618644
MET000,2,1,7,4,1.2747475987030683
MET000,2,1,7,5,1.6273420214009529
MET000,2,1,7,6,1.5489836579780245
MET000,2,1,7,7,1.6872081471939235
MET000,2,1,7,8,1.5415158773877125
MET000,2,1,7,9,1.6441987984813995
MET000,2,1,8,0,1.8131231104337504
MET000,2,1,8,1,1.6495464808134566
MET000,2,1,8,2,2.0166966471133487
MET000,2,1,8,3,1.5341141830167926
MET000,2,1,8,4,1.7023032690323727
MET000,2,1,8,5,1.3694532677323934
MET000,2,1,8,6,1.6615099773922433
MET000,2,1,8,7,1.4198823473045443
MET000,2,1,8,8,1.6035818571223326
MET000,2,1,8,9,1.6955546310135159
MET000,2,1,9,0,1.698244272390619
MET000,2,1,9,1,1.7398641267451782
MET000,2,1,9,2,1.7650359509003748
MET000,2,1,9,3,1.8882409821288639
MET000,2,1,9,4,1.5442321693275094
MET000,2,1,9,5,1.8241667382509199
MET000,2,1,9,6,1.5125594602434931
MET000,2,1,9,7,1.6382498294629904
MET000,2,1,9,8,1.6237170404212569
MET000,2,1,9,9,1.4677251719717399
MET000,2,2,0,0,1.2470226357064975
MET000,2,2,0,1,1.8513023176148589
MET000,2,2,0,2,1.6090934535453276
MET000,2,2,0,3,1.5980319715804696
MET000,2,2,0,4,1.5055694902880654
MET000,2,2,0,5,1.5814467336767892
MET000,2,2,0,6,1.5515726123533775
MET000,2,2,0,7,1.6000971189982769
MET000,2,2,0,8,1.5886360622823741
MET000,2,2,0,9,1.433843748033035
MET000,2,2,1,0,1.401279834798647
MET000,2,2,1,1,1.5035605152605949
MET000,2,2,1,2,1.6483148198779782
MET000,2,2,1,3,1.589339616158699
MET000,2,2,1,4,1.7716453933131175
MET000,2,2,1,5,1.7183481953628763
MET000,2,2,1,6,1.5704170316798529
MET000,2,2,1,7,1.593779721598076
MET000,2,2,1,8,1.642844384348835
MET000,2,2,1,9,1.6960279214469456
MET000,2,2,2,0,1.8538407816718103
MET000,2,2,2,1,1.5939097486625919
MET000,2,2,2,2,1.3368186330160556
MET000,2,2,2,3,1.2391564173961811
MET000,2,2,2,4,1.3965005176773748
MET000,2,2,2,5,1.5020119263607108
MET000,2,2,2,6,1.5128322105419012
MET000,2,2,2,7,1.380298566724331
MET000,2,2,2,8,1.687881291508406
MET000,2,2,2,9,1.5756411885874595
MET000,2,2,3,0,1.6014584318285721
MET000,2,2,3,1,1.7671055500187385
MET000,2,2,3,2,1.2738836900543229
MET000,2,2,3,3,1.2158612791121786
MET000,2,2,3,4,1.1813255802454139
MET000,2,2,3,5,0.79872416204522623
MET000,2,2,3,6,1.314185846818666
MET000,2,2,3,7,1.2907103753484606
MET000,2,2,3,8,1.3850502202214798
MET000,2,2,3,9,1.6945480204194101
MET000,2,2,4,0,1.825090189457202
MET000,2,2,4,1,1.774069654801377
MET000,2,2,4,2,1.4326256376027804
MET000,2,2,4,3,1.210465185114308
MET000,2,2,4,4,1.3914418512277995
MET000,2,2,4,5,1.090328991337246
MET000,2,2,4,6,0.97143444020949676
MET000,2,2,4,7,1.1281269105340488
MET000,2,2,4,8,1.5743694972249831
MET000,2,2,4,9,1.511983739394982
MET000,2,2,5,0,1.8826060200248369
MET000,2,2,5,1,1.7644039334464088
MET000,2,2,5,2,1.1546976806398768
MET000,2,2,5,3,1.5881928051479093
MET000,2,2,5,4,1.2494123951600622
MET000,2,2,5,5,1.0410310958514293
MET000,2,2,5,6,1.314700382829441
MET000,2,2,5,7,1.2734598266722903
MET000,2,2,5,8,1.0138288855704438
MET000,2,2,5,9,1.5312484947769289
MET000,2,2,6,0,1.8815514027687681
MET000,2,2,6,1,1.7058845367824982
MET000,2,2,6,2,1.5968357957264996
MET000,2,2,6,3,1.4411643373723309
MET000,2,2,6,4,1.1523291412526224
MET000,2,2,6,5,1.3327277084675864
MET000,2,2,6,6,1.5615409416062431
MET000,2,2,6,7,1.4030612606617938
MET000,2,2,6,8,1.4537173968809118
MET000,2,2,6,9,1.4372856472526017
MET000,2,2,7,0,1.938069877923529
MET000,2,2,7,1,1.7636528540550067
MET000,2,2,7,2,1.5324391580779555
MET000,2,2,7,3,1.5846405910998509
MET000,2,2,7,4,1.1520330492987656
MET000,2,2,7,5,1.6658567512922546
MET000,2,2,7,6,1.369092427249329
MET000,2,2,7,7,1.4989144558705489
MET000,2,2,7,8,1.4836690545547606
MET000,2,2,7,9,1.4424349415449995
MET000,2,2,8,0,1.6800735191437297
MET000,2,2,8,1,1.7587573283876614
MET000,2,2,8,2,1.7642068142296154
MET000,2,2,8,3,0.86218852782789002
MET000,2,2,8,4,1.551650274454577
MET000,2,2,8,5,1.4485512638628866
MET000,2,2,8,6,1.4159085249407763
MET000,2,2,8,7,1.2869699503323819
MET000,2,2,8,8,1.5519349542981302
MET000,2,2,8,9,1.2462757217238385
MET000,2,2,9,0,1.7677953259508117
MET000,2,2,9,1,1.9323827928181581
MET000,2,2,9,2,1.5660272259283881
MET000,2,2,9,3,1.7143614670865428
MET000,2,2,9,4,1.4001203190636031
MET000,2,2,9,5,1.5822516986804609
MET000,2,2,9,6,1.414639662352652
MET000,2,2,9,7,1.4208206381628281
MET000,2,2,9,8,1.1199853528304435
MET000,2,2,9,9,1.527265731015675
MET000,2,3,0,0,1.2972054704941915
MET000,2,3,0,1,1.5990522959094806
MET000,2,3,0,2,1.6128446016881619
MET000,2,3,0,3,1.6674772525213382
MET000,2,3,0,4,1.5942570657810671
MET000,2,3,0,5,1.5648556026376397
MET000,2,3,0,6,1.2469199057179161
MET000,2,3,0,7,1.6726888472957866
MET000,2,3,0,8,1.6275015118649456
MET000,2,3,0,9,1.7489327335001239
MET000,2,3,1,0,1.2057923955531276
MET000,2,3,1,1,1.6046159182888715
MET000,2,3,1,2,1.602323674669855
MET000,2,3,1,3,1.5456631608151794
MET000,2,3,1,4,1.6131613900639781
MET000,2,3,1,5,1.4512302344683203
MET000,2,3,1,6,1.6049539773891732
MET000,2,3,1,7,1.7051952218995172
MET000,2,3,1,8,1.4557898630715471
MET000,2,3,1,9,1.4973728139975877
MET000,2,3,2,0,1.858699051202459
MET000,2,3,2,1,1.5351580089533203
MET000,2,3,2,2,1.6431468150145254
MET000,2,3,2,3,1.0186581336630904
MET000,2,3,2,4,1.3380522085500568
MET000,2,3,2,5,1.280520511779301
MET000,2,3,2,6,1.2037478652025515
MET000,2,3,2,7,1.2773501479346103
MET000,2,3,2,8,1.6457292956747089
MET000,2,3,2,9,1.569823405068566
MET000,2,3,3,0,1.8737827022585889
MET000,2,3,3,1,1.6477831324213512
MET000,2,3,3,2,1.2135923833704851
MET000,2,3,3,3,1.5248488261463788
MET000,2,3,3,4,1.1142337085738483
MET000,2,3,3,5,0.79395709052290386
MET000,2,3,3,6,1.2431927286253797
MET000,2,3,3,7,1.3745683092516352
MET000,2,3,3,8,1.4238271783371601
MET000,2,3,3,9,1.4525961895985948
MET000,2,3,4,0,1.5523983394635232
MET000,2,3,4,1,1.7027229022624908
MET000,2,3,4,2,1.4529834857960289
MET000,2,3,4,3,1.3574841022946811
MET000,2,3,4,4,0.96649721978200265
MET000,2,3,4,5,1.0944888180092676
MET000,2,3,4,6,0.84040097685364779
MET000,2,3,4,7,1.0411005083087246
MET000,2,3,4,8,1.4123323474901002
MET000,2,3,4,9,1.1153369955759742
MET000,2,3,5,0,1.5607407967188536
MET000,2,3,5,1,1.7755296072197235
MET000,2,3,5,2,1.4630433291248199
MET000,2,3,5,3,1.2295960356358575
MET000,2,3,5,4,1.3695408340634303
MET000,2,3,5,5,1.3488514869234871
MET000,2,3,5,6,1.1321148567532191
MET000,2,3,5,7,1.2705252272045131
MET000,2,3,5,8,1.1082571735242093
MET000,2,3,5,9,1.3850421639723325
MET000,2,3,6,0,1.715247629794499
MET000,2,3,6,1,1.3604640696375112
MET000,2,3,6,2,1.5629913417880237
MET000,2,3,6,3,1.2425854319012013
MET000,2,3,6,4,1.3555036714011195
MET000,2,3,6,5,1.4335524415846426
MET000,2,3,6,6,1.4916990107497183
MET000,2,3,6,7,1.4248943520785464
MET000,2,3,6,8,1.5459428034765583
MET000,2,3,6,9,1.4414842486765962
MET000,2,3,7,0,1.672300275589812
MET000,2,3,7,1,1.7339033089536631
MET000,2,3,7,2,1.0859474004388223
MET000,2,3,7,3,1.6155685661099459
MET000,2,3,7,4,1.4069332821624672
MET000,2,3,7,5,1.2987207658729605
MET000,2,3,7,6,1.4615478775414821
MET000,2,3,7,7,1.3844190398320824
MET000,2,3,7,8,1.4479233722511358
MET000,2,3,7,9,1.307486825711311
MET000,2,3,8,0,1.807338376456965
MET000,2,3,8,1,1.4910507357803719
MET000,2,3,8,2,1.7765496549383148
MET000,2,3,8,3,1.339578641432009
MET000,2,3,8,4,1.6290009839765571
MET000,2,3,8,5,1.2672208450090898
MET000,2,3,8,6,1.4549821497480084
MET000,2,3,8,7,1.3018010259615942
MET000,2,3,8,8,1.2724375757635029
MET000,2,3,8,9,1.5907223619599622
MET000,2,3,9,0,1.6791968875001095
MET000,2,3,9,1,1.693673742147316
MET000,2,3,9,2,1.5332623732120549
MET000,2,3,9,3,1.7758323739040871
MET000,2,3,9,4,1.3456988731242137
MET000,2,3,9,5,1.5404528597750144
MET000,2,3,9,6,1.376713063730425
MET000,2,3,9,7,1.4150500541578823
MET000,2,3,9,8,1.3980236421003172
MET000,2,3,9,9,1.6096925713929997
MET000,2,4,0,0,1.4269815574917577
MET000,2,4,0,1,1.3462704151950848
MET000,2,4,0,2,1.6843172508770397
MET000,2,4,0,3,1.7917348381342044
MET000,2,4,0,4,1.7048112691188413
MET000,2,4,0,5,1.7023501758286801
MET000,2,4,0,6,1.327115540204197
MET000,2,4,0,7,1.7366958694435322
MET000,2,4,0,8,1.6970773482196864
MET000,2,4,0,9,1.7538488060858062
MET000,2,4,1,0,1.2463215543924655
MET000,2,4,1,1,1.6908660332072178
MET000,2,4,1,2,1.5119054190950063
MET000,2,4,1,3,1.7200713917350905
MET000,2,4,1,4,1.6109191883106355
MET000,2,4,1,5,1.720895282388728
MET000,2,4,1,6,1.7819696041305819
MET000,2,4,1,7,1.5643618464545399
MET000,2,4,1,8,1.6925749920970969
MET000,2,4,1,9,1.3596512844690152
MET000,2,4,2,0,1.8141675500815952
MET000,2,4,2,1,1.616991046064288
MET000,2,4,2,2,1.4186438680958866
MET000,2,4,2,3,1.5628373605780594
MET000,2,4,2,4,1.2656708198777633
MET000,2,4,2,5,1.0500109228361401
MET000,2,4,2,6,1.6146427465427786
MET000,2,4,2,7,1.317495656603771
MET000,2,4,2,8,1.6021022928681927
MET000,2,4,2,9,1.6977280402713415
MET000,2,4,3,0,1.9361543034184181
MET000,2,4,3,1,1.8182512017175001
MET000,2,4,3,2,1.514309902554732
MET000,2,4,3,3,1.2185106952919775
MET000,2,4,3,4,1.238334722000477
MET000,2,4,3,5,0.83202822623062378
MET000,2,4,3,6,1.2846810065253771
MET000,2,4,3,7,1.3383415083802437
MET000,2,4,3,8,1.4000363910029534
MET000,2,4,3,9,1.5838348570097118
MET000,2,4,4,0,1.7748114705795464
MET000,2,4,4,1,1.655928615867355
MET000,2,4,4,2,1.6458191223944032
MET000,2,4,4,3,1.2575874488167198
MET000,2,4,4,4,1.1168821672302018
MET000,2,4,4,5,0.9276226278004448
MET000,2,4,4,6,0.92038191372286959
MET000,2,4,4,7,1.2887323194803584
MET000,2,4,4,8,1.5563618722463113
MET000,2,4,4,9,1.2244883357065697
MET000,2,4,5,0,1.9162075039198847
MET000,2,4,5,1,1.6499847412731219
MET000,2,4,5,2,1.3040568655372891
MET000,2,4,5,3,1.2833926909621345
MET000,2,4,5,4,1.3340928746384166
MET000,2,4,5,5,1.0723681264893252
MET000,2,4,5,6,1.1511066551183975
MET000,2,4,5,7,1.3510801424580428
MET000,2,4,5,8,1.1309601198872239
MET000,2,4,5,9,1.4446913838732911
MET000,2,4,6,0,1.9582076695726875
MET000,2,4,6,1,1.5289450338889861
MET000,2,4,6,2,1.7628944533536599
MET000,2,4,6,3,1.3519646522672846
MET000,2,4,6,4,1.3784975514983322
MET000,2,4,6,5,1.3919253673145775
MET000,2,4,6,6,1.6508715687434754
MET000,2,4,6,7,1.5004133888586979
MET000,2,4,6,8,1.4457766072964942
MET000,2,4,6,9,1.0118548274834958
MET000,2,4,7,0,1.9368035324789488
MET000,2,4,7,1,1.6565214061408575
MET000,2,4,7,2,1.1689613336000024
MET000,2,4,7,3,1.5879382399637989
MET000,2,4,7,4,1.1030052582690375
MET000,2,4,7,5,1.5274498083407648
MET000,2,4,7,6,1.3884874490711483
MET000,2,4,7,7,1.2395716617260062
MET000,2,4,7,8,1.526814930470509
MET000,2,4,7,9,1.4899316677612042
MET000,2,4,8,0,1.8297495837689115
MET000,2,4,8,1,1.671205749617678
MET000,2,4,8,2,1.7429699210064951
MET000,2,4,8,3,1.2659207046213159
MET000,2,4,8,4,1.272332229184665
MET000,2,4,8,5,1.0242651489051529
MET000,2,4,8,6,1.191315118000926
MET000,2,4,8,7,1.1242713315883479
MET000,2,4,8,8,1.4545032807770346
MET000,2,4,8,9,1.5728706133775798
MET000,2,4,9,0,1.8536373690454759
MET000,2,4,9,1,1.8555177356721653
MET000,2,4,9,2,1.6823187901575682
MET000,2,4,9,3,1.4897664342588144
MET000,2,4,9,4,1.4578364053224724
MET000,2,4,9,5,1.3458412238937676
MET000,2,4,9,6,1.3313214373924205
MET000,2,4,9,7,1.430907016021407
MET000,2,4,9,8,1.5786244076710323
MET000,2,4,9,9,1.6228780046726112
MET001,1,1,0,0,1.9760201657406371
MET001,1,1,0,1,1.9560918261981499
MET001,1,1,0,2,1.936340183859395
MET001,1,1,0,3,1.9680396978568024
MET001,1,1,0,4,1.882370555227312
MET001,1,1,0,5,1.7645964078646676
MET001,1,1,0,6,1.5919686418072423
MET001,1,1,0,7,1.5664497485074838
MET001,1,1,0,8,1.7097360586600272
MET001,1,1,0,9,1.7317259700897747
MET001,1,1,1,0,1.8620089961081581
MET001,1,1,1,1,1.6686019035609423
MET001,1,1,1,2,1.9628286645577224
MET001,1,1,1,3,2.0173502744765122
MET001,1,1,1,4,1.8063778524690808
MET001,1,1,1,5,1.6445448141824759
MET001,1,1,1,6,1.776236856257307
MET001,1,1,1,7,1.6838899271667471
MET001,1,1,1,8,1.719845302996607
MET001,1,1,1,9,1.6431018299959963
MET001,1,1,2,0,1.8543029110485041
MET001,1,1,2,1,1.9348344670306603
MET001,1,1,2,2,1.8150932335920005
MET001,1,1,2,3,1.6734804542315609
MET001,1,1,2,4,1.5386084092517771
MET001,1,1,2,5,1.6527830528750072
MET001,1,1,2,6,1.3968935714103838
MET001,1,1,2,7,1.8295326059550088
MET001,1,1,2,8,1.4975814471722655
MET001,1,1,2,9,1.7621917617488412
MET001,1,1,3,0,2.0653865311982158
MET001,1,1,3,1,1.9387738120837421
MET001,1,1,3,2,1.8472580492876101
MET001,1,1,3,3,1.8803802756725947
MET001,1,1,3,4,1.4029410501115318
MET001,1,1,3,5,1.2102470153220957
MET001,1,1,3,6,1.4802736251687976
MET001,1,1,3,7,1.6777048340906804
MET001,1,1,3,8,1.3514937520995314
MET001,1,1,3,9,1.6255684927694571
MET001,1,1,4,0,2.0501269392838859
MET001,1,1,4,1,2.0060976052333599
MET001,1,1,4,2,1.7779406725607871
MET001,1,1,4,3,1.5797060443526021
MET001,1,1,4,4,1.5432023635311729
MET001,1,1,4,5,1.2710291663361752
MET001,1,1,4,6,1.1762279130070454
MET001,1,1,4,7,1.3467148694540552
MET001,1,1,4,8,1.6061372326913388
MET001,1,1,4,9,1.5521096615474399
MET001,1,1,5,0,1.9347076477387968
MET001,1,1,5,1,2.0057881855087034
MET001,1,1,5,2,1.6466339560727037
MET001,1,1,5,3,1.6303090028860394
MET001,1,1,5,4,1.3581801132980122
MET001,1,1,5,5,1.2915132381957584
MET001,1,1,5,6,1.1237376510763206
MET001,1,1,5,7,1.3625654111268786
MET001,1,1,5,8,1.6233955149850048
MET001,1,1,5,9,1.8489223353034727
MET001,1,1,6,0,1.8200490780683805
MET001,1,1,6,1,1.7905284261124099
MET001,1,1,6,2,1.5397820255680623
MET001,1,1,6,3,1.5316718357231174
MET001,1,1,6,4,1.179219668447441
MET001,1,1,6,5,1.3447746412688193
MET001,1,1,6,6,1.647266142413957
MET001,1,1,6,7,1.509886016050924
MET001,1,1,6,8,1.6743884362232824
MET001,1,1,6,9,1.5469795926533136
MET001,1,1,7,0,1.8738009001993985
MET001,1,1,7,1,1.838423999401696
MET001,1,1,7,2,1.6958478637029064
MET001,1,1,7,3,1.422641897595764
MET001,1,1,7,4,1.3783696341865641
MET001,1,1,7,5,1.7272084566022388
MET001,1,1,7,6,1.5709663246565819
MET001,1,1,7,7,1.6888799510439794
MET001,1,1,7,8,1.6421551915920312
MET001,1,1,7,9,1.8038034730819952
MET001,1,1,8,0,1.7307199468633807
MET001,1,1,8,1,1.8445540196012933
MET001,1,1,8,2,1.6900980968110324
MET001,1,1,8,3,1.6198520751606404
MET001,1,1,8,4,1.6737419094118178
MET001,1,1,8,5,1.1400608578454683
MET001,1,1,8,6,1.5914082999210499
MET001,1,1,8,7,1.8198540718378331
MET001,1,1,8,8,1.818830018607142
MET001,1,1,8,9,1.6195345172469322
MET001,1,1,9,0,1.6919267595408205
MET001,1,1,9,1,1.7206333787412875
MET001,1,1,9,2,1.6339050396257599
MET001,1,1,9,3,1.7560817971111435
MET001,1,1,9,4,1.6212558033606641
MET001,1,1,9,5,1.6963117685194802
MET001,1,1,9,6,1.381025743851142
MET001,1,1,9,7,1.8318063674712644
MET001,1,1,9,8,1.8590414267619779
MET001,1,1,9,9,1.6206314705983045
MET001,1,2,0,0,2.1086190339721989
MET001,1,2,0,1,1.940924236988876
MET001,1,2,0,2,2.039280729666197
MET001,1,2,0,3,1.5946231573868239
MET001,1,2,0,4,1.6425822570849622
MET001,1,2,0,5,1.5344744746533083
MET001,1,2,0,6,1.2672175988675789
MET001,1,2,0,7,1.458242322949207
MET001,1,2,0,8,1.2452023646123171
MET001,1,2,0,9,1.4331320561360203
MET001,1,2,1,0,1.7854570249281716
MET001,1,2,1,1,2.112109398736751
MET001,1,2,1,2,1.8320548025850327
MET001,1,2,1,3,1.938613591157091
MET001,1,2,1,4,1.8849043899569169
MET001,1,2,1,5,1.4526804396415067
MET001,1,2,1,6,1.5703752547325451
MET001,1,2,1,7,1.2889975561273666
MET001,1,2,1,8,1.4382836432202966
MET001,1,2,1,9,1.6652938291738266
MET001,1,2,2,0,1.8828521692224296
MET001,1,2,2,1,1.5285220081033335
MET001,1,2,2,2,1.9830972984592621
MET001,1,2,2,3,1.7387277664487626
MET001,1,2,2,4,1.1848839023040889
MET001,1,2,2,5,1.2299978185690326
MET001,1,2,2,6,1.154769611196887
MET001,1,2,2,7,1.2601782097684835
MET001,1,2,2,8,1.4301376091325242
MET001,1,2,2,9,1.125187777123122
MET001,1,2,3,0,1.9871523854297961
MET001,1,2,3,1,1.7968441819758108
MET001,1,2,3,2,1.8089726923377665
MET001,1,2,3,3,1.4928427250343717
MET001,1,2,3,4,1.1899987052984029
MET001,1,2,3,5,0.90720609894872317
MET001,1,2,3,6,1.2428917166520761
MET001,1,2,3,7,1.2964255686356578
MET001,1,2,3,8,0.97460148848771799
MET001,1,2,3,9,1.0194155923818415
MET001,1,2,4,0,1.8095314656491319
MET001,1,2,4,1,1.978459285980424
MET001,1,2,4,2,1.5461040411253255
MET001,1,2,4,3,1.2371918629035681
MET001,1,2,4,4,1.2073011446993762
MET001,1,2,4,5,0.99219672227135436
MET001,1,2,4,6,1.0381555166248475
MET001,1,2,4,7,0.96990345481238838
MET001,1,2,4,8,0.93009868924256056
MET001,1,2,4,9,1.5782912070881847
MET001,1,2,5,0,1.9095656588762984
MET001,1,2,5,1,1.5043996011572784
MET001,1,2,5,2,1.5150146884008222
MET001,1,2,5,3,1.2158914951530488
MET001,1,2,5,4,1.2290564950139256
MET001,1,2,5,5,1.0705188660571014
MET001,1,2,5,6,0.9341451147479316
MET001,1,2,5,7,0.75852743521336541
MET001,1,2,5,8,1.3878350053036597
MET001,1,2,5,9,1.7308272498921653
MET001,1,2,6,0,1.603221564325922
MET001,1,2,6,1,1.2192617181619396
MET001,1,2,6,2,1.4568746816396565
MET001,1,2,6,3,1.338181470121399
MET001,1,2,6,4,0.83645193299774279
MET001,1,2,6,5,0.88002292400323756
MET001,1,2,6,6,1.0206447962415273
MET001,1,2,6,7,1.3944368292598679
MET001,1,2,6,8,1.1530928566775218
MET001,1,2,6,9,1.0953778864241832
MET001,1,2,7,0,1.498270742630746
MET001,1,2,7,1,1.4641714487441493
MET001,1,2,7,2,1.4157062871819903
MET001,1,2,7,3,0.97130098172556156
MET001,1,2,7,4,0.90365570039877119
MET001,1,2,7,5,0.78767070328876732
MET001,1,2,7,6,0.6563351434840865
MET001,1,2,7,7,1.3594188612558618
MET001,1,2,7,8,1.5246529723214417
MET001,1,2,7,9,1.4085493891586134
MET001,1,2,8,0,1.570702792850315
MET001,1,2,8,1,1.6572777079465677
MET001,1,2,8,2,1.2421183090522223
MET001,1,2,8,3,1.1497186586647208
MET001,1,2,8,4,0.9707604201304616
MET001,1,2,8,5,0.83144537588370016
MET001,1,2,8,6,1.3972941219856383
MET001,1,2,8,7,1.4335896353935305
MET001,1,2,8,8,1.3224905070211419
MET001,1,2,8,9,1.2316541804494392
MET001,1,2,9,0,1.7306330950878901
MET001,1,2,9,1,1.5093501206854849
MET001,1,2,9,2,1.2632172088423526
MET001,1,2,9,3,1.0354243040208366
MET001,1,2,9,4,0.73271225837169085
MET001,1,2,9,5,1.3035482377168828
MET001,1,2,9,6,1.3124532914811908
MET001,1,2,9,7,1.2766763613927909
MET001,1,2,9,8,1.2949994458636818
MET001,1,2,9,9,1.2163483885324331
MET001,1,3,0,0,1.1827091214698395
MET001,1,3,0,1,1.2871891633707131
MET001,1,3,0,2,1.1432158764105069
MET001,1,3,0,3,1.2658871459964505
MET001,1,3,0,4,0.85968165432131571
MET001,1,3,0,5,0.92040600107638437
MET001,1,3,0,6,1.0693226809704266
MET001,1,3,0,7,1.1242649142211605
MET001,1,3,0,8,0.82121252642708331
MET001,1,3,0,9,0.95826652098592835
MET001,1,3,1,0,0.97097038915867395
MET001,1,3,1,1,0.98446194015875677
MET001,1,3,1,2,1.0436120827652271
MET001,1,3,1,3,1.1129367739374212
MET001,1,3,1,4,1.1313414791238336
MET001,1,3,1,5,0.96800221607992376
MET001,1,3,1,6,0.95667870786261155
MET001,1,3,1,7,1.0601074420969341
MET001,1,3,1,8,0.93026667678236841
MET001,1,3,1,9,1.0627618767661646
MET001,1,3,2,0,0.94063978824919758
MET001,1,3,2,1,1.0386199178316242
MET001,1,3,2,2,0.98951747538703738
MET001,1,3,2,3,0.97132918350823361
MET001,1,3,2,4,0.91571948143091197
MET001,1,3,2,5,1.0143396596703671
MET001,1,3,2,6,0.86111626394938279
MET001,1,3,2,7,0.87651964757645873
MET001,1,3,2,8,0.83170396979435524
MET001,1,3,2,9,0.901173267157934
MET001,1,3,3,0,0.85490053799651677
MET001,1,3,3,1,1.0687142252529502
MET001,1,3,3,2,0.85178420971378299
MET001,1,3,3,3,0.91014748518567801
MET001,1,3,3,4,0.78136062111563753
MET001,1,3,3,5,0.90245019266854676
MET001,1,3,3,6,0.66067069223725428
MET001,1,3,3,7,0.73980181510545129
MET001,1,3,3,8,0.97764969681187042
MET001,1,3,3,9,0.88585505081582494
MET001,1,3,4,0,0.94838941015398881
MET001,1,3,4,1,0.82044759406174028
MET001,1,3,4,2,1.0533270271841897
MET001,1,3,4,3,1.0984704015152758
MET001,1,3,4,4,1.136600874537105
MET001,1,3,4,5,0.84414991588968036
MET001,1,3,4,6,0.81710833997935273
MET001,1,3,4,7,0.77585390983495661
MET001,1,3,4,8,0.85198282034156014
MET001,1,3,4,9,0.82195049444742063
MET001,1,3,5,0,0.86317823971021601
MET001,1,3,5,1,1.1034516960121217
MET001,1,3,5,2,0.90839245452172523
MET001,1,3,5,3,1.690178214831253
MET001,1,3,5,4,0.85825395090825329
MET001,1,3,5,5,0.75875757519408549
MET001,1,3,5,6,0.77909366646000144
MET001,1,3,5,7,0.85869375722142816
MET001,1,3,5,8,0.86560101494624997
MET001,1,3,5,9,0.84521544075725963
MET001,1,3,6,0,1.0392575975053175
MET001,1,3,6,1,1.0060773737658939
MET001,1,3,6,2,0.97361133564636237
MET001,1,3,6,3,0.8541713307569424
MET001,1,3,6,4,0.71876977905166084
MET001,1,3,6,5,0.85821730002884256
MET001,1,3,6,6,0.78550473652474262
MET001,1,3,6,7,1.0083769178251092
MET001,1,3,6,8,0.91619169935031397
MET001,1,3,6,9,0.89205636386761711
MET001,1,3,7,0,0.89600845171169041
MET001,1,3,7,1,1.189593712156036
MET001,1,3,7,2,0.84910236201706846
MET001,1,3,7,3,0.74191724179692009
MET001,1,3,7,4,0.79548742525989191
MET001,1,3,7,5,0.97261920311331895
MET001,1,3,7,6,0.94587694671316058
MET001,1,3,7,7,0.81608705220093758
MET001,1,3,7,8,0.87478788256697815
MET001,1,3,7,9,0.77821805467697824
MET001,1,3,8,0,0.95070279006279723
MET001,1,3,8,1,0.98174853601698064
MET001,1,3,8,2,0.95364164257259465
MET001,1,3,8,3,0.79084089903297605
MET001,1,3,8,4,0.71861113750889671
MET001,1,3,8,5,0.93812279016640843
MET001,1,3,8,6,0.76096024197744216
MET001,1,3,8,7,0.91277858693308123
MET001,1,3,8,8,1.0673713810101075
MET001,1,3,8,9,0.86827854700173068
MET001,1,3,9,0,1.1140456025758865
MET001,1,3,9,1,1.0828193730018845
MET001,1,3,9,2,0.85078805547878977
MET001,1,3,9,3,0.82325671792310273
MET001,1,3,9,4,0.76559440924725453
MET001,1,3,9,5,1.0190179410893894
MET001,1,3,9,6,0.797349023929248
MET001,1,3,9,7,1.0019470653785931
MET001,1,3,9,8,0.95938884438750238
MET001,1,3,9,9,0.97968693714062116
MET001,1,4,0,0,1.3896970425169759
MET001,1,4,0,1,1.8825284022090945
MET001,1,4,0,2,2.09177784443294
MET001,1,4,0,3,1.887784470359636
MET001,1,4,0,4,1.7834433107992389
MET001,1,4,0,5,1.3993158068986384
MET001,1,4,0,6,1.482141162551847
MET001,1,4,0,7,1.5357979393429229
MET001,1,4,0,8,1.3564765069837577
MET001,1,4,0,9,0.92046755249835677
MET001,1,4,1,0,1.2996197634025202
MET001,1,4,1,1,2.1060599700484004
MET001,1,4,1,2,1.6729745912530711
MET001,1,4,1,3,1.7919526368981509
MET001,1,4,1,4,1.6439301639723145
MET001,1,4,1,5,1.5386786295516692
MET001,1,4,1,6,1.585324188411253
MET001,1,4,1,7,1.4697376036310921
MET001,1,4,1,8,1.1641232532013173
MET001,1,4,1,9,1.0760475976826984
MET001,1,4,2,0,1.9289165558079169
MET001,1,4,2,1,1.913272961002884
MET001,1,4,2,2,1.5639602080108004
MET001,1,4,2,3,1.3064733428468496
MET001,1,4,2,4,1.1874062736270912
MET001,1,4,2,5,1.3745677864978203
MET001,1,4,2,6,1.2206728200343131
MET001,1,4,2,7,1.5266843981541049
MET001,1,4,2,8,0.91282327098557403
MET001,1,4,2,9,0.91028278102722415
MET001,1,4,3,0,1.4477126120725652
MET001,1,4,3,1,1.5853005312108073
MET001,1,4,3,2,1.5116461040502291
MET001,1,4,3,3,1.5682217165887604
MET001,1,4,3,4,1.2828229428871805
MET001,1,4,3,5,1.0835137286562355
MET001,1,4,3,6,1.1670364521532639
MET001,1,4,3,7,0.92560410157327455
MET001,1,4,3,8,0.68685654044035893
MET001,1,4,3,9,0.98696502533227759
MET001,1,4,4,0,1.3892291701672976
MET001,1,4,4,1,1.46045947310583
MET001,1,4,4,2,1.1591113640791066
MET001,1,4,4,3,1.442815849740323
MET001,1,4,4,4,1.2253148443987429
MET001,1,4,4,5,0.85030045054300674
MET001,1,4,4,6,1.1563397006976219
MET001,1,4,4,7,0.78804116545837932
MET001,1,4,4,8,0.84102938320506204
MET001,1,4,4,9,0.88459512149266628
MET001,1,4,5,0,1.4838873565861621
MET001,1,4,5,1,1.6252193497183269
MET001,1,4,5,2,1.1229409035739395
MET001,1,4,5,3,1.0832472455374214
MET001,1,4,5,4,0.78563068066024067
MET001,1,4,5,5,1.4504989158751895
MET001,1,4,5,6,0.75627500368534162
MET001,1,4,5,7,0.89281637313113604
MET001,1,4,5,8,0.71873726165792828
MET001,1,4,5,9,0.73837873192295023
MET001,1,4,6,0,1.6581968786745396
MET001,1,4,6,1,1.5491338319129691
MET001,1,4,6,2,1.311993643877881
MET001,1,4,6,3,1.1240566611676654
MET001,1,4,6,4,1.5464140242740791
MET001,1,4,6,5,0.87314987023672364
MET001,1,4,6,6,0.83277267471544902
MET001,1,4,6,7,0.91014798330818925
MET001,1,4,6,8,0.86121921496945297
MET001,1,4,6,9,0.80862711862044845
MET001,1,4,7,0,1.6641650879289311
MET001,1,4,7,1,1.3918002545785919
MET001,1,4,7,2,0.91057524496830722
MET001,1,4,7,3,1.1451149674774492
MET001,1,4,7,4,0.87151247667987719
MET001,1,4,7,5,0.89277223633977876
MET001,1,4,7,6,0.94122382141490724
MET001,1,4,7,7,0.82591934664178468
MET001,1,4,7,8,0.78620641436892347
MET001,1,4,7,9,0.94426403686708582
MET001,1,4,8,0,1.582769168158455
MET001,1,4,8,1,1.190725684532397
MET001,1,4,8,2,1.2360155473199279
MET001,1,4,8,3,0.84873678714501521
MET001,1,4,8,4,0.77216034704796366
MET001,1,4,8,5,0.80312186790679052
MET001,1,4,8,6,0.83803778043393307
MET001,1,4,8,7,0.96154267559083484
MET001,1,4,8,8,0.91700654954271477
MET001,1,4,8,9,0.92405605414079839
MET001,1,4,9,0,1.2721970030708916
MET001,1,4,9,1,1.254035721944798
MET001,1,4,9,2,1.0210950050161582
MET001,1,4,9,3,0.90607639568338982
MET001,1,4,9,4,0.70403166495559388
MET001,1,4,9,5,1.1351628190049681
MET001,1,4,9,6,0.90810019646859441
MET001,1,4,9,7,1.1080054171462903
MET001,1,4,9,8,1.2205840489212101
MET001,1,4,9,9,0.89597180924322384
MET002,1,1,0,0,1.8106206514233569
MET002,1,1,0,1,1.6598019820276373
MET002,1,1,0,2,1.6532119636971063
MET002,1,1,0,3,1.6003183374334755
MET002,1,1,0,4,1.4389466170090046
MET002,1,1,0,5,1.5296873912604969
MET002,1,1,0,6,1.3929316556747049
MET002,1,1,0,7,1.4642013926122424
MET002,1,1,0,8,1.5265018583467325
MET002,1,1,0,9,1.2354206979115074
MET002,1,1,1,0,1.6782678857644164
MET002,1,1,1,1,1.8563073559045009
MET002,1,1,1,2,1.695973002086872
MET002,1,1,1,3,1.6409501616838815
MET002,1,1,1,4,1.5831962059411022
MET002,1,1,1,5,1.440244901502306
MET002,1,1,1,6,1.5548036819261588
MET002,1,1,1,7,1.3660533378600266
MET002,1,1,1,8,1.3782851606531348
MET002,1,1,1,9,1.7488886138651309
MET002,1,1,2,0,1.882440233584797
MET002,1,1,2,1,1.6319733110885906
MET002,1,1,2,2,1.6264974551524038
MET002,1,1,2,3,1.4333270314670117
MET002,1,1,2,4,1.4077416979827375
MET002,1,1,2,5,1.5864648987290486
MET002,1,1,2,6,1.4254984850158805
MET002,1,1,2,7,1.4006094079652629
MET002,1,1,2,8,1.5979117823143287
MET002,1,1,2,9,1.4306677795265454
MET002,1,1,3,0,1.866556126115384
MET002,1,1,3,1,1.7907083317293266
MET002,1,1,3,2,1.3864249617881914
MET002,1,1,3,3,1.3641686318075774
MET002,1,1,3,4,1.5498627152633777
MET002,1,1,3,5,1.1607264395583481
MET002,1,1,3,6,1.4547675667777309
MET002,1,1,3,7,1.2692225707662337
MET002,1,1,3,8,1.378578152809272
MET002,1,1,3,9,1.5571506024476949
MET002,1,1,4,0,1.7169086245551759
MET002,1,1,4,1,1.7119954987772938
MET002,1,1,4,2,1.6032739605428858
MET002,1,1,4,3,1.370001374068317
MET002,1,1,4,4,1.3794869143984274
MET002,1,1,4,5,1.1066010460224549
MET002,1,1,4,6,1.0924957409117415
MET002,1,1,4,7,1.202274870845039
MET002,1,1,4,8,1.2042367211735552
MET002,1,1,4,9,1.040814552300515
MET002,1,1,5,0,1.5190532314598739
MET002,1,1,5,1,1.5589867750854198
MET002,1,1,5,2,1.4409516629658132
MET002,1,1,5,3,1.3994184140917638
MET002,1,1,5,4,1.2865599556178264
MET002,1,1,5,5,1.0187892437122874
MET002,1,1,5,6,1.1557122580708168
MET002,1,1,5,7,1.2849541754716929
MET002,1,1,5,8,0.95023932354040763
MET002,1,1,5,9,1.3889235861831239
MET002,1,1,6,0,1.5788205101555353
MET002,1,1,6,1,1.2528488881281254
MET002,1,1,6,2,1.5985154644230868
MET002,1,1,6,3,1.0668198348106712
MET002,1,1,6,4,1.2683143798298322
MET002,1,1,6,5,1.2037124773249317
MET002,1,1,6,6,1.0937341306933015
MET002,1,1,6,7,1.1384087291704368
MET002,1,1,6,8,1.1146553397684349
MET002,1,1,6,9,1.0272817124545961
MET002,1,1,7,0,1.6123454789368197
MET002,1,1,7,1,1.288390574542845
MET002,1,1,7,2,1.3136608805986452
MET002,1,1,7,3,1.4385360414678212
MET002,1,1,7,4,1.2283518819810073
MET002,1,1,7,5,1.0312573875146389
MET002,1,1,7,6,1.2290180987378549
MET002,1,1,7,7,1.3382110335191877
MET002,1,1,7,8,1.280864584965159
MET002,1,1,7,9,1.239388496669577
MET002,1,1,8,0,1.5532288774572052
MET002,1,1,8,1,1.3386896869201108
MET002,1,1,8,2,1.3899723907601638
MET002,1,1,8,3,1.1808632816642373
MET002,1,1,8,4,1.508383644977644
MET002,1,1,8,5,0.89918731648874561
MET002,1,1,8,6,0.96884695751922678
MET002,1,1,8,7,1.1792836386079864
MET002,1,1,8,8,1.2975904221139889
MET002,1,1,8,9,1.4482942110687249
MET002,1,1,9,0,1.5002277643814492
MET002,1,1,9,1,1.447359515013158
MET002,1,1,9,2,1.2603666609917332
MET002,1,1,9,3,1.4895034088161414
MET002,1,1,9,4,1.1601527446444575
MET002,1,1,9,5,0.83643211546526719
MET002,1,1,9,6,1.2352934652840399
MET002,1,1,9,7,1.1235276165509185
MET002,1,1,9,8,1.2894581408556471
MET002,1,1,9,9,1.1261274864558857
MET002,1,2,0,0,1.895937816201742
MET002,1,2,0,1,1.6475498958440076
MET002,1,2,0,2,1.6418819799227944
MET002,1,2,0,3,1.5887789873720275
MET002,1,2,0,4,1.5092760016388076
MET002,1,2,0,5,1.4729894876624166
MET002,1,2,0,6,1.3802921885534951
MET002,1,2,0,7,1.5124527048852705
MET002,1,2,0,8,1.6579297601318239
MET002,1,2,0,9,1.4525770294056559
MET002,1,2,1,0,1.7090290756659068
MET002,1,2,1,1,1.943118523266228
MET002,1,2,1,2,1.6842806784118949
MET002,1,2,1,3,1.5679867854475249
MET002,1,2,1,4,1.5239038338195543
MET002,1,2,1,5,1.3158913101747409
MET002,1,2,1,6,1.6911244722698231
MET002,1,2,1,7,1.3793198225803822
MET002,1,2,1,8,1.2866266835895128
MET002,1,2,1,9,1.3264860271687338
MET002,1,2,2,0,1.8179136880617075
MET002,1,2,2,1,1.5245195449412867
MET002,1,2,2,2,1.699842908432792
MET002,1,2,2,3,1.4841396733716057
MET002,1,2,2,4,1.2112879094319988
MET002,1,2,2,5,0.80487831790981934
MET002,1,2,2,6,1.5370640828308022
MET002,1,2,2,7,1.2278504977251077
MET002,1,2,2,8,0.91919488821451645
MET002,1,2,2,9,1.6010381256869484
MET002,1,2,3,0,1.8815427735771351
MET002,1,2,3,1,1.8678833067925169
MET002,1,2,3,2,1.3360663586823918
MET002,1,2,3,3,1.4002086181759632
MET002,1,2,3,4,1.1626258642201726
MET002,1,2,3,5,1.2938007856232092
MET002,1,2,3,6,0.94900823403616441
MET002,1,2,3,7,0.69665487456884667
MET002,1,2,3,8,1.2341750723286169
MET002,1,2,3,9,1.4976446338830141
MET002,1,2,4,0,1.9054204098329248
MET002,1,2,4,1,1.773139231104369
MET002,1,2,4,2,1.6330307911988136
MET002,1,2,4,3,1.1681707548826872
MET002,1,2,4,4,1.055726551395116
MET002,1,2,4,5,1.2248274775587089
MET002,1,2,4,6,0.90760241318121859
MET002,1,2,4,7,1.0778322508407761
MET002,1,2,4,8,1.2872016469279957
MET002,1,2,4,9,1.0201638724463262
MET002,1,2,5,0,1.7346892420400464
MET002,1,2,5,1,1.6517585361721951
MET002,1,2,5,2,1.3173929985375188
MET002,1,2,5,3,1.4313939667278419
MET002,1,2,5,4,1.1645027914193855
MET002,1,2,5,5,1.1899997583112696
MET002,1,2,5,6,0.96599110968319479
MET002,1,2,5,7,1.1014493989490404
MET002,1,2,5,8,1.2780860097500453
MET002,1,2,5,9,1.3203358356651969
MET002,1,2,6,0,1.5602455963098456
MET002,1,2,6,1,1.3905088269363626
MET002,1,2,6,2,1.5038055938220629
MET002,1,2,6,3,1.100556230661681
MET002,1,2,6,4,1.2771595703003968
MET002,1,2,6,5,1.1706294601618237
MET002,1,2,6,6,0.91174780594348037
MET002,1,2,6,7,1.2524986636970066
MET002,1,2,6,8,1.3602658194541
MET002,1,2,6,9,1.476418869141034
MET002,1,2,7,0,1.6282634883896649
MET002,1,2,7,1,1.3976286401237348
MET002,1,2,7,2,1.1051433649157725
MET002,1,2,7,3,1.4425254287183549
MET002,1,2,7,4,1.4053662158864768
MET002,1,2,7,5,1.0136385137656063
MET002,1,2,7,6,1.1231878432885769
MET002,1,2,7,7,1.4402664157902478
MET002,1,2,7,8,1.4058716844080137
MET002,1,2,7,9,1.1700321722728722
MET002,1,2,8,0,1.3854081995095482
MET002,1,2,8,1,1.5003614312469209
MET002,1,2,8,2,1.4356173797932179
MET002,1,2,8,3,1.23777229015567
MET002,1,2,8,4,1.1535959887653509
MET002,1,2,8,5,0.85544427814896751
MET002,1,2,8,6,0.8498543637776792
MET002,1,2,8,7,1.1873953613341404
MET002,1,2,8,8,0.90696506682798617
MET002,1,2,8,9,1.2765557254239002
MET002,1,2,9,0,1.4114952506908358
MET002,1,2,9,1,1.4574870969058498
MET002,1,2,9,2,1.1628687200620378
MET002,1,2,9,3,1.3839988415695308
MET002,1,2,9,4,0.9275326585646384
MET002,1,2,9,5,1.1991335665835163
MET002,1,2,9,6,1.1424639283836688
MET002,1,2,9,7,1.1017920113202293
MET002,1,2,9,8,1.091564564785249
MET002,1,2,9,9,1.1311911585104468
MET002,1,3,0,0,1.8070155311365583
MET002,1,3,0,1,1.7666855795446816
MET002,1,3,0,2,1.8210103108748896
MET002,1,3,0,3,1.3929506897789456
MET002,1,3,0,4,0.90152473603611283
MET002,1,3,0,5,1.2693679084812677
MET002,1,3,0,6,1.1884512653781629
MET002,1,3,0,7,1.1083558360816588
MET002,1,3,0,8,1.4098879401875777
MET002,1,3,0,9,1.4291774362936909
MET002,1,3,1,0,1.7051338757648329
MET002,1,3,1,1,1.6816248047829037
MET002,1,3,1,2,1.5588943557617614
MET002,1,3,1,3,1.450585875480003
MET002,1,3,1,4,1.4032381783196823
MET002,1,3,1,5,1.1682265505199378
MET002,1,3,1,6,1.3958206117481959
MET002,1,3,1,7,1.04047924282645
MET002,1,3,1,8,0.98651033442393476
MET002,1,3,1,9,1.6536066970097949
MET002,1,3,2,0,1.7123830930352171
MET002,1,3,2,1,1.3718173134390124
MET002,1,3,2,2,1.3686049312656654
MET002,1,3,2,3,1.4345089513625469
MET002,1,3,2,4,1.3556476528956849
MET002,1,3,2,5,0.99304408382129761
MET002,1,3,2,6,1.2171775278990993
MET002,1,3,2,7,1.3774144218152804
MET002,1,3,2,8,1.0525533787045738
MET002,1,3,2,9,1.7160727957911268
MET002,1,3,3,0,1.8632879912901084
MET002,1,3,3,1,1.8670791970402512
MET002,1,3,3,2,1.791954001756042
MET002,1,3,3,3,1.1676131315980345
MET002,1,3,3,4,1.2191756842882406
MET002,1,3,3,5,1.260832113674474
MET002,1,3,3,6,0.92333041471639776
MET002,1,3,3,7,0.93072992183861558
MET002,1,3,3,8,1.6096581585628933
MET002,1,3,3,9,1.1118765514214797
MET002,1,3,4,0,1.9055339498593151
MET002,1,3,4,1,1.9051034310538253
MET002,1,3,4,2,1.5160829990629516
MET002,1,3,4,3,1.1430694787610851
MET002,1,3,4,4,1.1651833098082729
MET002,1,3,4,5,1.2563900582655001
MET002,1,3,4,6,0.87568411055424678
MET002,1,3,4,7,1.4326408559155956
MET002,1,3,4,8,1.3033767341734153
MET002,1,3,4,9,1.2043696899687797
MET002,1,3,5,0,1.6602981082818908
MET002,1,3,5,1,1.5362788071264728
MET002,1,3,5,2,1.3286406275043141
MET002,1,3,5,3,1.4336824375232782
MET002,1,3,5,4,1.1583961187763414
MET002,1,3,5,5,1.2336724724995165
MET002,1,3,5,6,1.0607825051040665
MET002,1,3,5,7,1.2252904806469014
MET002,1,3,5,8,1.2288926505051634
MET002,1,3,5,9,1.1412984883282749
MET002,1,3,6,0,1.1947945155496376
MET002,1,3,6,1,1.5070732802268749
MET002,1,3,6,2,1.1112718140119875
MET002,1,3,6,3,1.2241605940292284
MET002,1,3,6,4,1.1709980098309789
MET002,1,3,6,5,0.74395812336646305
MET002,1,3,6,6,1.1059948125362578
MET002,1,3,6,7,1.0042679054138706
MET002,1,3,6,8,1.003287063916652
MET002,1,3,6,9,1.3390641309855742
MET002,1,3,7,0,1.7080370096478388
MET002,1,3,7,1,0.71352776697965836
MET002,1,3,7,2,1.5313481166473153
MET002,1,3,7,3,0.96865104146838044
MET002,1,3,7,4,0.929063759393712
MET002,1,3,7,5,1.0486685845790702
MET002,1,3,7,6,1.1822813310454316
MET002,1,3,7,7,0.96140896709428181
MET002,1,3,7,8,1.3063498587009446
MET002,1,3,7,9,1.28248619232348
MET002,1,3,8,0,1.2780269742579828
MET002,1,3,8,1,1.6609601591872616
MET002,1,3,8,2,1.4098303319633509
MET002,1,3,8,3,0.94970283382917475
MET002,1,3,8,4,1.238560845794455
MET002,1,3,8,5,0.94617128605135081
MET002,1,3,8,6,1.1318371125570861
MET002,1,3,8,7,1.199475513121536
MET002,1,3,8,8,1.0245570786384228
MET002,1,3,8,9,1.3056888856502586
MET002,1,3,9,0,1.6378075506992376
MET002,1,3,9,1,1.1012643394792008
MET002,1,3,9,2,0.952629953019274
MET002,1,3,9,3,1.2341155099917778
MET002,1,3,9,4,1.1908426181948288
MET002,1,3,9,5,1.1776817400301149
MET002,1,3,9,6,0.82163290655913335
MET002,1,3,9,7,0.9880918847975404
MET002,1,3,9,8,1.2948654154822099
MET002,1,3,9,9,1.0969499651340009
MET002,1,4,0,0,1.9082157250267184
MET002,1,4,0,1,1.9144662794050529
MET002,1,4,0,2,1.8074672425043228
MET002,1,4,0,3,1.53360780808326
MET002,1,4,0,4,1.3631419655340362
MET002,1,4,0,5,1.4135967060722132
MET002,1,4,0,6,1.2533455538299492
MET002,1,4,0,7,1.5676149256703329
MET002,1,4,0,8,1.6553713946949009
MET002,1,4,0,9,1.188244500064829
MET002,1,4,1,0,1.8896167615208173
MET002,1,4,1,1,1.8363242818422389
MET002,1,4,1,2,1.6654082482316868
MET002,1,4,1,3,1.340384936523531
MET002,1,4,1,4,1.5715289028623716
MET002,1,4,1,5,0.99205130229331118
MET002,1,4,1,6,0.6730443883062629
MET002,1,4,1,7,1.6525351595103477
MET002,1,4,1,8,1.2467151636555529
MET002,1,4,1,9,1.5344649202300706
MET002,1,4,2,0,1.705797005987052
MET002,1,4,2,1,1.6902599879111335
MET002,1,4,2,2,1.0459775300237824
MET002,1,4,2,3,1.0951039514859224
MET002,1,4,2,4,1.1989630708461674
MET002,1,4,2,5,0.91799495913852036
MET002,1,4,2,6,1.5363172588071845
MET002,1,4,2,7,1.4640673872429295
MET002,1,4,2,8,1.2722654482083238
MET002,1,4,2,9,1.4896592108672937
MET002,1,4,3,0,1.6811488137454706
MET002,1,4,3,1,1.7938945066437817
MET002,1,4,3,2,1.2232050856858681
MET002,1,4,3,3,1.147367645693576
MET002,1,4,3,4,1.0394814579684524
MET002,1,4,3,5,1.1439951244340041
MET002,1,4,3,6,1.0091813838646098
MET002,1,4,3,7,0.86412603961927692
MET002,1,4,3,8,1.4127679798857238
MET002,1,4,3,9,1.2879726244590259
MET002,1,4,4,0,1.7608435760109156
MET002,1,4,4,1,1.4280144881117465
MET002,1,4,4,2,1.3658788649729301
MET002,1,4,4,3,1.2995157505934525
MET002,1,4,4,4,1.2363386481316612
MET002,1,4,4,5,1.050821247196386
MET002,1,4,4,6,1.0867394410721889
MET002,1,4,4,7,1.1047318739543563
MET002,1,4,4,8,1.4134585072541288
MET002,1,4,4,9,1.2996495550522125
MET002,1,4,5,0,1.6535801986404972
MET002,1,4,5,1,1.5119275264594485
MET002,1,4,5,2,1.5022492331052355
MET002,1,4,5,3,1.3475249364984443
MET002,1,4,5,4,0.96617575909396802
MET002,1,4,5,5,0.82481634124189973
MET002,1,4,5,6,1.0032328774163448
MET002,1,4,5,7,1.2542227141983422
MET002,1,4,5,8,1.1952134957143783
MET002,1,4,5,9,1.4885231452742615
MET002,1,4,6,0,1.557116573560928
MET002,1,4,6,1,0.97482415274708822
MET002,1,4,6,2,1.665832579892232
MET002,1,4,6,3,1.0769069540438692
MET002,1,4,6,4,1.3776551246417661
MET002,1,4,6,5,1.1093220410393074
MET002,1,4,6,6,0.90763784880395881
MET002,1,4,6,7,1.1420404376580713
MET002,1,4,6,8,1.3648293820581654
MET002,1,4,6,9,1.1644014267695186
MET002,1,4,7,0,1.2752828205370752
MET002,1,4,7,1,1.6698581849769798
MET002,1,4,7,2,0.97934342708326461
MET002,1,4,7,3,1.5626900327522959
MET002,1,4,7,4,1.2222872123453608
MET002,1,4,7,5,1.3072946462870809
MET002,1,4,7,6,1.0404147541855016
MET002,1,4,7,7,1.1081380144181956
MET002,1,4,7,8,1.1159717825115272
MET002,1,4,7,9,0.91103371922034759
MET002,1,4,8,0,1.4659021072011005
MET002,1,4,8,1,1.0001204857620911
MET002,1,4,8,2,1.212326244655008
MET002,1,4,8,3,1.2195829295280132
MET002,1,4,8,4,1.3806727144014217
MET002,1,4,8,5,0.91527276668011159
MET002,1,4,8,6,0.96787201040552084
MET002,1,4,8,7,1.0526187681460164
MET002,1,4,8,8,1.1525664543358964
MET002,1,4,8,9,1.4619495454608191
MET002,1,4,9,0,1.3043922430480306
MET002,1,4,9,1,1.4489001853547421
MET002,1,4,9,2,1.1133266971850879
MET002,1,4,9,3,1.3954978731190213
MET002,1,4,9,4,1.0658691284139157
MET002,1,4,9,5,1.3465340311485725
MET002,1,4,9,6,1.1571750984685572
MET002,1,4,9,7,1.0032301352005952
MET002,1,4,9,8,1.3500685970641115
MET002,1,4,9,9,1.4232635523676294
MET002,2,1,0,0,1.682646289833049
MET002,2,1,0,1,1.8847677710317683
MET002,2,1,0,2,1.5380330610270052
MET002,2,1,0,3,1.5872318725381065
MET002,2,1,0,4,1.3715986585673712
MET002,2,1,0,5,1.3451988600614746
MET002,2,1,0,6,1.0578051169215674
MET002,2,1,0,7,1.1920510914984761
MET002,2,1,0,8,1.0923369529248153
MET002,2,1,0,9,1.7131461552396221
MET002,2,1,1,0,1.5284967618830752
MET002,2,1,1,1,1.7788784311406889
MET002,2,1,1,2,1.5094369404144734
MET002,2,1,1,3,0.8450044954516811
MET002,2,1,1,4,1.4415715207942741
MET002,2,1,1,5,1.5043877648807142
MET002,2,1,1,6,0.84751228077014318
MET002,2,1,1,7,0.89985195248357153
MET002,2,1,1,8,1.6095777379048872
MET002,2,1,1,9,1.7420569467436824
MET002,2,1,2,0,1.3581349218557892
MET002,2,1,2,1,1.4673445445022331
MET002,2,1,2,2,1.5284191111727019
MET002,2,1,2,3,1.5312712281330589
MET002,2,1,2,4,1.4901276578222649
MET002,2,1,2,5,1.2453573638627671
MET002,2,1,2,6,1.3193532823525724
MET002,2,1,2,7,1.75218320367586
MET002,2,1,2,8,1.5349406845222204
MET002,2,1,2,9,1.1763724616889739
MET002,2,1,3,0,1.3703037550460455
MET002,2,1,3,1,1.589880281241653
MET002,2,1,3,2,1.2095079936332678
MET002,2,1,3,3,1.1888834987997889
MET002,2,1,3,4,1.2496929891220323
MET002,2,1,3,5,1.1663869726255631
MET002,2,1,3,6,1.2245865238498923
MET002,2,1,3,7,1.2859613468345763
MET002,2,1,3,8,1.0714108538284499
MET002,2,1,3,9,1.0264298671823229
MET002,2,1,4,0,1.7231864827417445
MET002,2,1,4,1,1.4728371763785859
MET002,2,1,4,2,1.3693758354640011
MET002,2,1,4,3,1.1021384982062523
MET002,2,1,4,4,1.2406143510058727
MET002,2,1,4,5,0.82196023806426854
MET002,2,1,4,6,0.97456492563211916
MET002,2,1,4,7,1.0216207140541254
MET002,2,1,4,8,1.1436041602033853
MET002,2,1,4,9,0.93266311209891062
MET002,2,1,5,0,1.7129407241522936
MET002,2,1,5,1,1.3288599104600414
MET002,2,1,5,2,1.4345839078012883
MET002,2,1,5,3,1.2984046638821081
MET002,2,1,5,4,0.77088445578232379
MET002,2,1,5,5,1.0532537504234318
MET002,2,1,5,6,1.2479341402797637
MET002,2,1,5,7,1.1557759380279746
MET002,2,1,5,8,1.1195605503210431
MET002,2,1,5,9,1.2710179565415771
MET002,2,1,6,0,0.76981128719977143
MET002,2,1,6,1,1.5067041101473131
MET002,2,1,6,2,1.2360191345314353
MET002,2,1,6,3,0.81877047000754177
MET002,2,1,6,4,1.2901077021454292
MET002,2,1,6,5,1.1730244957690801
MET002,2,1,6,6,1.308014194687366
MET002,2,1,6,7,1.1970985446169728
MET002,2,1,6,8,0.98665488069824037
MET002,2,1,6,9,1.54855165774731
MET002,2,1,7,0,1.71548187269533
MET002,2,1,7,1,1.202895014226818
MET002,2,1,7,2,1.1793411962129965
MET002,2,1,7,3,1.4470276997800806
MET002,2,1,7,4,0.95270746607929679
MET002,2,1,7,5,1.1898720052202445
MET002,2,1,7,6,1.1141745650682804
MET002,2,1,7,7,0.86604624302119526
MET002,2,1,7,8,1.5341953165659707
MET002,2,1,7,9,1.3220465638586749
MET002,2,1,8,0,1.3688300075948232
MET002,2,1,8,1,1.1327312068933388
MET002,2,1,8,2,1.6701690634255959
MET002,2,1,8,3,1.0188375374070355
MET002,2,1,8,4,1.3255842556132669
MET002,2,1,8,5,0.92714241976948475
MET002,2,1,8,6,0.85986554819160632
MET002,2,1,8,7,1.367595290168317
MET002,2,1,8,8,1.201988361599851
MET002,2,1,8,9,1.2083971500787094
MET002,2,1,9,0,1.1537162679793711
MET002,2,1,9,1,1.614343891347378
MET002,2,1,9,2,1.4589273655240902
MET002,2,1,9,3,1.3553180066705075
MET002,2,1,9,4,1.1591898639845373
MET002,2,1,9,5,1.1428049109220932
MET002,2,1,9,6,1.0523436700170472
MET002,2,1,9,7,0.98595182589913999
MET002,2,1,9,8,0.85355512393555688
MET002,2,1,9,9,1.1772615435818738
MET002,2,2,0,0,1.8662675985955213
MET002,2,2,0,1,1.7723495341719424
MET002,2,2,0,2,1.6206095119139139
MET002,2,2,0,3,1.5499378199999634
MET002,2,2,0,4,1.3499727207703776
MET002,2,2,0,5,1.4334813275134215
MET002,2,2,0,6,1.3354382767394588
MET002,2,2,0,7,1.3282466667438226
MET002,2,2,0,8,1.4304144475188081
MET002,2,2,0,9,1.3000549256226912
MET002,2,2,1,0,1.6818899356551511
MET002,2,2,1,1,1.4782517168595002
MET002,2,2,1,2,1.4584351678556693
MET002,2,2,1,3,1.6769496141807849
MET002,2,2,1,4,1.6382862883515197
MET002,2,2,1,5,1.3321750974239339
MET002,2,2,1,6,1.2012609693455556
MET002,2,2,1,7,1.5211714504610609
MET002,2,2,1,8,1.4410057068340896
MET002,2,2,1,9,1.7804371892593696
MET002,2,2,2,0,1.7810153164741691
MET002,2,2,2,1,1.1660179249932685
MET002,2,2,2,2,1.3948788042051796
MET002,2,2,2,3,1.2353667856359605
MET002,2,2,2,4,1.3023498637725497
MET002,2,2,2,5,1.134884811494167
MET002,2,2,2,6,0.99038665571932638
MET002,2,2,2,7,1.162915951626172
MET002,2,2,2,8,1.0283329327871249
MET002,2,2,2,9,1.3371974789753058
MET002,2,2,3,0,1.7351890820517013
MET002,2,2,3,1,1.5438495683340627
MET002,2,2,3,2,1.200121332567456
MET002,2,2,3,3,0.96336599113052002
MET002,2,2,3,4,1.2075994473140088
MET002,2,2,3,5,0.98411565831977643
MET002,2,2,3,6,0.90935125531373595
MET002,2,2,3,7,1.0928778552384413
MET002,2,2,3,8,1.0516750961918786
MET002,2,2,3,9,1.4015476182028708
MET002,2,2,4,0,1.3753048930250249
MET002,2,2,4,1,1.5925419584110916
MET002,2,2,4,2,1.4681917346002502
MET002,2,2,4,3,1.5511924839041078
MET002,2,2,4,4,1.0840409026353914
MET002,2,2,4,5,1.0903391580313484
MET002,2,2,4,6,0.92338379365348278
MET002,2,2,4,7,0.80347204756852952
MET002,2,2,4,8,1.1539954644350729
MET002,2,2,4,9,1.1152708041712711
MET002,2,2,5,0,1.3182334093624952
MET002,2,2,5,1,1.6523268415615533
MET002,2,2,5,2,1.3118239990921796
MET002,2,2,5,3,1.2797093759175346
MET002,2,2,5,4,1.2349415088413067
MET002,2,2,5,5,0.93334199731644663
MET002,2,2,5,6,1.0411243343529444
MET002,2,2,5,7,0.94329870129525084
MET002,2,2,5,8,1.1340184853729989
MET002,2,2,5,9,1.0026832148655831
MET002,2,2,6,0,1.4365581180690636
MET002,2,2,6,1,1.1686661319400491
MET002,2,2,6,2,1.6172639785944021
MET002,2,2,6,3,0.90252763676138881
MET002,2,2,6,4,1.3777903235451456
MET002,2,2,6,5,0.95943485739223722
MET002,2,2,6,6,1.1756784268271545
MET002,2,2,6,7,1.3063230997383397
MET002,2,2,6,8,0.96656530873449842
MET002,2,2,6,9,1.1308551316475359
MET002,2,2,7,0,1.5729785929593842
MET002,2,2,7,1,1.5570205457829371
MET002,2,2,7,2,1.216868303123456
MET002,2,2,7,3,1.4756787337081665
MET002,2,2,7,4,0.88319803003836261
MET002,2,2,7,5,0.92303724833790035
MET002,2,2,7,6,0.78295510499020482
MET002,2,2,7,7,1.2823706320686208
MET002,2,2,7,8,0.97970903578944957
MET002,2,2,7,9,0.95735114445921721
MET002,2,2,8,0,1.5549568062563459
MET002,2,2,8,1,1.2468760846968481
MET002,2,2,8,2,1.2658725785288614
MET002,2,2,8,3,1.0720550771357946
MET002,2,2,8,4,0.99221708778568318
MET002,2,2,8,5,0.91345741729045438
MET002,2,2,8,6,1.0335934686890269
MET002,2,2,8,7,1.2118581483277353
MET002,2,2,8,8,0.99818409086731619
MET002,2,2,8,9,1.0857879770471
MET002,2,2,9,0,1.2245605782946622
MET002,2,2,9,1,1.3469917283611093
MET002,2,2,9,2,1.119030195844497
MET002,2,2,9,3,1.4023206206512364
MET002,2,2,9,4,1.2234840133393443
MET002,2,2,9,5,1.1391713172260127
MET002,2,2,9,6,1.0388879586783422
MET002,2,2,9,7,1.4113736456624233
MET002,2,2,9,8,0.93048017474171463
MET002,2,2,9,9,0.9750421231705656
MET002,2,3,0,0,1.7954118414958706
MET002,2,3,0,1,1.7837718554876478
MET002,2,3,0,2,1.7030552512347179
MET002,2,3,0,3,1.5212919217233545
MET002,2,3,0,4,1.4173125567069249
MET002,2,3,0,5,1.3632473419678459
MET002,2,3,0,6,1.3733187727053275
MET002,2,3,0,7,1.3723988574348791
MET002,2,3,0,8,1.1391934114949045
MET002,2,3,0,9,1.5589462358749049
MET002,2,3,1,0,1.802300372574317
MET002,2,3,1,1,1.6986170263001674
MET002,2,3,1,2,1.5110485956751689
MET002,2,3,1,3,1.5737124210979552
MET002,2,3,1,4,1.2853484614085469
MET002,2,3,1,5,1.4784381465294094
MET002,2,3,1,6,1.4547487996663155
MET002,2,3,1,7,1.1908840668394709
MET002,2,3,1,8,0.98666221641413321
MET002,2,3,1,9,1.7572833135784582
MET002,2,3,2,0,1.3389651733211247
MET002,2,3,2,1,1.6265044945820579
MET002,2,3,2,2,1.2041995968339332
MET002,2,3,2,3,1.3656737455634993
MET002,2,3,2,4,1.2851524295277119
MET002,2,3,2,5,1.3565738446229949
MET002,2,3,2,6,1.2309492431129549
MET002,2,3,2,7,0.80855650793268774
MET002,2,3,2,8,1.2461183250618173
MET002,2,3,2,9,1.501189269625695
MET002,2,3,3,0,1.5357195849031244
MET002,2,3,3,1,1.0899290353340061
MET002,2,3,3,2,1.0401296201274053
MET002,2,3,3,3,0.84668290271810065
MET002,2,3,3,4,1.1277111031702325
MET002,2,3,3,5,0.91056030922284359
MET002,2,3,3,6,0.95105482740055158
MET002,2,3,3,7,1.259780240497707
MET002,2,3,3,8,0.99833513576329103
MET002,2,3,3,9,1.3627899740411134
MET002,2,3,4,0,1.7255013110744717
MET002,2,3,4,1,1.5436082173345684
MET002,2,3,4,2,1.4404914619558933
MET002,2,3,4,3,1.3168004565178608
MET002,2,3,4,4,1.0136059630586942
MET002,2,3,4,5,0.991721576239876
MET002,2,3,4,6,1.116091190773278
MET002,2,3,4,7,0.90403016088322763
MET002,2,3,4,8,1.2067777813151053
MET002,2,3,4,9,1.2518660371777719
MET002,2,3,5,0,1.6592547197566516
MET002,2,3,5,1,1.5478852311172091
MET002,2,3,5,2,1.1713771386672742
MET002,2,3,5,3,1.2550841107374668
MET002,2,3,5,4,1.2595429824515201
MET002,2,3,5,5,0.90606631937956839
MET002,2,3,5,6,1.1005619359186494
MET002,2,3,5,7,1.0952075129596448
MET002,2,3,5,8,1.0353728542005558
MET002,2,3,5,9,1.2083779732699207
MET002,2,3,6,0,1.2945077614697822
MET002,2,3,6,1,1.3596593879635588
MET002,2,3,6,2,1.2402914032019283
MET002,2,3,6,3,0.994265826785381
MET002,2,3,6,4,1.1217532362566665
MET002,2,3,6,5,1.1851178520788153
MET002,2,3,6,6,0.95523101185755044
MET002,2,3,6,7,0.86053710990493626
MET002,2,3,6,8,1.3044205878915565
MET002,2,3,6,9,0.85481573700721625
MET002,2,3,7,0,1.1370131847442997
MET002,2,3,7,1,1.0853547459109247
MET002,2,3,7,2,1.2317064097556201
MET002,2,3,7,3,1.3295057128784349
MET002,2,3,7,4,1.1171544530171351
MET002,2,3,7,5,1.2019027581472932
MET002,2,3,7,6,1.1527663108550683
MET002,2,3,7,7,1.0637047906592954
MET002,2,3,7,8,1.1391593246892739
MET002,2,3,7,9,1.1607892666800823
MET002,2,3,8,0,1.3428716071619389
MET002,2,3,8,1,1.1983925177809918
MET002,2,3,8,2,1.4144485495710639
MET002,2,3,8,3,1.1647957766145709
MET002,2,3,8,4,1.0418432063875149
MET002,2,3,8,5,1.0874004213351649
MET002,2,3,8,6,0.80976505807115673
MET002,2,3,8,7,1.1476777206109954
MET002,2,3,8,8,1.0744658414196966
MET002,2,3,8,9,1.3908075742980994
MET002,2,3,9,0,1.19908569293698
MET002,2,3,9,1,1.1906450091012839
MET002,2,3,9,2,1.3513520813245026
MET002,2,3,9,3,1.4251010695196855
MET002,2,3,9,4,0.9489656089696602
MET002,2,3,9,5,1.0591747578580504
MET002,2,3,9,6,0.98154666716639805
MET002,2,3,9,7,0.76066322417270671
MET002,2,3,9,8,1.3182106097654092
MET002,2,3,9,9,0.77989943957514063
MET002,2,4,0,0,1.7431083906219245
MET002,2,4,0,1,1.589650769661993
MET002,2,4,0,2,1.7258120496462803
MET002,2,4,0,3,1.3756839691112259
MET002,2,4,0,4,1.4961623988472881
MET002,2,4,0,5,1.5293579729759057
MET002,2,4,0,6,1.3296675261434672
MET002,2,4,0,7,1.1403026732160275
MET002,2,4,0,8,1.0412414474630944
MET002,2,4,0,9,1.1504024816404861
MET002,2,4,1,0,1.7256949258315262
MET002,2,4,1,1,1.7635788678366864
MET002,2,4,1,2,1.5172542163061189
MET002,2,4,1,3,1.310765703193536
MET002,2,4,1,4,1.1432716038154014
MET002,2,4,1,5,1.3326739758626676
MET002,2,4,1,6,1.572001593563771
MET002,2,4,1,7,1.0303722274217091
MET002,2,4,1,8,1.4013516212750661
MET002,2,4,1,9,1.6204860530905436
MET002,2,4,2,0,1.5040230651822075
MET002,2,4,2,1,1.3363101661366441
MET002,2,4,2,2,1.3721353022983522
MET002,2,4,2,3,1.2536567022807037
MET002,2,4,2,4,1.2612055057456562
MET002,2,4,2,5,1.3525581763877754
MET002,2,4,2,6,1.4845837949084768
MET002,2,4,2,7,1.3923658983681002
MET002,2,4,2,8,1.641275490486289
MET002,2,4,2,9,1.3516743987821302
MET002,2,4,3,0,1.6417483009134044
MET002,2,4,3,1,1.3239766495145169
MET002,2,4,3,2,1.0921832521370352
MET002,2,4,3,3,1.0815906995169902
MET002,2,4,3,4,1.1685465240846795
MET002,2,4,3,5,0.94484886121246359
MET002,2,4,3,6,0.81257755994981073
MET002,2,4,3,7,1.4543569311555418
MET002,2,4,3,8,1.3497741794902511
MET002,2,4,3,9,0.89429262534996135
MET002,2,4,4,0,1.748987487477067
MET002,2,4,4,1,1.594478189617242
MET002,2,4,4,2,1.4391606623813959
MET002,2,4,4,3,1.1456984992739281
MET002,2,4,4,4,1.2825406058128797
MET002,2,4,4,5,1.1259237492213661
MET002,2,4,4,6,0.81102688089649055
MET002,2,4,4,7,1.1033998526982578
MET002,2,4,4,8,1.0178905408272307
MET002,2,4,4,9,0.98027120106491217
MET002,2,4,5,0,1.7013196184920274
MET002,2,4,5,1,1.5966455788704508
MET002,2,4,5,2,0.81607456362455211
MET002,2,4,5,3,1.2518409698529025
MET002,2,4,5,4,1.1550364934410935
MET002,2,4,5,5,1.2725404249848205
MET002,2,4,5,6,1.1820482653594606
MET002,2,4,5,7,1.032994611155857
MET002,2,4,5,8,1.2450612882718657
MET002,2,4,5,9,1.0313961418657154
MET002,2,4,6,0,1.5861187721284449
MET002,2,4,6,1,1.213597782850371
MET002,2,4,6,2,1.545125823149532
MET002,2,4,6,3,1.1179947718330308
MET002,2,4,6,4,0.87434667388599019
MET002,2,4,6,5,1.4233602449024871
MET002,2,4,6,6,1.4156451171636819
MET002,2,4,6,7,1.2739006518752796
MET002,2,4,6,8,1.1201739934814243
MET002,2,4,6,9,0.91813044127387045
MET002,2,4,7,0,1.4600598913016944
MET002,2,4,7,1,1.368842149040725
MET002,2,4,7,2,1.0575133094081759
MET002,2,4,7,3,1.2225010556207876
MET002,2,4,7,4,1.2103562433572572
MET002,2,4,7,5,1.104917105821648
MET002,2,4,7,6,1.4468846797404169
MET002,2,4,7,7,1.4619375867491151
MET002,2,4,7,8,1.2056730804615725
MET002,2,4,7,9,1.4461792991516711
MET002,2,4,8,0,0.9449285498482024
MET002,2,4,8,1,1.5754131542401018
MET002,2,4,8,2,1.6489555290698179
MET002,2,4,8,3,1.3842396986543712
MET002,2,4,8,4,0.92024057216167743
MET002,2,4,8,5,1.1379704729218132
MET002,2,4,8,6,1.1349856409741037
MET002,2,4,8,7,0.83050684999395874
MET002,2,4,8,8,1.5420332703526969
MET002,2,4,8,9,1.3942701840760676
MET002,2,4,9,0,1.5375028262361845
MET002,2,4,9,1,1.2032900128376498
MET002,2,4,9,2,1.168103370543496
MET002,2,4,9,3,0.95111168401195079
MET002,2,4,9,4,1.0496709478899031
MET002,2,4,9,5,1.3159171913158798
MET002,2,4,9,6,1.1270510948771004
MET002,2,4,9,7,1.1908714514230394
MET002,2,4,9,8,1.6247502785659227
MET002,2,4,9,9,1.3119955533047591
MET003,1,1,0,0,1.7543480469102173
MET003,1,1,0,1,1.6342431468207179
MET003,1,1,0,2,1.4628888872966053
MET003,1,1,0,3,1.5285941595859924
MET003,1,1,0,4,1.7106886646941413
MET003,1,1,0,5,1.7680032532898242
MET003,1,1,0,6,1.6365208528631681
MET003,1,1,0,7,1.6054191061936636
MET003,1,1,0,8,1.4905116501706981
MET003,1,1,0,9,1.5853840276399565
MET003,1,1,1,0,1.4137056416064
MET003,1,1,1,1,1.533467186989049
MET003,1,1,1,2,1.3668060218128202
MET003,1,1,1,3,1.5334087270131809
MET003,1,1,1,4,1.4128227040826806
MET003,1,1,1,5,1.5132558126490443
MET003,1,1,1,6,1.4520617723687439
MET003,1,1,1,7,1.706695438265398
MET003,1,1,1,8,1.3978604307849083
MET003,1,1,1,9,1.6666362567393569
MET003,1,1,2,0,1.6558438602364811
MET003,1,1,2,1,1.4920897381567224
MET003,1,1,2,2,1.3720511615640616
MET003,1,1,2,3,1.3735159786926749
MET003,1,1,2,4,0.96864629510355482
MET003,1,1,2,5,1.1086571245824834
MET003,1,1,2,6,1.4384100859311508
MET003,1,1,2,7,1.3179609608967724
MET003,1,1,2,8,1.3782429280448438
MET003,1,1,2,9,1.477909354929094
MET003,1,1,3,0,1.6999651706486154
MET003,1,1,3,1,1.811928543234484
MET003,1,1,3,2,1.4686732618694731
MET003,1,1,3,3,1.4606027811478286
MET003,1,1,3,4,1.1778482435912183
MET003,1,1,3,5,0.97251693717768384
MET003,1,1,3,6,0.99304928140280357
MET003,1,1,3,7,0.91110341074935364
MET003,1,1,3,8,1.4386398232625579
MET003,1,1,3,9,1.1150653960319796
MET003,1,1,4,0,1.8704105696283453
MET003,1,1,4,1,1.7341440607365148
MET003,1,1,4,2,1.7112459421913375
MET003,1,1,4,3,1.4138427278971897
MET003,1,1,4,4,1.2115412399399044
MET003,1,1,4,5,1.0339397759054467
MET003,1,1,4,6,1.2374583567652049
MET003,1,1,4,7,0.98185770002601003
MET003,1,1,4,8,0.94078954918274482
MET003,1,1,4,9,1.1454351013626332
MET003,1,1,5,0,1.5918636112561753
MET003,1,1,5,1,1.8162799043763569
MET003,1,1,5,2,1.4165725136753125
MET003,1,1,5,3,1.6742483029538784
MET003,1,1,5,4,1.2455014319767079
MET003,1,1,5,5,1.1502721923748611
MET003,1,1,5,6,1.1115045584009111
MET003,1,1,5,7,1.0849380873752708
MET003,1,1,5,8,1.0925555013677106
MET003,1,1,5,9,1.1349784861027461
MET003,1,1,6,0,1.635699737641092
MET003,1,1,6,1,1.6117541472925023
MET003,1,1,6,2,1.6220730843722313
MET003,1,1,6,3,1.2763359520071631
MET003,1,1,6,4,1.3098106884311409
MET003,1,1,6,5,1.3142737642788296
MET003,1,1,6,6,0.99870380393225378
MET003,1,1,6,7,1.1436962344711541
MET003,1,1,6,8,1.3224845395365548
MET003,1,1,6,9,1.186558911988461
MET003,1,1,7,0,1.501864150836961
MET003,1,1,7,1,1.5680998270886579
MET003,1,1,7,2,1.2236106393505817
MET003,1,1,7,3,1.5112699341431599
MET003,1,1,7,4,1.4774864129320799
MET003,1,1,7,5,1.3166622458751025
MET003,1,1,7,6,1.2802440915767883
MET003,1,1,7,7,1.0677695411385466
MET003,1,1,7,8,1.0150719448959942
MET003,1,1,7,9,1.152309169566142
MET003,1,1,8,0,1.4283937050990003
MET003,1,1,8,1,1.4683930869903226
MET003,1,1,8,2,1.6890881908523832
MET003,1,1,8,3,1.1186023882240257
MET003,1,1,8,4,1.3328459060658802
MET003,1,1,8,5,1.4368512633747026
MET003,1,1,8,6,1.1252397592567054
MET003,1,1,8,7,1.1185965270226343
MET003,1,1,8,8,1.1064989926585804
MET003,1,1,8,9,1.1849106044123889
MET003,1,1,9,0,1.3731751412294166
MET003,1,1,9,1,1.4382142674960032
MET003,1,1,9,2,1.288708124527824
MET003,1,1,9,3,1.3307833470326595
MET003,1,1,9,4,1.394741639815837
MET003,1,1,9,5,1.2615126774443783
MET003,1,1,9,6,1.0719367715249244
MET003,1,1,9,7,1.0795711096507126
MET003,1,1,9,8,1.192207223904642
MET003,1,1,9,9,1.0121963625049568
MET003,1,2,0,0,1.6760273745485914
MET003,1,2,0,1,1.3543418254321331
MET003,1,2,0,2,1.4903329339454536
MET003,1,2,0,3,1.5955498257418026
MET003,1,2,0,4,1.6039425512590784
MET003,1,2,0,5,1.3066222136179122
MET003,1,2,0,6,1.4836482507861459
MET003,1,2,0,7,1.3721797187485965
MET003,1,2,0,8,1.4345020158403885
MET003,1,2,0,9,1.4546984130465781
MET003,1,2,1,0,1.5061050105814591
MET003,1,2,1,1,1.6352063790033291
MET003,1,2,1,2,1.245497324554266
MET003,1,2,1,3,1.2606813307382081
MET003,1,2,1,4,1.3251051577003756
MET003,1,2,1,5,1.3878268508326592
MET003,1,2,1,6,1.3638886446499101
MET003,1,2,1,7,1.4289402933950572
MET003,1,2,1,8,1.478815612548535
MET003,1,2,1,9,1.4826747951520998
MET003,1,2,2,0,1.5370862612094542
MET003,1,2,2,1,1.4270067806626141
MET003,1,2,2,2,1.2896092313540757
MET003,1,2,2,3,1.2648109777441761
MET003,1,2,2,4,1.0544450512031145
MET003,1,2,2,5,1.1719729960603491
MET003,1,2,2,6,1.2267073252200154
MET003,1,2,2,7,1.1834639526501869
MET003,1,2,2,8,1.3897403464188034
MET003,1,2,2,9,1.5071897475721978
MET003,1,2,3,0,1.5896915163059822
MET003,1,2,3,1,1.6489683215785145
MET003,1,2,3,2,1.4140075723787389
MET003,1,2,3,3,1.2098836080821973
MET003,1,2,3,4,1.3419550208984763
MET003,1,2,3,5,0.8972143893107134
MET003,1,2,3,6,1.0359903095198415
MET003,1,2,3,7,1.0336287074080155
MET003,1,2,3,8,1.1585258667526983
MET003,1,2,3,9,1.0745600207270496
MET003,1,2,4,0,1.7105486100062079
MET003,1,2,4,1,1.5038010489581779
MET003,1,2,4,2,1.6791420795255427
MET003,1,2,4,3,1.2455927162021121
MET003,1,2,4,4,1.2238404056255154
MET003,1,2,4,5,0.81185620095473898
MET003,1,2,4,6,1.0204852078370299
MET003,1,2,4,7,1.1343870782545551
MET003,1,2,4,8,0.89782324741433295
MET003,1,2,4,9,1.0440197630867725
MET003,1,2,5,0,1.3868860044291491
MET003,1,2,5,1,1.5853411898971228
MET003,1,2,5,2,1.1624042971071389
MET003,1,2,5,3,1.3544363750773771
MET003,1,2,5,4,1.1729075658438211
MET003,1,2,5,5,1.0838846627026195
MET003,1,2,5,6,1.2526070303024242
MET003,1,2,5,7,1.0912150458233438
MET003,1,2,5,8,1.0623920546126844
MET003,1,2,5,9,1.0275572620090123
MET003,1,2,6,0,1.5723491460644743
MET003,1,2,6,1,1.4890148947644692
MET003,1,2,6,2,1.4113946786147546
MET003,1,2,6,3,0.94733939697721403
MET003,1,2,6,4,1.4355202859132032
MET003,1,2,6,5,1.1841983787926329
MET003,1,2,6,6,1.2357172980872524
MET003,1,2,6,7,1.0557866368670801
MET003,1,2,6,8,1.0183042215172642
MET003,1,2,6,9,1.1764589159147074
MET003,1,2,7,0,1.2643808050198582
MET003,1,2,7,1,1.5027301534878139
MET003,1,2,7,2,1.1207618240389088
MET003,1,2,7,3,1.3191000098588213
MET003,1,2,7,4,1.2984074017410341
MET003,1,2,7,5,1.0393473687542387
MET003,1,2,7,6,1.1396002299157697
MET003,1,2,7,7,1.0422505201310359
MET003,1,2,7,8,1.2140574441982024
MET003,1,2,7,9,1.0640452469057764
MET003,1,2,8,0,1.5013585695207301
MET003,1,2,8,1,1.3341375899652681
MET003,1,2,8,2,1.3589641738057203
MET003,1,2,8,3,1.2171902531310621
MET003,1,2,8,4,1.4282013734451973
MET003,1,2,8,5,1.5388771262086638
MET003,1,2,8,6,1.2225913846126368
MET003,1,2,8,7,1.3211198851650321
MET003,1,2,8,8,1.2587081224055547
MET003,1,2,8,9,1.3017169869099725
MET003,1,2,9,0,1.2387504444612718
MET003,1,2,9,1,1.4803443698402512
MET003,1,2,9,2,1.3530750481245819
MET003,1,2,9,3,1.3722851779887275
MET003,1,2,9,4,1.2900786815382721
MET003,1,2,9,5,1.2263626488134134
MET003,1,2,9,6,1.2108450855539217
MET003,1,2,9,7,1.160351640223005
MET003,1,2,9,8,1.0691068161019164
MET003,1,2,9,9,1.1222043227208969
MET003,1,3,0,0,1.67623059740891
MET003,1,3,0,1,1.5047195567825218
MET003,1,3,0,2,1.5291347307614287
MET003,1,3,0,3,1.6219818104578472
MET003,1,3,0,4,1.6852170519210423
MET003,1,3,0,5,1.6457757048069004
MET003,1,3,0,6,1.5096294264318444
MET003,1,3,0,7,1.6350187513674266
MET003,1,3,0,8,1.6401775202210491
MET003,1,3,0,9,1.5653575263693864
MET003,1,3,1,0,1.4068099606761866
MET003,1,3,1,1,1.7489666991572661
MET003,1,3,1,2,1.3251486698013351
MET003,1,3,1,3,1.4092710828269346
MET003,1,3,1,4,1.4410957251750378
MET003,1,3,1,5,1.5086776798410568
MET003,1,3,1,6,1.3743736093734455
MET003,1,3,1,7,1.4949843674548338
MET003,1,3,1,8,1.5942824906934865
MET003,1,3,1,9,1.5765692345320923
MET003,1,3,2,0,1.6021205255446511
MET003,1,3,2,1,1.2808261957366276
MET003,1,3,2,2,1.3340300391211997
MET003,1,3,2,3,1.0087249831963714
MET003,1,3,2,4,0.98228897203507037
MET003,1,3,2,5,1.4987695364512257
MET003,1,3,2,6,1.2975549827050581
MET003,1,3,2,7,1.2019019369224269
MET003,1,3,2,8,1.5012572327603482
MET003,1,3,2,9,1.2299048509476009
MET003,1,3,3,0,1.7139722597950762
MET003,1,3,3,1,1.6764293042525931
MET003,1,3,3,2,1.2894747211244812
MET003,1,3,3,3,1.6014589189339867
MET003,1,3,3,4,1.163737682715549
MET003,1,3,3,5,1.2134466071388603
MET003,1,3,3,6,1.0624217782428829
MET003,1,3,3,7,1.1845731207994576
MET003,1,3,3,8,1.1830385521209572
MET003,1,3,3,9,1.2937297198350737
MET003,1,3,4,0,1.6666439837268705
MET003,1,3,4,1,1.4742391173261749
MET003,1,3,4,2,1.5962059751196689
MET003,1,3,4,3,1.332661847437165
MET003,1,3,4,4,1.2856843300779981
MET003,1,3,4,5,0.74217383363042788
MET003,1,3,4,6,0.8524223786394679
MET003,1,3,4,7,1.1412894087868326
MET003,1,3,4,8,1.0921385721668171
MET003,1,3,4,9,1.0353727782463846
MET003,1,3,5,0,1.544212963402114
MET003,1,3,5,1,1.5226289591531561
MET003,1,3,5,2,1.3247248234722122
MET003,1,3,5,3,1.356600813390888
MET003,1,3,5,4,1.1204724373143546
MET003,1,3,5,5,1.2401876389285291
MET003,1,3,5,6,0.86790957981768402
MET003,1,3,5,7,0.97149267653951343
MET003,1,3,5,8,1.0757595128564299
MET003,1,3,5,9,1.060425730874895
MET003,1,3,6,0,1.6430059571034914
MET003,1,3,6,1,1.5118821126274544
MET003,1,3,6,2,1.548633307142987
MET003,1,3,6,3,1.2193903356137796
MET003,1,3,6,4,1.0125606834651946
MET003,1,3,6,5,0.9536161299527468
MET003,1,3,6,6,1.184584207909718
MET003,1,3,6,7,1.2441942298160469
MET003,1,3,6,8,0.98108961755708202
MET003,1,3,6,9,0.96263319909063683
MET003,1,3,7,0,1.4265682189041151
MET003,1,3,7,1,1.3606595638287111
MET003,1,3,7,2,1.1595162883869752
MET003,1,3,7,3,1.4554175210423288
MET003,1,3,7,4,1.2175575137339465
MET003,1,3,7,5,1.0099209359316237
MET003,1,3,7,6,1.1318855575769389
MET003,1,3,7,7,0.97540663285929419
MET003,1,3,7,8,1.0953355609164208
MET003,1,3,7,9,1.1233454208763598
MET003,1,3,8,0,1.43691707558592
MET003,1,3,8,1,1.3802758558623456
MET003,1,3,8,2,1.3942005599387419
MET003,1,3,8,3,1.3095430402020305
MET003,1,3,8,4,1.0850165883007534
MET003,1,3,8,5,1.1628390995895546
MET003,1,3,8,6,1.0098031052943848
MET003,1,3,8,7,1.3549386466551321
MET003,1,3,8,8,1.2436489059108928
MET003,1,3,8,9,1.1081844407622241
MET003,1,3,9,0,1.4979600147802508
MET003,1,3,9,1,1.3963972852124722
MET003,1,3,9,2,1.4505527896576669
MET003,1,3,9,3,1.4026639253605011
MET003,1,3,9,4,1.1007135557184045
MET003,1,3,9,5,1.2183885760326374
MET003,1,3,9,6,1.0587685242466265
MET003,1,3,9,7,1.1469109741113688
MET003,1,3,9,8,1.0291925352881848
MET003,1,3,9,9,1.1388227219155211
MET003,1,4,0,0,1.7772761252385183
MET003,1,4,0,1,1.5642919308299477
MET003,1,4,0,2,1.37087356203712
MET003,1,4,0,3,1.5943478344702966
MET003,1,4,0,4,1.7254466120702254
MET003,1,4,0,5,1.8184003600031324
MET003,1,4,0,6,1.3760066058855107
MET003,1,4,0,7,1.5046414500585747
MET003,1,4,0,8,1.570443494329774
MET003,1,4,0,9,1.559372012548379
MET003,1,4,1,0,1.3423596738747254
MET003,1,4,1,1,1.5609602662431741
MET003,1,4,1,2,1.3285158574571263
MET003,1,4,1,3,1.5548892939723742
MET003,1,4,1,4,1.5005820027580108
MET003,1,4,1,5,1.4285676111252643
MET003,1,4,1,6,1.5333877109409031
MET003,1,4,1,7,1.661492149260378
MET003,1,4,1,8,1.4860751570260606
MET003,1,4,1,9,1.5277136402710281
MET003,1,4,2,0,1.5735507546196796
MET003,1,4,2,1,1.5392290510221085
MET003,1,4,2,2,1.374649529448716
MET003,1,4,2,3,0.96698665722534516
MET003,1,4,2,4,1.0012996829617664
MET003,1,4,2,5,1.2252578106836811
MET003,1,4,2,6,1.2580619656102761
MET003,1,4,2,7,1.2756519420961483
MET003,1,4,2,8,1.3582782886228388
MET003,1,4,2,9,1.6686720344341652
MET003,1,4,3,0,1.7112602000106696
MET003,1,4,3,1,1.7806281264086503
MET003,1,4,3,2,1.3627166307565974
MET003,1,4,3,3,1.4319722824939602
MET003,1,4,3,4,1.3431141646721636
MET003,1,4,3,5,1.3585269120656942
MET003,1,4,3,6,1.0995639085483702
MET003,1,4,3,7,1.2113245381270494
MET003,1,4,3,8,1.2187950057681765
MET003,1,4,3,9,1.488057498234711
MET003,1,4,4,0,1.7246774778811025
MET003,1,4,4,1,1.4579904310346186
MET003,1,4,4,2,1.5675314294183302
MET003,1,4,4,3,1.3678994316279405
MET003,1,4,4,4,1.2556064629481836
MET003,1,4,4,5,0.77371303012076309
MET003,1,4,4,6,0.98992316066975561
MET003,1,4,4,7,1.1885024263729338
MET003,1,4,4,8,1.203219226534235
MET003,1,4,4,9,1.4933732957991708
MET003,1,4,5,0,1.3533432547930984
MET003,1,4,5,1,1.5909951883477569
MET003,1,4,5,2,1.2057160159152824
MET003,1,4,5,3,1.5501951309434236
MET003,1,4,5,4,1.1887503484060264
MET003,1,4,5,5,1.0637467083583561
MET003,1,4,5,6,1.164150918603817
MET003,1,4,5,7,1.2744261188414194
MET003,1,4,5,8,1.1628849455279535
MET003,1,4,5,9,1.0170877458200736
MET003,1,4,6,0,1.6119489031246088
MET003,1,4,6,1,1.4356225761760917
MET003,1,4,6,2,1.5001782949204805
MET003,1,4,6,3,1.3617120634627404
MET003,1,4,6,4,1.2029949246213976
MET003,1,4,6,5,1.0640682344912114
MET003,1,4,6,6,1.1807302751975228
MET003,1,4,6,7,1.3469691678863231
MET003,1,4,6,8,1.1736739196539869
MET003,1,4,6,9,1.0348490305216207
MET003,1,4,7,0,1.4134586179735873
MET003,1,4,7,1,1.5538026791208297
MET003,1,4,7,2,1.2807522821205699
MET003,1,4,7,3,1.1729033800064148
MET003,1,4,7,4,1.3442862304105434
MET003,1,4,7,5,1.225203890521473
MET003,1,4,7,6,1.3014048861470151
MET003,1,4,7,7,1.0813115472953516
MET003,1,4,7,8,1.2102735107831644
MET003,1,4,7,9,1.1381870493911781
MET003,1,4,8,0,1.3702471429536316
MET003,1,4,8,1,1.2748407176044363
MET003,1,4,8,2,1.6042583001242925
MET003,1,4,8,3,1.1778166061015771
MET003,1,4,8,4,1.2504013492906916
MET003,1,4,8,5,1.1834922016474734
MET003,1,4,8,6,1.0745717936503678
MET003,1,4,8,7,1.3592283852902964
MET003,1,4,8,8,1.3649912424383128
MET003,1,4,8,9,1.1536146995599641
MET003,1,4,9,0,1.3281299379153748
MET003,1,4,9,1,1.57127601814041
MET003,1,4,9,2,1.4316128990693853
MET003,1,4,9,3,1.454743194364037
MET003,1,4,9,4,1.4350225560180756
MET003,1,4,9,5,1.4217016416115729
MET003,1,4,9,6,1.0337084928959908
MET003,1,4,9,7,0.97532718671597862
MET003,1,4,9,8,1.2683729227155569
MET003,1,4,9,9,1.3784815399420229
MET003,2,1,0,0,1.6067502302770071
MET003,2,1,0,1,1.5763102780564451
MET003,2,1,0,2,1.4189999597530236
MET003,2,1,0,3,1.5300695128705271
MET003,2,1,0,4,1.7762920099779105
MET003,2,1,0,5,1.6832776036629098
MET003,2,1,0,6,1.4269146320980937
MET003,2,1,0,7,1.4398846777065049
MET003,2,1,0,8,1.4955735449872962
MET003,2,1,0,9,1.6523596925983448
MET003,2,1,1,0,1.5475267016778926
MET003,2,1,1,1,1.6998539949041089
MET003,2,1,1,2,1.2965665648827878
MET003,2,1,1,3,1.5667018153875985
MET003,2,1,1,4,1.5521847391203034
MET003,2,1,1,5,1.3399599378088372
MET003,2,1,1,6,1.3365648874244476
MET003,2,1,1,7,1.5379858402746582
MET003,2,1,1,8,1.5236002485956723
MET003,2,1,1,9,1.5770973725690127
MET003,2,1,2,0,1.6842269455455563
MET003,2,1,2,1,1.5160834370149381
MET003,2,1,2,2,1.4777234516102735
MET003,2,1,2,3,1.2593654756584121
MET003,2,1,2,4,1.1399476849276713
MET003,2,1,2,5,1.3162544439406885
MET003,2,1,2,6,1.3442030544595565
MET003,2,1,2,7,1.3298378892311844
MET003,2,1,2,8,1.7782383503140833
MET003,2,1,2,9,1.7166781907089683
MET003,2,1,3,0,1.7933204399671454
MET003,2,1,3,1,1.8143132589790401
MET003,2,1,3,2,1.4193401952269626
MET003,2,1,3,3,1.5110449626308424
MET003,2,1,3,4,0.95956910346937996
MET003,2,1,3,5,1.1085362390633755
MET003,2,1,3,6,1.0440894951281243
MET003,2,1,3,7,1.3256955340450498
MET003,2,1,3,8,1.5388910492926904
MET003,2,1,3,9,1.2753411949076039
MET003,2,1,4,0,1.8855524223714599
MET003,2,1,4,1,1.8743927076495368
MET003,2,1,4,2,1.8853772398849744
MET003,2,1,4,3,1.4460822160814928
MET003,2,1,4,4,1.3777957814354918
MET003,2,1,4,5,0.93312096325723159
MET003,2,1,4,6,1.2909760286736072
MET003,2,1,4,7,0.82375344180126464
MET003,2,1,4,8,1.1573389283687534
MET003,2,1,4,9,1.4348897663382965
MET003,2,1,5,0,1.735836384213082
MET003,2,1,5,1,1.8018258763648367
MET003,2,1,5,2,1.4599749318659778
MET003,2,1,5,3,1.6407374133922743
MET003,2,1,5,4,1.3645046843149415
MET003,2,1,5,5,1.3789087868014711
MET003,2,1,5,6,1.1603040107390852
MET003,2,1,5,7,1.152144402679449
MET003,2,1,5,8,0.9526356756594424
MET003,2,1,5,9,1.148575932786029
MET003,2,1,6,0,1.7110446333146252
MET003,2,1,6,1,1.5185022129135233
MET003,2,1,6,2,1.6791321407286235
MET003,2,1,6,3,1.3514970288652417
MET003,2,1,6,4,1.6037202710479714
MET003,2,1,6,5,1.2799558292050974
MET003,2,1,6,6,1.2791191986977559
MET003,2,1,6,7,1.0935905095113765
MET003,2,1,6,8,1.0411038553754757
MET003,2,1,6,9,1.1042266252892381
MET003,2,1,7,0,1.5155669092489634
MET003,2,1,7,1,1.773040931565963
MET003,2,1,7,2,1.3950573128140009
MET003,2,1,7,3,1.498918839512515
MET003,2,1,7,4,1.272137164711483
MET003,2,1,7,5,1.3390400246059031
MET003,2,1,7,6,1.2733044178198405
MET003,2,1,7,7,1.2567079617442791
MET003,2,1,7,8,1.2844015918479428
MET003,2,1,7,9,1.10721204180552
MET003,2,1,8,0,1.6651919975982412
MET003,2,1,8,1,1.356597083369957
MET003,2,1,8,2,1.6024110381036349
MET003,2,1,8,3,1.4269554514714002
MET003,2,1,8,4,1.3597351996080758
MET003,2,1,8,5,1.0237956909580319
MET003,2,1,8,6,1.0803862150860839
MET003,2,1,8,7,1.3019314873754144
MET003,2,1,8,8,1.1548454940580659
MET003,2,1,8,9,1.1027376775393645
MET003,2,1,9,0,1.5007793826800075
MET003,2,1,9,1,1.6057768607545524
MET003,2,1,9,2,1.4695459670797226
MET003,2,1,9,3,1.3293707226142588
MET003,2,1,9,4,1.2490737821846265
MET003,2,1,9,5,1.2612467052089009
MET003,2,1,9,6,1.1278986198347052
MET003,2,1,9,7,1.0457897040441266
MET003,2,1,9,8,1.4443825548666009
MET003,2,1,9,9,1.2260202241282772
MET003,2,2,0,0,1.6795058202507471
MET003,2,2,0,1,1.4524787664708665
MET003,2,2,0,2,1.3881828590478076
MET003,2,2,0,3,1.5995254671538264
MET003,2,2,0,4,1.6640691392701406
MET003,2,2,0,5,1.7428704536524016
MET003,2,2,0,6,1.3281803598604291
MET003,2,2,0,7,1.4734567229911839
MET003,2,2,0,8,1.4813439382882647
MET003,2,2,0,9,1.5804538533171548
MET003,2,2,1,0,1.5056975528061507
MET003,2,2,1,1,1.4876071862961855
MET003,2,2,1,2,1.2023057892881399
MET003,2,2,1,3,1.4288188396600223
MET003,2,2,1,4,1.5215427304577489
MET003,2,2,1,5,1.5442515359547857
MET003,2,2,1,6,1.5396831182612709
MET003,2,2,1,7,1.5319212604121697
MET003,2,2,1,8,1.7376785233114929
MET003,2,2,1,9,1.8116586658477565
MET003,2,2,2,0,1.7039557412411994
MET003,2,2,2,1,1.3177703716097331
MET003,2,2,2,2,1.5681880648670885
MET003,2,2,2,3,1.1305602256719265
MET003,2,2,2,4,1.0472305891631557
MET003,2,2,2,5,1.3297745782359154
MET003,2,2,2,6,1.085929816899988
MET003,2,2,2,7,1.4030385068119036
MET003,2,2,2,8,1.5966312299971055
MET003,2,2,2,9,1.795087861370009
MET003,2,2,3,0,1.6904863448804883
MET003,2,2,3,1,1.6930114032970958
MET003,2,2,3,2,1.4169852111935901
MET003,2,2,3,3,1.5132824046197904
MET003,2,2,3,4,0.96405605342169398
MET003,2,2,3,5,1.0000255003774638
MET003,2,2,3,6,1.0181869082711985
MET003,2,2,3,7,1.2778343415373907
MET003,2,2,3,8,1.3837424278059351
MET003,2,2,3,9,1.311612001445251
MET003,2,2,4,0,1.7953563550629816
MET003,2,2,4,1,1.7756508437460643
MET003,2,2,4,2,1.6303445463615482
MET003,2,2,4,3,1.3495583397588076
MET003,2,2,4,4,1.1478130968615887
MET003,2,2,4,5,1.0011281667293774
MET003,2,2,4,6,1.048708528648687
MET003,2,2,4,7,0.93912414852953074
MET003,2,2,4,8,1.219059096229435
MET003,2,2,4,9,1.2577531207114201
MET003,2,2,5,0,1.5697811954677854
MET003,2,2,5,1,1.8046468150496908
MET003,2,2,5,2,1.4746433376315955
MET003,2,2,5,3,1.7247315648094237
MET003,2,2,5,4,1.3179031809969579
MET003,2,2,5,5,1.4764188940707677
MET003,2,2,5,6,1.154719260026426
MET003,2,2,5,7,1.0318560209497607
MET003,2,2,5,8,0.95272200310541921
MET003,2,2,5,9,1.1572908082561622
MET003,2,2,6,0,1.4673196592808893
MET003,2,2,6,1,1.4739483118922796
MET003,2,2,6,2,1.6204294523240688
MET003,2,2,6,3,1.375901949896525
MET003,2,2,6,4,1.439899684338021
MET003,2,2,6,5,1.4281915452890197
MET003,2,2,6,6,1.2443101226082989
MET003,2,2,6,7,1.1953553807223998
MET003,2,2,6,8,1.2856900271812837
MET003,2,2,6,9,1.0625742948019454
MET003,2,2,7,0,1.5398885000803169
MET003,2,2,7,1,1.523940334106328
MET003,2,2,7,2,1.4253205949042036
MET003,2,2,7,3,1.5625226098138831
MET003,2,2,7,4,1.3893608914387043
MET003,2,2,7,5,1.2284018273689687
MET003,2,2,7,6,1.3998407307750675
MET003,2,2,7,7,1.3369660442525677
MET003,2,2,7,8,1.3714066811208645
MET003,2,2,7,9,1.0698196777800819
MET003,2,2,8,0,1.5359230475485584
MET003,2,2,8,1,1.4121929413242169
MET003,2,2,8,2,1.5146043287308677
MET003,2,2,8,3,1.3107718519928575
MET003,2,2,8,4,1.4527640723961659
MET003,2,2,8,5,1.4375066231277709
MET003,2,2,8,6,1.432811710034771
MET003,2,2,8,7,1.482221463781386
MET003,2,2,8,8,1.2004967484524032
MET003,2,2,8,9,1.0189799022901402
MET003,2,2,9,0,1.2937117869954595
MET003,2,2,9,1,1.5439063570991012
MET003,2,2,9,2,1.4241241177250328
MET003,2,2,9,3,1.5170670476609891
MET003,2,2,9,4,1.3533747728167178
MET003,2,2,9,5,0.99121407739619483
MET003,2,2,9,6,1.1042863895593422
MET003,2,2,9,7,0.99111154046447625
MET003,2,2,9,8,1.211612730118552
MET003,2,2,9,9,1.0707414077239183
MET003,2,3,0,0,1.6083884283051697
MET003,2,3,0,1,1.4426282386707672
MET003,2,3,0,2,1.2948216794765977
MET003,2,3,0,3,1.5374553586609323
MET003,2,3,0,4,1.791251922870033
MET003,2,3,0,5,1.7756392555140277
MET003,2,3,0,6,1.3979274852869112
MET003,2,3,0,7,1.6385588588981059
MET003,2,3,0,8,1.5669588972066495
MET003,2,3,0,9,1.6814363342661109
MET003,2,3,1,0,1.5378932602870681
MET003,2,3,1,1,1.6455785196224388
MET003,2,3,1,2,1.4399049532719377
MET003,2,3,1,3,1.3787269601924954
MET003,2,3,1,4,1.5072370644966202
MET003,2,3,1,5,1.4462205921379689
MET003,2,3,1,6,1.5285663815085997
MET003,2,3,1,7,1.581704709447983
MET003,2,3,1,8,1.5346691590793973
MET003,2,3,1,9,1.7274794220867391
MET003,2,3,2,0,1.495130627509357
MET003,2,3,2,1,1.2625959374461255
MET003,2,3,2,2,1.3925480216311734
MET003,2,3,2,3,1.1690553336151952
MET003,2,3,2,4,1.0817855437886721
MET003,2,3,2,5,1.398221786943455
MET003,2,3,2,6,1.1539423452291802
MET003,2,3,2,7,1.4330088208675016
MET003,2,3,2,8,1.5284485697498271
MET003,2,3,2,9,1.3154778084865812
MET003,2,3,3,0,1.7006744418330555
MET003,2,3,3,1,1.6817136256112264
MET003,2,3,3,2,1.2450065014867715
MET003,2,3,3,3,1.3527647591563152
MET003,2,3,3,4,1.1500329025944147
MET003,2,3,3,5,0.91664125196216117
MET003,2,3,3,6,1.0283210750104881
MET003,2,3,3,7,1.2758488568918958
MET003,2,3,3,8,1.2879691843890479
MET003,2,3,3,9,1.4871085688226235
MET003,2,3,4,0,1.7482821247760036
MET003,2,3,4,1,1.631282564716144
MET003,2,3,4,2,1.6731195537879562
MET003,2,3,4,3,1.1016835554726834
MET003,2,3,4,4,1.475526756248537
MET003,2,3,4,5,1.1030684556115542
MET003,2,3,4,6,0.87274082006241982
MET003,2,3,4,7,1.0476875514412618
MET003,2,3,4,8,0.77035359753647481
MET003,2,3,4,9,1.1365945088243909
MET003,2,3,5,0,1.6512194018210502
MET003,2,3,5,1,1.6433840614665951
MET003,2,3,5,2,1.3680236730758299
MET003,2,3,5,3,1.5017210135031744
MET003,2,3,5,4,1.053155816913028
MET003,2,3,5,5,1.2949515540840657
MET003,2,3,5,6,1.2420854927295089
MET003,2,3,5,7,1.1269458594052757
MET003,2,3,5,8,1.2163674039898402
MET003,2,3,5,9,1.2805226123678339
MET003,2,3,6,0,1.5159055520284856
MET003,2,3,6,1,1.4385454128812898
MET003,2,3,6,2,1.6753816435849085
MET003,2,3,6,3,1.5121637260076315
MET003,2,3,6,4,1.3702244891247892
MET003,2,3,6,5,1.305950333486255
MET003,2,3,6,6,1.1607568342635204
MET003,2,3,6,7,1.0660291867664562
MET003,2,3,6,8,1.1219288772402269
MET003,2,3,6,9,1.1251806971423082
MET003,2,3,7,0,1.3044064063255283
MET003,2,3,7,1,1.5642999637347457
MET003,2,3,7,2,1.3574486226897999
MET003,2,3,7,3,1.5296379358532706
MET003,2,3,7,4,1.4548878390337203
MET003,2,3,7,5,1.3604324489529058
MET003,2,3,7,6,1.1358839216559469
MET003,2,3,7,7,1.1451628888971082
MET003,2,3,7,8,1.2170162046688902
MET003,2,3,7,9,1.0166983453716234
MET003,2,3,8,0,1.6302639279293305
MET003,2,3,8,1,1.3337139575234445
MET003,2,3,8,2,1.6672290828542859
MET003,2,3,8,3,1.2335498673537646
MET003,2,3,8,4,1.2976040586724569
MET003,2,3,8,5,1.1301967995891509
MET003,2,3,8,6,1.1476577525644971
MET003,2,3,8,7,1.3950887926976718
MET003,2,3,8,8,1.249353933759886
MET003,2,3,8,9,1.0003513490645883
MET003,2,3,9,0,1.3870859576299222
MET003,2,3,9,1,1.5705710243211011
MET003,2,3,9,2,1.3899746695762611
MET003,2,3,9,3,1.3995605925971064
MET003,2,3,9,4,1.6228980567003324
MET003,2,3,9,5,1.3311586089286205
MET003,2,3,9,6,1.1022796568935389
MET003,2,3,9,7,1.0781293021077325
MET003,2,3,9,8,1.2418687999477609
MET003,2,3,9,9,1.0858887859978408
MET003,2,4,0,0,1.5526251177119661
MET003,2,4,0,1,1.5259865551349607
MET003,2,4,0,2,1.4896871403128975
MET003,2,4,0,3,1.6456246361231419
MET003,2,4,0,4,1.6154846537153651
MET003,2,4,0,5,1.564384724692504
MET003,2,4,0,6,1.7014539165692759
MET003,2,4,0,7,1.6881853915344376
MET003,2,4,0,8,1.296174431725152
MET003,2,4,0,9,1.6150311471572061
MET003,2,4,1,0,1.5546719242360558
MET003,2,4,1,1,1.4596193320496429
MET003,2,4,1,2,1.5190683941363583
MET003,2,4,1,3,1.5244797787424185
MET003,2,4,1,4,1.5689403812947569
MET003,2,4,1,5,1.5132051535456368
MET003,2,4,1,6,1.6969317524905034
MET003,2,4,1,7,1.4990411568215971
MET003,2,4,1,8,1.4654969730699643
MET003,2,4,1,9,1.4680276397662866
MET003,2,4,2,0,1.6918020703943093
MET003,2,4,2,1,1.3067627036333889
MET003,2,4,2,2,1.5101368660884611
MET003,2,4,2,3,1.2621666092334862
MET003,2,4,2,4,1.1242129881112717
MET003,2,4,2,5,1.4401204223517889
MET003,2,4,2,6,1.2257792601825239
MET003,2,4,2,7,1.2371708689877048
MET003,2,4,2,8,1.5009686944262552
MET003,2,4,2,9,1.534743755069959
MET003,2,4,3,0,1.7769540222754381
MET003,2,4,3,1,1.7469919037206163
MET003,2,4,3,2,1.4611834696466046
MET003,2,4,3,3,1.4439225099382516
MET003,2,4,3,4,1.1897165247784385
MET003,2,4,3,5,0.93693866873393516
MET003,2,4,3,6,1.2196474180274803
MET003,2,4,3,7,1.4077101446870783
MET003,2,4,3,8,1.2256300512193072
MET003,2,4,3,9,1.3336845069284
MET003,2,4,4,0,1.7742986067251589
MET003,2,4,4,1,1.5636767372496072
MET003,2,4,4,2,1.7451787660401432
MET003,2,4,4,3,1.5788228413130141
MET003,2,4,4,4,1.1727830823049761
MET003,2,4,4,5,1.1702470512678835
MET003,2,4,4,6,1.1794011284796972
MET003,2,4,4,7,1.1512626310804042
MET003,2,4,4,8,0.9969069177017732
MET003,2,4,4,9,1.0049987386894632
MET003,2,4,5,0,1.5378952416088034
MET003,2,4,5,1,1.5264412258345523
MET003,2,4,5,2,1.3994448734005689
MET003,2,4,5,3,1.5226957427796068
MET003,2,4,5,4,1.1106090548895371
MET003,2,4,5,5,1.2101846879325528
MET003,2,4,5,6,0.98250513471530565
MET003,2,4,5,7,1.1268614916589543
MET003,2,4,5,8,0.95676369564442376
MET003,2,4,5,9,1.1671491173813571
MET003,2,4,6,0,1.3188916091670246
MET003,2,4,6,1,1.4170044490942455
MET003,2,4,6,2,1.6729119712888081
MET003,2,4,6,3,1.2262699023556438
MET003,2,4,6,4,1.2623964920276722
MET003,2,4,6,5,1.2578485092940357
MET003,2,4,6,6,1.1615610430327843
MET003,2,4,6,7,1.3925237452105159
MET003,2,4,6,8,1.292589410808854
MET003,2,4,6,9,1.0371224751022146
MET003,2,4,7,0,1.4946696386255764
MET003,2,4,7,1,1.3249036684014279
MET003,2,4,7,2,1.3226365536025906
MET003,2,4,7,3,1.2106669635595042
MET003,2,4,7,4,1.0645473903395386
MET003,2,4,7,5,1.3880041398775669
MET003,2,4,7,6,1.3226347693224292
MET003,2,4,7,7,1.3376616259356733
MET003,2,4,7,8,1.0840231077080416
MET003,2,4,7,9,1.1320146522175436
MET003,2,4,8,0,1.4289021770202266
MET003,2,4,8,1,1.5848552590987133
MET003,2,4,8,2,1.563272736305565
MET003,2,4,8,3,1.1145876769180234
MET003,2,4,8,4,1.3820603134178338
MET003,2,4,8,5,1.3032423007684739
MET003,2,4,8,6,1.2677233257366267
MET003,2,4,8,7,1.2925494558567925
MET003,2,4,8,8,1.4556982316879188
MET003,2,4,8,9,1.1628769857494154
MET003,2,4,9,0,1.4995065178327638
MET003,2,4,9,1,1.6187037457119016
MET003,2,4,9,2,1.3107650367323729
MET003,2,4,9,3,1.3921603120673589
MET003,2,4,9,4,1.3968062324077073
MET003,2,4,9,5,1.1828841983006932
MET003,2,4,9,6,1.236666326368413
MET003,2,4,9,7,1.2935500378997005
MET003,2,4,9,8,1.121141679991432
MET003,2,4,9,9,1.2830599812108849
MET004,1,1,0,0,0.82060339620565548
MET004,1,1,0,1,1.0706461313103508
MET004,1,1,0,2,0.9193144437683608
MET004,1,1,0,3,0.82523961469415841
MET004,1,1,0,4,0.94894554035836121
MET004,1,1,0,5,1.0988327994786689
MET004,1,1,0,6,0.93066621776037239
MET004,1,1,0,7,1.1100986595768936
MET004,1,1,0,8,1.10003800604099
MET004,1,1,0,9,0.96236666941258697
MET004,1,1,1,0,1.1413319791667222
MET004,1,1,1,1,1.1500227890477721
MET004,1,1,1,2,0.97437878074550199
MET004,1,1,1,3,0.92438088108472583
MET004,1,1,1,4,0.79734064416850037
MET004,1,1,1,5,0.93156860561965038
MET004,1,1,1,6,0.95591905224107965
MET004,1,1,1,7,1.0699168313494472
MET004,1,1,1,8,1.1162625720808632
MET004,1,1,1,9,1.0467038369623178
MET004,1,1,2,0,1.1527805821082568
MET004,1,1,2,1,1.1100956984394252
MET004,1,1,2,2,0.97800127540729564
MET004,1,1,2,3,0.88670273575071257
MET004,1,1,2,4,0.78297708217897666
MET004,1,1,2,5,0.67842536751147464
MET004,1,1,2,6,0.90672150630456183
MET004,1,1,2,7,1.1105755800262649
MET004,1,1,2,8,0.85631718477546181
MET004,1,1,2,9,1.0354703838460817
MET004,1,1,3,0,1.0056195043321317
MET004,1,1,3,1,0.88656574840837776
MET004,1,1,3,2,1.0072745120668918
MET004,1,1,3,3,0.98542002658099903
MET004,1,1,3,4,0.81251968922977058
MET004,1,1,3,5,0.75653700080286701
MET004,1,1,3,6,0.61385231917783345
MET004,1,1,3,7,0.74175809896925859
MET004,1,1,3,8,0.93258296461148282
MET004,1,1,3,9,0.9275408394141148
MET004,1,1,4,0,1.1999264323573009
MET004,1,1,4,1,1.0126797482658834
MET004,1,1,4,2,1.099355822193719
MET004,1,1,4,3,0.68834089928402098
MET004,1,1,4,4,0.86118231079957797
MET004,1,1,4,5,0.8095597300963856
MET004,1,1,4,6,0.77649396036251428
MET004,1,1,4,7,0.67619560670295187
MET004,1,1,4,8,0.86679556925445722
MET004,1,1,4,9,0.97641220599785605
MET004,1,1,5,0,1.1599611386271711
MET004,1,1,5,1,1.1942572953471928
MET004,1,1,5,2,0.74614856212554392
MET004,1,1,5,3,1.0347322232017542
MET004,1,1,5,4,0.73675808409560217
MET004,1,1,5,5,0.71957024489049792
MET004,1,1,5,6,0.6953768422151394
MET004,1,1,5,7,0.84112640979989595
MET004,1,1,5,8,0.83021789242207211
MET004,1,1,5,9,0.9412239247197004
MET004,1,1,6,0,1.1880508504105991
MET004,1,1,6,1,1.0036074018370815
MET004,1,1,6,2,1.2178556187454554
MET004,1,1,6,3,0.85612151025875616
MET004,1,1,6,4,0.7930435930194657
MET004,1,1,6,5,0.94759561070185183
MET004,1,1,6,6,0.76533531433414559
MET004,1,1,6,7,0.80033567337326794
MET004,1,1,6,8,0.85816494242829544
MET004,1,1,6,9,0.87955631137620749
MET004,1,1,7,0,0.94028704287405163
MET004,1,1,7,1,0.9854999054215372
MET004,1,1,7,2,0.96678304390721859
MET004,1,1,7,3,0.87671889355540444
MET004,1,1,7,4,0.84505505930207381
MET004,1,1,7,5,0.97809734910815405
MET004,1,1,7,6,0.7245515498196321
MET004,1,1,7,7,0.79004238619318246
MET004,1,1,7,8,0.7804520583113127
MET004,1,1,7,9,0.9078774495322014
MET004,1,1,8,0,1.1553307351450068
MET004,1,1,8,1,0.7542656694290335
MET004,1,1,8,2,0.91721515311836044
MET004,1,1,8,3,1.0009911786950709
MET004,1,1,8,4,0.72004227038301505
MET004,1,1,8,5,0.82129067582460868
MET004,1,1,8,6,0.85242847628607643
MET004,1,1,8,7,0.96852102956569797
MET004,1,1,8,8,0.79400961563073902
MET004,1,1,8,9,0.83440189233542783
MET004,1,1,9,0,1.1077856279260254
MET004,1,1,9,1,1.0870403885915678
MET004,1,1,9,2,0.98892181951544744
MET004,1,1,9,3,1.0715561710255517
MET004,1,1,9,4,0.95671735995303242
MET004,1,1,9,5,0.8563656194589756
MET004,1,1,9,6,0.7354434623226227
MET004,1,1,9,7,0.85791819761698462
MET004,1,1,9,8,0.95628548809437519
MET004,1,1,9,9,0.94980236068872903
MET004,1,2,0,0,1.7719263358796249
MET004,1,2,0,1,1.8419846014035293
MET004,1,2,0,2,1.7068786793246755
MET004,1,2,0,3,1.4107324219730533
MET004,1,2,0,4,1.33426154175119
MET004,1,2,0,5,1.2960263109366066
MET004,1,2,0,6,1.1922726328054902
MET004,1,2,0,7,1.2853764720595602
MET004,1,2,0,8,1.3442856893394717
MET004,1,2,0,9,1.2542693522025337
MET004,1,2,1,0,1.828263208666606
MET004,1,2,1,1,1.7135178981036998
MET004,1,2,1,2,1.3830526265505183
MET004,1,2,1,3,1.3777053782638491
MET004,1,2,1,4,1.4495567858458485
MET004,1,2,1,5,1.3331076161833575
MET004,1,2,1,6,1.3957555620989746
MET004,1,2,1,7,1.2866809428967103
MET004,1,2,1,8,1.3297898288161327
MET004,1,2,1,9,1.2485104887171661
MET004,1,2,2,0,1.6259498705194582
MET004,1,2,2,1,1.5534026320399077
MET004,1,2,2,2,1.2622299594748665
MET004,1,2,2,3,1.1802515772903337
MET004,1,2,2,4,0.94503464340304677
MET004,1,2,2,5,1.024551311192166
MET004,1,2,2,6,1.1689194596964907
MET004,1,2,2,7,1.264815699990939
MET004,1,2,2,8,1.2340314213073931
MET004,1,2,2,9,1.5819577875309798
MET004,1,2,3,0,1.7196745571420715
MET004,1,2,3,1,1.5701735508379742
MET004,1,2,3,2,1.2935255833991921
MET004,1,2,3,3,1.2060318204180644
MET004,1,2,3,4,1.1112144105041712
MET004,1,2,3,5,0.75004954740129193
MET004,1,2,3,6,0.81775877165822786
MET004,1,2,3,7,0.92486598070969683
MET004,1,2,3,8,1.2773048004090899
MET004,1,2,3,9,1.6410821026559248
MET004,1,2,4,0,1.6675892269346162
MET004,1,2,4,1,1.6668300837447667
MET004,1,2,4,2,1.3694953516487158
MET004,1,2,4,3,1.2444711519080378
MET004,1,2,4,4,1.1549405868845088
MET004,1,2,4,5,0.73475264564116349
MET004,1,2,4,6,0.68027048897254361
MET004,1,2,4,7,1.2581095761045855
MET004,1,2,4,8,1.0784049438668248
MET004,1,2,4,9,1.422257417727844
MET004,1,2,5,0,1.8573199235826008
MET004,1,2,5,1,1.7442875398579518
MET004,1,2,5,2,1.6493404181265054
MET004,1,2,5,3,1.2216254684975196
MET004,1,2,5,4,0.79860954051423272
MET004,1,2,5,5,1.0545137204562565
MET004,1,2,5,6,0.95813667032090644
MET004,1,2,5,7,0.96255224220195801
MET004,1,2,5,8,1.1432635697904592
MET004,1,2,5,9,1.3716074821871769
MET004,1,2,6,0,1.7730484242877722
MET004,1,2,6,1,1.6911736554468266
MET004,1,2,6,2,1.6010608699420306
MET004,1,2,6,3,1.2161786612498999
MET004,1,2,6,4,0.89298737181044696
MET004,1,2,6,5,0.99580600125587837
MET004,1,2,6,6,1.0168987328303549
MET004,1,2,6,7,0.98525698827584962
MET004,1,2,6,8,1.0468382824186626
MET004,1,2,6,9,1.0223834253750359
MET004,1,2,7,0,1.9294813925738536
MET004,1,2,7,1,1.5569314934250644
MET004,1,2,7,2,1.3964384570220962
MET004,1,2,7,3,1.3044447467762366
MET004,1,2,7,4,1.0009561301950418
MET004,1,2,7,5,1.2347364323443566
MET004,1,2,7,6,1.1645674194901758
MET004,1,2,7,7,1.0958649037564543
MET004,1,2,7,8,1.0362736821675196
MET004,1,2,7,9,1.0521888356865969
MET004,1,2,8,0,1.5536937329444831
MET004,1,2,8,1,1.4415585858903708
MET004,1,2,8,2,1.5474725942293199
MET004,1,2,8,3,1.016149622886388
MET004,1,2,8,4,0.99595657005308436
MET004,1,2,8,5,0.99896272484634641
MET004,1,2,8,6,0.94693678815151838
MET004,1,2,8,7,1.2171073261390766
MET004,1,2,8,8,1.1320751619843341
MET004,1,2,8,9,1.1344511141404685
MET004,1,2,9,0,1.4061847288672231
MET004,1,2,9,1,1.4100327394431169
MET004,1,2,9,2,1.2403466362634306
MET004,1,2,9,3,1.5296483513705144
MET004,1,2,9,4,0.96276795621056765
MET004,1,2,9,5,0.99524865027674203
MET004,1,2,9,6,0.98427176838777597
MET004,1,2,9,7,1.0933122533689974
MET004,1,2,9,8,1.1503532348893055
MET004,1,2,9,9,1.1840371231501348
MET004,1,3,0,0,1.6911189633120425
MET004,1,3,0,1,1.8002415166750001
MET004,1,3,0,2,1.6831710983905133
MET004,1,3,0,3,1.4560814782631415
MET004,1,3,0,4,1.3939857134796041
MET004,1,3,0,5,1.5136393885361594
MET004,1,3,0,6,1.1543990548149621
MET004,1,3,0,7,1.1464350771102203
MET004,1,3,0,8,1.1298285252284159
MET004,1,3,0,9,1.2619864927332405
MET004,1,3,1,0,1.7801768917062242
MET004,1,3,1,1,1.5686421287479404
MET004,1,3,1,2,1.3558258911193055
MET004,1,3,1,3,1.2820821067127235
MET004,1,3,1,4,1.4876733635483541
MET004,1,3,1,5,1.4256468955378918
MET004,1,3,1,6,1.5174234777754629
MET004,1,3,1,7,1.0812048781714201
MET004,1,3,1,8,1.3151453466236485
MET004,1,3,1,9,1.3456395381172186
MET004,1,3,2,0,1.5810703911664188
MET004,1,3,2,1,1.5043554419544185
MET004,1,3,2,2,1.1409424159148551
MET004,1,3,2,3,1.4532229708176896
MET004,1,3,2,4,1.1085271756371622
MET004,1,3,2,5,1.1647652747375847
MET004,1,3,2,6,1.156538751715205
MET004,1,3,2,7,1.3633002308248336
MET004,1,3,2,8,1.2373725921920362
MET004,1,3,2,9,1.4243398169794903
MET004,1,3,3,0,1.6963227892404416
MET004,1,3,3,1,1.5449834212195444
MET004,1,3,3,2,1.297072656546848
MET004,1,3,3,3,1.1879067581122851
MET004,1,3,3,4,1.0532698184230636
MET004,1,3,3,5,0.924320898283435
MET004,1,3,3,6,0.88913809899770679
MET004,1,3,3,7,0.93603572733265239
MET004,1,3,3,8,1.1768203866291642
MET004,1,3,3,9,1.3085761611360152
MET004,1,3,4,0,1.7614238246170069
MET004,1,3,4,1,1.7976735687592169
MET004,1,3,4,2,1.4635930516894531
MET004,1,3,4,3,1.2736372032410019
MET004,1,3,4,4,1.0674407985428591
MET004,1,3,4,5,0.67762743269331982
MET004,1,3,4,6,0.82385992181088441
MET004,1,3,4,7,0.97455163736577699
MET004,1,3,4,8,1.3291635348928772
MET004,1,3,4,9,1.6117622190045755
MET004,1,3,5,0,1.9142580901172497
MET004,1,3,5,1,1.7281500499792983
MET004,1,3,5,2,1.7859908105861031
MET004,1,3,5,3,1.4016963698326048
MET004,1,3,5,4,1.0383901882952018
MET004,1,3,5,5,0.77988989999024771
MET004,1,3,5,6,0.98030621653596739
MET004,1,3,5,7,1.2965849190059311
MET004,1,3,5,8,1.1347153576669844
MET004,1,3,5,9,1.2935422335802989
MET004,1,3,6,0,1.7902300248240297
MET004,1,3,6,1,1.875687256887796
MET004,1,3,6,2,1.6153081679049519
MET004,1,3,6,3,0.99391163840106878
MET004,1,3,6,4,1.2579612020392354
MET004,1,3,6,5,1.0177908039887908
MET004,1,3,6,6,0.91997073841626542
MET004,1,3,6,7,1.1391605372550633
MET004,1,3,6,8,1.2285030061100806
MET004,1,3,6,9,1.2195613540641763
MET004,1,3,7,0,1.7648502034853792
MET004,1,3,7,1,1.6948793573358441
MET004,1,3,7,2,1.3184815863073502
MET004,1,3,7,3,1.4219234786639914
MET004,1,3,7,4,0.91557964558165161
MET004,1,3,7,5,0.96065461135151919
MET004,1,3,7,6,1.1018890711571068
MET004,1,3,7,7,0.94275708452135965
MET004,1,3,7,8,0.9013757939220578
MET004,1,3,7,9,0.98417027917667765
MET004,1,3,8,0,1.6197067609942826
MET004,1,3,8,1,1.3423724970892283
MET004,1,3,8,2,1.5164983392213394
MET004,1,3,8,3,1.2648604827051759
MET004,1,3,8,4,1.2387937662777533
MET004,1,3,8,5,1.0661809656750838
MET004,1,3,8,6,1.0745942674998292
MET004,1,3,8,7,1.1458163590331838
MET004,1,3,8,8,1.1517164885888804
MET004,1,3,8,9,0.99382679448715205
MET004,1,3,9,0,1.5215401996748978
MET004,1,3,9,1,1.5702053844308277
MET004,1,3,9,2,1.4934755814773282
MET004,1,3,9,3,1.3750014485260269
MET004,1,3,9,4,1.0789854997712638
MET004,1,3,9,5,0.92464325582039519
MET004,1,3,9,6,1.072068233845012
MET004,1,3,9,7,1.1585467343451712
MET004,1,3,9,8,1.1782640218655749
MET004,1,3,9,9,1.0405423088070842
MET004,1,4,0,0,1.8921189679146315
MET004,1,4,0,1,1.4917216637883211
MET004,1,4,0,2,1.7309380185506491
MET004,1,4,0,3,1.3563282355360882
MET004,1,4,0,4,1.3550168808169649
MET004,1,4,0,5,1.5504277194426024
MET004,1,4,0,6,1.2738167280119044
MET004,1,4,0,7,1.2859330759532437
MET004,1,4,0,8,1.1568397358546132
MET004,1,4,0,9,1.2462593550730932
MET004,1,4,1,0,1.7638649720611568
MET004,1,4,1,1,1.7491395766187536
MET004,1,4,1,2,1.4178542642521843
MET004,1,4,1,3,1.4997825642647142
MET004,1,4,1,4,1.5814163531132177
MET004,1,4,1,5,1.1536166664897272
MET004,1,4,1,6,1.5504147333283369
MET004,1,4,1,7,1.3996179625039011
MET004,1,4,1,8,1.4268301290152452
MET004,1,4,1,9,1.2324644384763703
MET004,1,4,2,0,1.6023472077608467
MET004,1,4,2,1,1.6994450105424519
MET004,1,4,2,2,1.1404014669182232
MET004,1,4,2,3,1.2956358675706054
MET004,1,4,2,4,1.0926880183223835
MET004,1,4,2,5,1.1001668343648554
MET004,1,4,2,6,1.2185548560162769
MET004,1,4,2,7,1.3702217114900372
MET004,1,4,2,8,1.2147706826945357
MET004,1,4,2,9,1.2200132351689117
MET004,1,4,3,0,1.8748793122023208
MET004,1,4,3,1,1.5027810505584629
MET004,1,4,3,2,1.4124000122904323
MET004,1,4,3,3,1.1993732023365349
MET004,1,4,3,4,1.1081984774203617
MET004,1,4,3,5,0.86892791149024429
MET004,1,4,3,6,0.90634753532138479
MET004,1,4,3,7,0.96864290450446044
MET004,1,4,3,8,1.4350738651645136
MET004,1,4,3,9,1.5277591984391286
MET004,1,4,4,0,1.8266054453183951
MET004,1,4,4,1,1.7755939425923843
MET004,1,4,4,2,1.5049918526813351
MET004,1,4,4,3,1.4047510245641184
MET004,1,4,4,4,1.0095751033828164
MET004,1,4,4,5,0.7128043770389445
MET004,1,4,4,6,0.96152214417465676
MET004,1,4,4,7,0.88401021810529734
MET004,1,4,4,8,1.3386816924218601
MET004,1,4,4,9,1.2903320855632912
MET004,1,4,5,0,1.8505995400645945
MET004,1,4,5,1,1.8335044397376199
MET004,1,4,5,2,1.6030048577483138
MET004,1,4,5,3,1.5190164899826106
MET004,1,4,5,4,1.0118783906829023
MET004,1,4,5,5,0.95027449355030735
MET004,1,4,5,6,0.97061823170720596
MET004,1,4,5,7,1.0080168098846314
MET004,1,4,5,8,1.2321311783150664
MET004,1,4,5,9,1.4103521211254679
MET004,1,4,6,0,1.8105319697364668
MET004,1,4,6,1,1.79261760590793
MET004,1,4,6,2,1.6406481623167433
MET004,1,4,6,3,1.0845329435277302
MET004,1,4,6,4,1.1305829469323037
MET004,1,4,6,5,1.1132392613835651
MET004,1,4,6,6,1.0255050810339379
MET004,1,4,6,7,1.1209748068850769
MET004,1,4,6,8,0.86916638022568982
MET004,1,4,6,9,1.2039565229287124
MET004,1,4,7,0,1.8368268064158251
MET004,1,4,7,1,1.6970180175892209
MET004,1,4,7,2,1.3863478494747077
MET004,1,4,7,3,1.4514110885978293
MET004,1,4,7,4,0.86730130722798393
MET004,1,4,7,5,1.1518362817585734
MET004,1,4,7,6,1.3110426543466598
MET004,1,4,7,7,1.1515796281761772
MET004,1,4,7,8,1.2787191279246699
MET004,1,4,7,9,1.170396823121773
MET004,1,4,8,0,1.5035370371348784
MET004,1,4,8,1,1.3055243913421557
MET004,1,4,8,2,1.474995352617652
MET004,1,4,8,3,1.2258633774287051
MET004,1,4,8,4,1.2526987992712089
MET004,1,4,8,5,1.0668484097489948
MET004,1,4,8,6,1.0234745114163148
MET004,1,4,8,7,1.1731718041973704
MET004,1,4,8,8,1.4179627255506997
MET004,1,4,8,9,1.1738726746422683
MET004,1,4,9,0,1.4994069860531167
MET004,1,4,9,1,1.5683231836844524
MET004,1,4,9,2,1.2379678167793309
MET004,1,4,9,3,1.2906962038121057
MET004,1,4,9,4,1.0596879505431964
MET004,1,4,9,5,1.1884579511005411
MET004,1,4,9,6,1.0217119228979004
MET004,1,4,9,7,1.2585177190707979
MET004,1,4,9,8,1.2688859719346466
MET004,1,4,9,9,1.3639940698748989
MET004,2,1,0,0,1.6623684258354501
MET004,2,1,0,1,1.7184811152434118
MET004,2,1,0,2,1.6016059194150931
MET004,2,1,0,3,1.5200575009272557
MET004,2,1,0,4,1.3406399524604089
MET004,2,1,0,5,1.2775688852200788
MET004,2,1,0,6,1.2396658542823342
MET004,2,1,0,7,1.0931382308268656
MET004,2,1,0,8,1.2938063807437643
MET004,2,1,0,9,1.5000687264968346
MET004,2,1,1,0,1.5350139453862104
MET004,2,1,1,1,1.5543692026467977
MET004,2,1,1,2,1.5758034129579197
MET004,2,1,1,3,1.3411188223144983
MET004,2,1,1,4,1.2854724171307881
MET004,2,1,1,5,1.4543936226423133
MET004,2,1,1,6,1.3228398001202939
MET004,2,1,1,7,1.2739135901846927
MET004,2,1,1,8,1.4364310318082676
MET004,2,1,1,9,1.3422696599313075
MET004,2,1,2,0,1.7781279596534667
MET004,2,1,2,1,1.6163399750205936
MET004,2,1,2,2,1.204123991735399
MET004,2,1,2,3,1.1319563611428962
MET004,2,1,2,4,1.1275463810821458
MET004,2,1,2,5,1.2052126333328852
MET004,2,1,2,6,1.0456744179355195
MET004,2,1,2,7,1.3267881692646148
MET004,2,1,2,8,1.3409793283184124
MET004,2,1,2,9,1.3697261272390882
MET004,2,1,3,0,1.8677756266043719
MET004,2,1,3,1,1.8096482663345519
MET004,2,1,3,2,1.4769773144788341
MET004,2,1,3,3,1.1223746776338603
MET004,2,1,3,4,0.66032064046374928
MET004,2,1,3,5,0.84886547068782225
MET004,2,1,3,6,0.94094042255980559
MET004,2,1,3,7,1.0076920654937029
MET004,2,1,3,8,1.2658545329936737
MET004,2,1,3,9,1.5616110935669796
MET004,2,1,4,0,1.9208615505989199
MET004,2,1,4,1,1.8822945010158181
MET004,2,1,4,2,1.7351060408454426
MET004,2,1,4,3,1.3547237099391949
MET004,2,1,4,4,1.0912927946310005
MET004,2,1,4,5,0.79649690616949687
MET004,2,1,4,6,0.8736153607362217
MET004,2,1,4,7,1.1351566254548913
MET004,2,1,4,8,1.323902036965845
MET004,2,1,4,9,1.3450392962877116
MET004,2,1,5,0,1.8638373530136048
MET004,2,1,5,1,1.8474354208607515
MET004,2,1,5,2,1.7491647919499442
MET004,2,1,5,3,1.5554130181822063
MET004,2,1,5,4,0.89831768668525691
MET004,2,1,5,5,0.86171381505585598
MET004,2,1,5,6,1.0461323083738787
MET004,2,1,5,7,1.0592456223938174
MET004,2,1,5,8,0.92041308133786603
MET004,2,1,5,9,1.2184013490963082
MET004,2,1,6,0,1.8123990059977899
MET004,2,1,6,1,1.6913303230102068
MET004,2,1,6,2,1.7179710004912885
MET004,2,1,6,3,1.2155757906487938
MET004,2,1,6,4,1.1573967840198711
MET004,2,1,6,5,0.71587332837431872
MET004,2,1,6,6,1.0968286229016468
MET004,2,1,6,7,1.1222709282044716
MET004,2,1,6,8,0.89908404376767748
MET004,2,1,6,9,1.1526623858800109
MET004,2,1,7,0,1.7856268959042831
MET004,2,1,7,1,1.7269063719771112
MET004,2,1,7,2,1.4739649342748296
MET004,2,1,7,3,1.482180487280788
MET004,2,1,7,4,1.0085527425135312
MET004,2,1,7,5,1.0547561024597234
MET004,2,1,7,6,1.0593518606719148
MET004,2,1,7,7,1.2958862339278052
MET004,2,1,7,8,1.1074408213865268
MET004,2,1,7,9,0.86419754018830719
MET004,2,1,8,0,1.7507224272188666
MET004,2,1,8,1,1.5431823800040152
MET004,2,1,8,2,1.3485565966342958
MET004,2,1,8,3,1.1229416685322631
MET004,2,1,8,4,1.149743540939413
MET004,2,1,8,5,0.99358128238327503
MET004,2,1,8,6,1.1837995485292709
MET004,2,1,8,7,1.1136266332916152
MET004,2,1,8,8,1.2594584301739995
MET004,2,1,8,9,1.1343675680109384
MET004,2,1,9,0,1.5238034577258046
MET004,2,1,9,1,1.5283428687178804
MET004,2,1,9,2,1.4343517102455119
MET004,2,1,9,3,1.2774541585909505
MET004,2,1,9,4,1.3547127271261044
MET004,2,1,9,5,0.89629930517759837
MET004,2,1,9,6,1.2928032434773775
MET004,2,1,9,7,0.95793982081142504
MET004,2,1,9,8,1.0972554159894077
MET004,2,1,9,9,1.224925928322528
MET004,2,2,0,0,1.472856383941874
MET004,2,2,0,1,1.5371841007842006
MET004,2,2,0,2,1.3793418983148562
MET004,2,2,0,3,1.4407154338515744
MET004,2,2,0,4,1.2835991043362149
MET004,2,2,0,5,1.1269224560901827
MET004,2,2,0,6,1.173780171050677
MET004,2,2,0,7,1.1692408226540081
MET004,2,2,0,8,1.2935018935571314
MET004,2,2,0,9,1.419233234637427
MET004,2,2,1,0,1.6790700467684914
MET004,2,2,1,1,1.6433575312292072
MET004,2,2,1,2,1.4012177123321796
MET004,2,2,1,3,1.2773926819734096
MET004,2,2,1,4,1.4298282408662639
MET004,2,2,1,5,1.3116911199938186
MET004,2,2,1,6,1.1132479289134889
MET004,2,2,1,7,1.3953564756893748
MET004,2,2,1,8,1.3925976950771477
MET004,2,2,1,9,1.4877958636304334
MET004,2,2,2,0,1.6574563096098596
MET004,2,2,2,1,1.5326177916835959
MET004,2,2,2,2,1.2054316741508879
MET004,2,2,2,3,1.1639015385050933
MET004,2,2,2,4,0.95053988517074761
MET004,2,2,2,5,1.0923385580163121
MET004,2,2,2,6,1.0923812584616619
MET004,2,2,2,7,1.4377686206032201
MET004,2,2,2,8,1.4469700636568854
MET004,2,2,2,9,1.385058214189212
MET004,2,2,3,0,1.8603975193437079
MET004,2,2,3,1,1.7542072952552898
MET004,2,2,3,2,1.519224689441387
MET004,2,2,3,3,1.1967088646507342
MET004,2,2,3,4,0.9156966908293086
MET004,2,2,3,5,0.74533064071644162
MET004,2,2,3,6,0.7632218230784763
MET004,2,2,3,7,1.1918321803938614
MET004,2,2,3,8,1.2591699264110183
MET004,2,2,3,9,1.3118973063081221
MET004,2,2,4,0,1.8961408984516848
MET004,2,2,4,1,1.8465341839886
MET004,2,2,4,2,1.7578989689346145
MET004,2,2,4,3,1.18771335009765
MET004,2,2,4,4,0.8675434565809591
MET004,2,2,4,5,0.90227009690247439
MET004,2,2,4,6,0.88950951002834566
MET004,2,2,4,7,0.99986615437888315
MET004,2,2,4,8,1.5085765110627063
MET004,2,2,4,9,1.3486336801446748
MET004,2,2,5,0,1.8796164387104728
MET004,2,2,5,1,1.7900845877754341
MET004,2,2,5,2,1.6382293428100938
MET004,2,2,5,3,1.2968345775264845
MET004,2,2,5,4,1.228207686954133
MET004,2,2,5,5,1.1996364521957423
MET004,2,2,5,6,1.0035263573724271
MET004,2,2,5,7,0.82943523769810701
MET004,2,2,5,8,0.86824646453047782
MET004,2,2,5,9,1.1497837763317134
MET004,2,2,6,0,1.8454932615641264
MET004,2,2,6,1,1.8061064835746885
MET004,2,2,6,2,1.5368779153205541
MET004,2,2,6,3,1.3430139182280112
MET004,2,2,6,4,1.0598019071696081
MET004,2,2,6,5,0.6859019452534123
MET004,2,2,6,6,1.1340666075258934
MET004,2,2,6,7,0.92869454699067999
MET004,2,2,6,8,0.99269032976887961
MET004,2,2,6,9,0.84032052911117916
MET004,2,2,7,0,1.7727123335078308
MET004,2,2,7,1,1.7662362171476311
MET004,2,2,7,2,1.2507256416314156
MET004,2,2,7,3,1.0373345041082402
MET004,2,2,7,4,1.0181031013004351
MET004,2,2,7,5,0.92485508023188756
MET004,2,2,7,6,1.0446517351387357
MET004,2,2,7,7,1.0146404681608134
MET004,2,2,7,8,0.87575641914562052
MET004,2,2,7,9,1.1306947942898722
MET004,2,2,8,0,1.6806617888759507
MET004,2,2,8,1,1.6974422333920165
MET004,2,2,8,2,1.5089874806976054
MET004,2,2,8,3,1.0412302891596674
MET004,2,2,8,4,1.0826836019855004
MET004,2,2,8,5,0.86150663870480937
MET004,2,2,8,6,0.79336511880132887
MET004,2,2,8,7,1.261543807967626
MET004,2,2,8,8,1.2309046068775182
MET004,2,2,8,9,1.1743794484453076
MET004,2,2,9,0,1.6143949043930412
MET004,2,2,9,1,1.349519286824346
MET004,2,2,9,2,1.4406702640364577
MET004,2,2,9,3,1.2426116857075862
MET004,2,2,9,4,0.76477399115179689
MET004,2,2,9,5,1.0204887300522996
MET004,2,2,9,6,1.0998537699669659
MET004,2,2,9,7,0.92399287385839601
MET004,2,2,9,8,1.2466056616124612
MET004,2,2,9,9,1.1555508456202712
MET004,2,3,0,0,1.5670129399189348
MET004,2,3,0,1,1.6479940708621983
MET004,2,3,0,2,1.4581039117421584
MET004,2,3,0,3,1.4337027050736482
MET004,2,3,0,4,1.1598461223541785
MET004,2,3,0,5,1.2719864245581451
MET004,2,3,0,6,1.3884361716405331
MET004,2,3,0,7,1.1774903722303265
MET004,2,3,0,8,1.134761395483181
MET004,2,3,0,9,1.3294451564361902
MET004,2,3,1,0,1.6554176782035843
MET004,2,3,1,1,1.7841608376192726
MET004,2,3,1,2,1.575888744454176
MET004,2,3,1,3,1.2817854543876177
MET004,2,3,1,4,1.3724194482433769
MET004,2,3,1,5,1.1576902363271966
MET004,2,3,1,6,1.2530174289376284
MET004,2,3,1,7,1.2638547884120466
MET004,2,3,1,8,1.3453616232038397
MET004,2,3,1,9,1.3723777508684081
MET004,2,3,2,0,1.819974813595584
MET004,2,3,2,1,1.6781330121779916
MET004,2,3,2,2,1.3075725249290926
MET004,2,3,2,3,1.1493977318755757
MET004,2,3,2,4,1.0128509228867242
MET004,2,3,2,5,1.3110854760169104
MET004,2,3,2,6,1.1306147100375934
MET004,2,3,2,7,1.0181410332255092
MET004,2,3,2,8,1.295381184091857
MET004,2,3,2,9,1.3825259148998073
MET004,2,3,3,0,1.8858659038903705
MET004,2,3,3,1,1.6491419252755086
MET004,2,3,3,2,1.4870107987141488
MET004,2,3,3,3,1.0511384832490325
MET004,2,3,3,4,0.83377492483063009
MET004,2,3,3,5,0.80614905685759319
MET004,2,3,3,6,1.042437294071602
MET004,2,3,3,7,1.0340835112411122
MET004,2,3,3,8,1.0875229928416359
MET004,2,3,3,9,1.6531051526160143
MET004,2,3,4,0,1.9145424908335904
MET004,2,3,4,1,1.873616539711539
MET004,2,3,4,2,1.5590787424797257
MET004,2,3,4,3,1.450151281479531
MET004,2,3,4,4,1.0195020281800731
MET004,2,3,4,5,0.88730798898925989
MET004,2,3,4,6,0.84703042684140217
MET004,2,3,4,7,0.74498254128413521
MET004,2,3,4,8,1.3428500170135631
MET004,2,3,4,9,1.5290168281245562
MET004,2,3,5,0,1.9349911594432361
MET004,2,3,5,1,1.9111612432436271
MET004,2,3,5,2,1.2691640846924632
MET004,2,3,5,3,1.5187936563105373
MET004,2,3,5,4,0.99529794934218363
MET004,2,3,5,5,0.67457771633564756
MET004,2,3,5,6,1.2989055665244551
MET004,2,3,5,7,0.80828724404551811
MET004,2,3,5,8,1.1346659036098281
MET004,2,3,5,9,1.3172689090975886
MET004,2,3,6,0,1.7515914450889207
MET004,2,3,6,1,1.7373900914705347
MET004,2,3,6,2,1.7561019949512069
MET004,2,3,6,3,1.3176154367226636
MET004,2,3,6,4,0.91995152061330476
MET004,2,3,6,5,0.79040720295892553
MET004,2,3,6,6,1.1395958406100184
MET004,2,3,6,7,1.1582963760559295
MET004,2,3,6,8,1.1733720566836201
MET004,2,3,6,9,1.1299084795604135
MET004,2,3,7,0,1.7824780409811314
MET004,2,3,7,1,1.7928975076010782
MET004,2,3,7,2,1.4294673677210532
MET004,2,3,7,3,1.1269134657271258
MET004,2,3,7,4,0.98714803304483678
MET004,2,3,7,5,1.0141740715904748
MET004,2,3,7,6,1.1975151920264628
MET004,2,3,7,7,1.0792002406482311
MET004,2,3,7,8,1.0040361572314884
MET004,2,3,7,9,0.94913356515100722
MET004,2,3,8,0,1.7635877711438868
MET004,2,3,8,1,1.5935387620316166
MET004,2,3,8,2,1.4071952270956063
MET004,2,3,8,3,1.0670675457323373
MET004,2,3,8,4,1.0633471449624179
MET004,2,3,8,5,0.85340167710214343
MET004,2,3,8,6,1.2796914716886312
MET004,2,3,8,7,1.2144628690593988
MET004,2,3,8,8,1.1920736299890848
MET004,2,3,8,9,1.1514062595678494
MET004,2,3,9,0,1.6262547773665219
MET004,2,3,9,1,1.4495633452758421
MET004,2,3,9,2,1.4808081348088631
MET004,2,3,9,3,1.2380052865812987
MET004,2,3,9,4,1.2121190961196091
MET004,2,3,9,5,0.86096197411113429
MET004,2,3,9,6,1.1449850919721547
MET004,2,3,9,7,1.3017599552689754
MET004,2,3,9,8,1.4111191695535383
MET004,2,3,9,9,1.3125708699340974
MET004,2,4,0,0,1.5959290584894847
MET004,2,4,0,1,1.606826942199217
MET004,2,4,0,2,1.4486784060114679
MET004,2,4,0,3,1.3619458744133011
MET004,2,4,0,4,1.1996229538464704
MET004,2,4,0,5,1.445276144346002
MET004,2,4,0,6,1.2313541461905615
MET004,2,4,0,7,1.2742592815592677
MET004,2,4,0,8,1.3123423726842041
MET004,2,4,0,9,1.3196116840699692
MET004,2,4,1,0,1.6530680172879624
MET004,2,4,1,1,1.6421586376210091
MET004,2,4,1,2,1.6281948582496513
MET004,2,4,1,3,1.377177815881663
MET004,2,4,1,4,1.3226829491242866
MET004,2,4,1,5,1.4307686674380196
MET004,2,4,1,6,1.1354827311624098
MET004,2,4,1,7,1.3095510930750729
MET004,2,4,1,8,1.3488270499508948
MET004,2,4,1,9,1.4316152499393866
MET004,2,4,2,0,1.652254765721731
MET004,2,4,2,1,1.6331546963903485
MET004,2,4,2,2,1.1391657325445217
MET004,2,4,2,3,1.0897674505026544
MET004,2,4,2,4,1.3141204543374576
MET004,2,4,2,5,1.254481363970988
MET004,2,4,2,6,1.1591674746059155
MET004,2,4,2,7,1.1728220981526809
MET004,2,4,2,8,1.3368184849683151
MET004,2,4,2,9,1.322955947162392
MET004,2,4,3,0,1.7939225486327803
MET004,2,4,3,1,1.7486963146401009
MET004,2,4,3,2,1.5699201569583945
MET004,2,4,3,3,1.1255748634739473
MET004,2,4,3,4,0.79986679035971509
MET004,2,4,3,5,0.82268585808586614
MET004,2,4,3,6,0.8014841108859948
MET004,2,4,3,7,1.3144443667629671
MET004,2,4,3,8,1.2371996881299985
MET004,2,4,3,9,1.412758698259547
MET004,2,4,4,0,1.8997711897379488
MET004,2,4,4,1,1.8453781260722231
MET004,2,4,4,2,1.6008078985913152
MET004,2,4,4,3,1.361531363359872
MET004,2,4,4,4,0.95628739584985278
MET004,2,4,4,5,0.82049552800953351
MET004,2,4,4,6,0.87260687139496418
MET004,2,4,4,7,1.1607642867366823
MET004,2,4,4,8,1.3811475772882882
MET004,2,4,4,9,1.4084781967281952
MET004,2,4,5,0,1.7786183462080865
MET004,2,4,5,1,1.749968148531013
MET004,2,4,5,2,1.565691126335504
MET004,2,4,5,3,1.5641302135583579
MET004,2,4,5,4,1.0001946324688569
MET004,2,4,5,5,1.0933222395580211
MET004,2,4,5,6,0.99694188237347459
MET004,2,4,5,7,1.0514008831140289
MET004,2,4,5,8,0.97711701243112681
MET004,2,4,5,9,1.145660994946768
MET004,2,4,6,0,1.8001197543900089
MET004,2,4,6,1,1.8319285234021063
MET004,2,4,6,2,1.5787435201482991
MET004,2,4,6,3,1.1845367492608589
MET004,2,4,6,4,1.0828791435293348
MET004,2,4,6,5,0.92303125158023203
MET004,2,4,6,6,0.88482550111502467
MET004,2,4,6,7,1.0689402489307245
MET004,2,4,6,8,1.0599062158123655
MET004,2,4,6,9,0.81401014115870052
MET004,2,4,7,0,1.7077711050353732
MET004,2,4,7,1,1.7831290602079872
MET004,2,4,7,2,1.360317259668409
MET004,2,4,7,3,1.1746896326978766
MET004,2,4,7,4,0.91268203294327477
MET004,2,4,7,5,0.85904399474622595
MET004,2,4,7,6,1.126040564983442
MET004,2,4,7,7,0.94737853735146038
MET004,2,4,7,8,1.3611762456582674
MET004,2,4,7,9,0.88180456393988238
MET004,2,4,8,0,1.4396696259124342
MET004,2,4,8,1,1.7422497858328621
MET004,2,4,8,2,1.5850115591527325
MET004,2,4,8,3,1.0821271437028142
MET004,2,4,8,4,1.0671433553900145
MET004,2,4,8,5,1.0399299562192661
MET004,2,4,8,6,1.1088298548622384
MET004,2,4,8,7,1.1678274435399187
MET004,2,4,8,8,1.165412579734292
MET004,2,4,8,9,1.1959646747090675
MET004,2,4,9,0,1.6187783366006487
MET004,2,4,9,1,1.4856134426937706
MET004,2,4,9,2,1.3416265673277985
MET004,2,4,9,3,1.2509907114662508
MET004,2,4,9,4,1.3513041397252177
MET004,2,4,9,5,1.3180136818216648
MET004,2,4,9,6,1.2837226977482501
MET004,2,4,9,7,1.1984456854132104
MET004,2,4,9,8,1.1165828305098526
MET004,2,4,9,9,1.1408394559970021
MET005,1,1,0,0,1.5974751112407677
MET005,1,1,0,1,1.3793802586583026
MET005,1,1,0,2,1.3985784736175946
MET005,1,1,0,3,1.5429248262086543
MET005,1,1,0,4,1.5839772476917326
MET005,1,1,0,5,1.4774707156116813
MET005,1,1,0,6,1.4221742235290971
MET005,1,1,0,7,1.0172964609129869
MET005,1,1,0,8,1.0914115276879084
MET005,1,1,0,9,1.4432725407306128
MET005,1,1,1,0,1.7591189733066834
MET005,1,1,1,1,1.6222332589179775
MET005,1,1,1,2,1.5062788680528705
MET005,1,1,1,3,1.4299236885113411
MET005,1,1,1,4,1.6362003769752076
MET005,1,1,1,5,1.5683746958656968
MET005,1,1,1,6,1.2122165781667116
MET005,1,1,1,7,1.1370091184857123
MET005,1,1,1,8,1.2756847694245412
MET005,1,1,1,9,1.2049097699873357
MET005,1,1,2,0,1.5638377345139614
MET005,1,1,2,1,1.4386995259522553
MET005,1,1,2,2,1.1250854989878609
MET005,1,1,2,3,1.3680771419402611
MET005,1,1,2,4,1.1920577386718962
MET005,1,1,2,5,1.1548614357320099
MET005,1,1,2,6,0.84434316502710893
MET005,1,1,2,7,1.4717414359168517
MET005,1,1,2,8,1.1417606482523031
MET005,1,1,2,9,1.0168272619533405
MET005,1,1,3,0,1.3775833928791119
MET005,1,1,3,1,1.2853924183632379
MET005,1,1,3,2,1.2341595449793064
MET005,1,1,3,3,0.98558747358324739
MET005,1,1,3,4,1.0824178952726065
MET005,1,1,3,5,1.1102611363009336
MET005,1,1,3,6,1.0829451231591882
MET005,1,1,3,7,1.5514832181525584
MET005,1,1,3,8,1.1982249020600209
MET005,1,1,3,9,1.1012713597462085
MET005,1,1,4,0,1.5651721703614181
MET005,1,1,4,1,1.4623594187030511
MET005,1,1,4,2,1.6469005889730617
MET005,1,1,4,3,0.91567316204504756
MET005,1,1,4,4,1.1381948002558684
MET005,1,1,4,5,0.98352530844454655
MET005,1,1,4,6,0.90219129791134556
MET005,1,1,4,7,1.2862008286271618
MET005,1,1,4,8,1.1079128028923615
MET005,1,1,4,9,1.0660887558710297
MET005,1,1,5,0,1.3618482925550726
MET005,1,1,5,1,1.4531447603248748
MET005,1,1,5,2,0.97348157425341664
MET005,1,1,5,3,1.297821536483132
MET005,1,1,5,4,1.2912517925031699
MET005,1,1,5,5,1.1620950646717247
MET005,1,1,5,6,1.1304216188470804
MET005,1,1,5,7,0.87420409851745084
MET005,1,1,5,8,1.2220308442199066
MET005,1,1,5,9,0.8537690661991979
MET005,1,1,6,0,1.1883167019546603
MET005,1,1,6,1,1.1588128932542543
MET005,1,1,6,2,1.3837388430392952
MET005,1,1,6,3,1.2809687777138326
MET005,1,1,6,4,1.3889108877039169
MET005,1,1,6,5,1.1469341086561118
MET005,1,1,6,6,1.5621601417675577
MET005,1,1,6,7,0.93555011421399403
MET005,1,1,6,8,1.0080393092002142
MET005,1,1,6,9,1.1714662811668068
MET005,1,1,7,0,1.2067338040221338
MET005,1,1,7,1,1.1774963475191575
MET005,1,1,7,2,1.2180800969469343
MET005,1,1,7,3,1.1292746365134685
MET005,1,1,7,4,1.5803643608906552
MET005,1,1,7,5,1.1601136480488043
MET005,1,1,7,6,1.169069950158828
MET005,1,1,7,7,1.1020759677594605
MET005,1,1,7,8,1.0180959104479199
MET005,1,1,7,9,0.92512353234138556
MET005,1,1,8,0,1.3140353493826766
MET005,1,1,8,1,1.1990479657650917
MET005,1,1,8,2,1.6044482956476005
MET005,1,1,8,3,1.06250130771288
MET005,1,1,8,4,1.2652287938783948
MET005,1,1,8,5,1.4450758022137411
MET005,1,1,8,6,1.2189699260547209
MET005,1,1,8,7,1.2962950547729923
MET005,1,1,8,8,1.1443191255899468
MET005,1,1,8,9,1.1621967239868105
MET005,1,1,9,0,1.1809995561900917
MET005,1,1,9,1,1.4296605607229598
MET005,1,1,9,2,1.5063300063716989
MET005,1,1,9,3,1.0819608109686838
MET005,1,1,9,4,1.1569164329227939
MET005,1,1,9,5,1.1520173478988325
MET005,1,1,9,6,0.87161215101209644
MET005,1,1,9,7,1.0026217155524026
MET005,1,1,9,8,1.1749532510103864
MET005,1,1,9,9,1.2800697878835194
MET005,1,2,0,0,1.844099127666899
MET005,1,2,0,1,1.7829609964290174
MET005,1,2,0,2,1.7030824180986044
MET005,1,2,0,3,1.1594673141438456
MET005,1,2,0,4,1.2107343770646328
MET005,1,2,0,5,1.2733311670649126
MET005,1,2,0,6,1.2888921804829618
MET005,1,2,0,7,0.98051340479611981
MET005,1,2,0,8,1.0746197937346782
MET005,1,2,0,9,1.1256045231984098
MET005,1,2,1,0,1.8632062748991287
MET005,1,2,1,1,1.2895022355954562
MET005,1,2,1,2,0.968697468643135
MET005,1,2,1,3,1.4543635036688858
MET005,1,2,1,4,1.1374640120302442
MET005,1,2,1,5,1.0503596853613146
MET005,1,2,1,6,1.0948524923768628
MET005,1,2,1,7,1.3000371469631631
MET005,1,2,1,8,1.141624069471936
MET005,1,2,1,9,1.0490487461395208
MET005,1,2,2,0,1.2996778459458771
MET005,1,2,2,1,1.2356605934095486
MET005,1,2,2,2,1.2170374359014435
MET005,1,2,2,3,1.2221787195587115
MET005,1,2,2,4,1.2037457360765604
MET005,1,2,2,5,1.1920312208920958
MET005,1,2,2,6,1.230289687807514
MET005,1,2,2,7,1.1177908295866528
MET005,1,2,2,8,1.1136449935146395
MET005,1,2,2,9,1.4495340174294975
MET005,1,2,3,0,1.0568433174321896
MET005,1,2,3,1,1.1515695404920496
MET005,1,2,3,2,1.1338340497248489
MET005,1,2,3,3,1.2032413742280861
MET005,1,2,3,4,1.3343462794357464
MET005,1,2,3,5,0.97225966409394582
MET005,1,2,3,6,0.96637057562130924
MET005,1,2,3,7,1.3082718063029759
MET005,1,2,3,8,1.2113567258980109
MET005,1,2,3,9,1.4088199683666569
MET005,1,2,4,0,1.2925899768669389
MET005,1,2,4,1,1.2984097991042376
MET005,1,2,4,2,1.458525942573528
MET005,1,2,4,3,1.2465974670674338
MET005,1,2,4,4,1.0616239388885096
MET005,1,2,4,5,0.81250329589481574
MET005,1,2,4,6,0.91064821396957085
MET005,1,2,4,7,1.1877611828920387
MET005,1,2,4,8,1.3258848102296841
MET005,1,2,4,9,1.3333012938247015
MET005,1,2,5,0,1.406344247065541
MET005,1,2,5,1,1.2581343774357356
MET005,1,2,5,2,1.2904268414941489
MET005,1,2,5,3,1.0499977639176237
MET005,1,2,5,4,0.99041697645799542
MET005,1,2,5,5,1.2781757503795097
MET005,1,2,5,6,0.91240237732919716
MET005,1,2,5,7,1.3766975826056411
MET005,1,2,5,8,1.0362366927836997
MET005,1,2,5,9,1.0748228393438499
MET005,1,2,6,0,1.2435967009088358
MET005,1,2,6,1,1.2960221955680971
MET005,1,2,6,2,1.1216662351756894
MET005,1,2,6,3,0.82133966036761807
MET005,1,2,6,4,1.4815261453168111
MET005,1,2,6,5,0.97689211355852124
MET005,1,2,6,6,1.4214217390587127
MET005,1,2,6,7,1.473399536765915
MET005,1,2,6,8,0.9231162228983496
MET005,1,2,6,9,1.3996247483491704
MET005,1,2,7,0,1.4279054390560064
MET005,1,2,7,1,1.0588592340637375
MET005,1,2,7,2,1.0382331921327037
MET005,1,2,7,3,1.1444246028818477
MET005,1,2,7,4,1.0086250702127022
MET005,1,2,7,5,1.2980318243806768
MET005,1,2,7,6,1.3035259517722879
MET005,1,2,7,7,1.2282208967635906
MET005,1,2,7,8,1.1436574076805031
MET005,1,2,7,9,1.091628706834501
MET005,1,2,8,0,0.99935187892353561
MET005,1,2,8,1,1.3425908464081859
MET005,1,2,8,2,1.2657993082906669
MET005,1,2,8,3,1.1286527305792964
MET005,1,2,8,4,1.2001342981651886
MET005,1,2,8,5,0.88739634402423562
MET005,1,2,8,6,1.0113297872226006
MET005,1,2,8,7,1.2227399829985186
MET005,1,2,8,8,1.2178429045898442
MET005,1,2,8,9,1.3914883800264259
MET005,1,2,9,0,1.0609519097643223
MET005,1,2,9,1,1.1667795491014894
MET005,1,2,9,2,1.5389044175586315
MET005,1,2,9,3,1.3967606597803264
MET005,1,2,9,4,1.243742470185367
MET005,1,2,9,5,1.0891014555856331
MET005,1,2,9,6,1.106063301453412
MET005,1,2,9,7,1.0248350483813533
MET005,1,2,9,8,1.0276077394334868
MET005,1,2,9,9,0.95771365233306882
MET005,1,3,0,0,1.8160621890396351
MET005,1,3,0,1,1.5028213146633456
MET005,1,3,0,2,1.4597296558583164
MET005,1,3,0,3,1.6904907957187814
MET005,1,3,0,4,1.7517978295934411
MET005,1,3,0,5,1.1806241858789399
MET005,1,3,0,6,1.5414635527774605
MET005,1,3,0,7,1.2773735404638311
MET005,1,3,0,8,1.4456037240904571
MET005,1,3,0,9,1.4105273361441788
MET005,1,3,1,0,1.5649610796788298
MET005,1,3,1,1,1.6967977217208847
MET005,1,3,1,2,1.6505859570783712
MET005,1,3,1,3,1.2797684512130865
MET005,1,3,1,4,1.2150667583662265
MET005,1,3,1,5,1.1007158752179749
MET005,1,3,1,6,1.514157253877453
MET005,1,3,1,7,1.2576929710353624
MET005,1,3,1,8,1.1732559804130958
MET005,1,3,1,9,0.99320017458436882
MET005,1,3,2,0,1.4417749852436907
MET005,1,3,2,1,1.3348069540396366
MET005,1,3,2,2,1.6322008683783169
MET005,1,3,2,3,1.2613809479012783
MET005,1,3,2,4,0.99148107120105278
MET005,1,3,2,5,1.3288882914455244
MET005,1,3,2,6,1.2713387453501857
MET005,1,3,2,7,1.1293306780902703
MET005,1,3,2,8,1.2475452012482064
MET005,1,3,2,9,1.0428976124660476
MET005,1,3,3,0,1.2330047545556988
MET005,1,3,3,1,1.6074735496665149
MET005,1,3,3,2,1.20524096759163
MET005,1,3,3,3,1.0336941267393096
MET005,1,3,3,4,0.95138076731486521
MET005,1,3,3,5,0.99943995365197602
MET005,1,3,3,6,1.1717202993923892
MET005,1,3,3,7,1.0521614865698909
MET005,1,3,3,8,1.3630545706637058
MET005,1,3,3,9,1.3633614365294269
MET005,1,3,4,0,1.647896157761146
MET005,1,3,4,1,1.4453162963674884
MET005,1,3,4,2,0.93864778134075644
MET005,1,3,4,3,1.3787890193619048
MET005,1,3,4,4,1.2521185316036985
MET005,1,3,4,5,1.2722864888495049
MET005,1,3,4,6,1.0024930600376878
MET005,1,3,4,7,1.1307897372750402
MET005,1,3,4,8,1.2102509806927777
MET005,1,3,4,9,1.3669406799109705
MET005,1,3,5,0,1.502131686492433
MET005,1,3,5,1,1.1993838317212695
MET005,1,3,5,2,1.340062838311352
MET005,1,3,5,3,1.3317980859219216
MET005,1,3,5,4,0.93996939531059576
MET005,1,3,5,5,1.1246943025217924
MET005,1,3,5,6,1.5083466963950141
MET005,1,3,5,7,1.0145429007742754
MET005,1,3,5,8,1.091476238390944
MET005,1,3,5,9,1.0821258474930449
MET005,1,3,6,0,1.20500010443394
MET005,1,3,6,1,1.3208382821587528
MET005,1,3,6,2,1.3388896368744625
MET005,1,3,6,3,1.2936485411627578
MET005,1,3,6,4,1.4021420241404094
MET005,1,3,6,5,1.299711817987947
MET005,1,3,6,6,1.2009137086118291
MET005,1,3,6,7,1.0425165854358629
MET005,1,3,6,8,0.98317568252795917
MET005,1,3,6,9,1.3255685080132198
MET005,1,3,7,0,1.2301831405190629
MET005,1,3,7,1,1.294139290626354
MET005,1,3,7,2,1.2112917859330894
MET005,1,3,7,3,1.2114032961706662
MET005,1,3,7,4,1.4150462903863938
MET005,1,3,7,5,1.3327723025469511
MET005,1,3,7,6,1.1572498594432079
MET005,1,3,7,7,1.1479443177156059
MET005,1,3,7,8,1.0634187029879441
MET005,1,3,7,9,1.2725550771009635
MET005,1,3,8,0,1.1504605568887254
MET005,1,3,8,1,1.4646457567152114
MET005,1,3,8,2,1.2535637516069558
MET005,1,3,8,3,1.4766940286444861
MET005,1,3,8,4,0.93857365448852803
MET005,1,3,8,5,1.2249928074528809
MET005,1,3,8,6,1.0171052356842849
MET005,1,3,8,7,1.2637730453953278
MET005,1,3,8,8,1.2099245013519022
MET005,1,3,8,9,1.0777653633433184
MET005,1,3,9,0,1.1481635053919954
MET005,1,3,9,1,1.0348996703775739
MET005,1,3,9,2,1.2749968792909201
MET005,1,3,9,3,1.198961861068923
MET005,1,3,9,4,1.0358291402008164
MET005,1,3,9,5,1.1064855591990248
MET005,1,3,9,6,1.2882208694322328
MET005,1,3,9,7,1.6531765881524494
MET005,1,3,9,8,1.3020716320337489
MET005,1,3,9,9,1.4042778055084175
MET005,1,4,0,0,1.523489905885544
MET005,1,4,0,1,1.3266411708226351
MET005,1,4,0,2,1.1709925557640652
MET005,1,4,0,3,1.138626096247928
MET005,1,4,0,4,1.302183217757366
MET005,1,4,0,5,1.0626823911752117
MET005,1,4,0,6,1.2344865833731649
MET005,1,4,0,7,1.0741688322006695
MET005,1,4,0,8,0.96701465219957117
MET005,1,4,0,9,1.3934550552274991
MET005,1,4,1,0,1.2944428317682599
MET005,1,4,1,1,1.5052503663750141
MET005,1,4,1,2,1.2720819459040928
MET005,1,4,1,3,1.2677822686152678
MET005,1,4,1,4,0.99490278504540441
MET005,1,4,1,5,1.4499293887231524
MET005,1,4,1,6,1.5324825573605261
MET005,1,4,1,7,1.1674309104117644
MET005,1,4,1,8,1.649668104437827
MET005,1,4,1,9,1.1274228646230209
MET005,1,4,2,0,1.4039540207884362
MET005,1,4,2,1,1.3713983855041949
MET005,1,4,2,2,1.2274585222642491
MET005,1,4,2,3,1.1110010680023643
MET005,1,4,2,4,1.3960823307338408
MET005,1,4,2,5,0.87975138979109646
MET005,1,4,2,6,1.1660439970365639
MET005,1,4,2,7,1.5532527077705049
MET005,1,4,2,8,1.1597936921487928
MET005,1,4,2,9,1.2383737857399102
MET005,1,4,3,0,1.4417077645501557
MET005,1,4,3,1,1.4365362228222869
MET005,1,4,3,2,1.4383550999045422
MET005,1,4,3,3,1.3289051874313329
MET005,1,4,3,4,0.87445388870372176
MET005,1,4,3,5,1.0881306173582377
MET005,1,4,3,6,1.3666577208665187
MET005,1,4,3,7,1.4072317486576964
MET005,1,4,3,8,0.97100101933653238
MET005,1,4,3,9,1.1232791055276752
MET005,1,4,4,0,1.212190723895106
MET005,1,4,4,1,1.0691507015373962
MET005,1,4,4,2,0.95362634371555055
MET005,1,4,4,3,1.1446396601404516
MET005,1,4,4,4,0.88319796483522117
MET005,1,4,4,5,1.1689168410268469
MET005,1,4,4,6,1.0817681498977292
MET005,1,4,4,7,1.1617908963178289
MET005,1,4,4,8,1.1319344695233484
MET005,1,4,4,9,0.85188261118440689
MET005,1,4,5,0,1.1071312723326736
MET005,1,4,5,1,1.3465580166478344
MET005,1,4,5,2,1.0012083004117742
MET005,1,4,5,3,1.2274216710592734
MET005,1,4,5,4,0.99547732236132203
MET005,1,4,5,5,1.3303592453842721
MET005,1,4,5,6,0.98029777001143659
MET005,1,4,5,7,1.383846270959834
MET005,1,4,5,8,0.98083718428445121
MET005,1,4,5,9,1.3946144911083469
MET005,1,4,6,0,1.2855872452697827
MET005,1,4,6,1,1.3460518001865565
MET005,1,4,6,2,1.346919991582654
MET005,1,4,6,3,1.2708770491319146
MET005,1,4,6,4,1.4481233162947182
MET005,1,4,6,5,1.2531609490244209
MET005,1,4,6,6,1.3606975615097192
MET005,1,4,6,7,1.167525486555391
MET005,1,4,6,8,1.4002305089089675
MET005,1,4,6,9,1.1441345648531576
MET005,1,4,7,0,0.92464382767037223
MET005,1,4,7,1,1.0882505354502561
MET005,1,4,7,2,1.1370967268195868
MET005,1,4,7,3,1.1225107504137544
MET005,1,4,7,4,1.4895500220338804
MET005,1,4,7,5,1.1249274218290961
MET005,1,4,7,6,1.0741759601011791
MET005,1,4,7,7,1.0670982870524088
MET005,1,4,7,8,1.0673443057133143
MET005,1,4,7,9,1.1691685075221192
MET005,1,4,8,0,1.1792967938169521
MET005,1,4,8,1,1.3341498618931993
MET005,1,4,8,2,1.229233414349546
MET005,1,4,8,3,1.3698841717732082
MET005,1,4,8,4,1.2603515948324029
MET005,1,4,8,5,1.0665519043183589
MET005,1,4,8,6,1.3062662142147994
MET005,1,4,8,7,1.1932083821551931
MET005,1,4,8,8,1.5373237028429256
MET005,1,4,8,9,1.0800900879414497
MET005,1,4,9,0,1.1444154018843591
MET005,1,4,9,1,1.3142023539504648
MET005,1,4,9,2,1.4886404940459184
MET005,1,4,9,3,1.3926867132240923
MET005,1,4,9,4,1.2661765345363611
MET005,1,4,9,5,1.4019852085432001
MET005,1,4,9,6,0.95306449804776239
MET005,1,4,9,7,1.2093022176986683
MET005,1,4,9,8,1.4652874665079181
MET005,1,4,9,9,1.3353584569477599
MET005,2,1,0,0,1.6750931118228911
MET005,2,1,0,1,1.4924189192943624
MET005,2,1,0,2,1.720998162695655
MET005,2,1,0,3,1.7589610767874579
MET005,2,1,0,4,1.7813663978875991
MET005,2,1,0,5,1.5849446203939814
MET005,2,1,0,6,1.4992930675624341
MET005,2,1,0,7,1.2670228033949951
MET005,2,1,0,8,1.4236598061541446
MET005,2,1,0,9,1.2263104037217354
MET005,2,1,1,0,1.5711949083065699
MET005,2,1,1,1,1.895140904980535
MET005,2,1,1,2,1.6592699410363407
MET005,2,1,1,3,1.4874265172836416
MET005,2,1,1,4,1.6779651111913469
MET005,2,1,1,5,1.5386798772415904
MET005,2,1,1,6,1.4692776032269008
MET005,2,1,1,7,1.4065150093465126
MET005,2,1,1,8,1.3500306685125796
MET005,2,1,1,9,1.1905144302613218
MET005,2,1,2,0,1.6329613241840839
MET005,2,1,2,1,1.4963380311878751
MET005,2,1,2,2,1.7441112822495504
MET005,2,1,2,3,1.2168272102030788
MET005,2,1,2,4,1.1671469654777209
MET005,2,1,2,5,1.3799335450627463
MET005,2,1,2,6,1.2304391266053532
MET005,2,1,2,7,0.88460324169340954
MET005,2,1,2,8,0.81390922246322395
MET005,2,1,2,9,1.1315054123084105
MET005,2,1,3,0,1.5755674177069594
MET005,2,1,3,1,1.5467977635495245
MET005,2,1,3,2,1.4350022584068292
MET005,2,1,3,3,1.35577946865195
MET005,2,1,3,4,1.0406251297945772
MET005,2,1,3,5,1.0174922407901168
MET005,2,1,3,6,1.0407109515760111
MET005,2,1,3,7,1.0559027546938813
MET005,2,1,3,8,1.2245057384111315
MET005,2,1,3,9,1.286708998724418
MET005,2,1,4,0,1.4510880891229769
MET005,2,1,4,1,1.6146487337030389
MET005,2,1,4,2,1.5770311714021508
MET005,2,1,4,3,1.1731388636784488
MET005,2,1,4,4,0.85068042704602664
MET005,2,1,4,5,1.0010122732953222
MET005,2,1,4,6,0.84408397642937094
MET005,2,1,4,7,1.0007414877853027
MET005,2,1,4,8,1.0145890261649746
MET005,2,1,4,9,1.2598381966170789
MET005,2,1,5,0,1.6253021163820869
MET005,2,1,5,1,1.6813754748785092
MET005,2,1,5,2,1.4246458146033734
MET005,2,1,5,3,1.5507684033630968
MET005,2,1,5,4,1.0876552921771698
MET005,2,1,5,5,1.1173171479214703
MET005,2,1,5,6,1.0607012265103264
MET005,2,1,5,7,0.94481172210937403
MET005,2,1,5,8,0.96306796518189797
MET005,2,1,5,9,1.2546953192537416
MET005,2,1,6,0,1.6133720928572
MET005,2,1,6,1,1.3757666917401534
MET005,2,1,6,2,1.1806412743440635
MET005,2,1,6,3,1.0563913535491891
MET005,2,1,6,4,1.2633509432938816
MET005,2,1,6,5,1.0631165039723844
MET005,2,1,6,6,0.89027311723009073
MET005,2,1,6,7,1.2014948384959874
MET005,2,1,6,8,1.3091397789828998
MET005,2,1,6,9,1.2110790171764132
MET005,2,1,7,0,1.3430730627920631
MET005,2,1,7,1,1.2095950069287795
MET005,2,1,7,2,1.5101835676879525
MET005,2,1,7,3,1.4440070527942177
MET005,2,1,7,4,1.3217646815341833
MET005,2,1,7,5,1.1816325687731215
MET005,2,1,7,6,1.2554099466976243
MET005,2,1,7,7,1.4150846760869571
MET005,2,1,7,8,1.3068682286777005
MET005,2,1,7,9,1.2743026442076359
MET005,2,1,8,0,1.0226803183722113
MET005,2,1,8,1,1.3248936776457465
MET005,2,1,8,2,1.2432373062936419
MET005,2,1,8,3,1.2628527694782248
MET005,2,1,8,4,1.3901007370633871
MET005,2,1,8,5,0.91725582925685922
MET005,2,1,8,6,1.3699729236783365
MET005,2,1,8,7,1.4351344666525063
MET005,2,1,8,8,1.3220423055691699
MET005,2,1,8,9,1.4173535400210364
MET005,2,1,9,0,1.2818634425883839
MET005,2,1,9,1,1.5145216578202949
MET005,2,1,9,2,1.2707114127940538
MET005,2,1,9,3,1.6354951668593147
MET005,2,1,9,4,1.4126799151487337
MET005,2,1,9,5,1.4112995619744368
MET005,2,1,9,6,1.3183535439376874
MET005,2,1,9,7,1.4520500473695008
MET005,2,1,9,8,1.3455134351696378
MET005,2,1,9,9,1.4434296782064691
MET005,2,2,0,0,1.5680136464450216
MET005,2,2,0,1,1.4552375467804171
MET005,2,2,0,2,1.5904105512543203
MET005,2,2,0,3,1.5369843491077195
MET005,2,2,0,4,1.631284498426373
MET005,2,2,0,5,1.5950424254600819
MET005,2,2,0,6,1.3400653345048508
MET005,2,2,0,7,1.2633997689307646
MET005,2,2,0,8,1.1926646672459174
MET005,2,2,0,9,1.2455109414629779
MET005,2,2,1,0,1.6027446452225129
MET005,2,2,1,1,1.7182965644270609
MET005,2,2,1,2,1.6926010448570341
MET005,2,2,1,3,1.3691423783716026
MET005,2,2,1,4,1.4123372455425642
MET005,2,2,1,5,1.5472743426720716
MET005,2,2,1,6,1.2675915732076011
MET005,2,2,1,7,1.2643331150623371
MET005,2,2,1,8,1.2586159976147686
MET005,2,2,1,9,1.0388153120480388
MET005,2,2,2,0,1.5874786988318588
MET005,2,2,2,1,1.2153087208037625
MET005,2,2,2,2,1.6365699786212369
MET005,2,2,2,3,1.2771233483718931
MET005,2,2,2,4,1.1299855083276342
MET005,2,2,2,5,1.0867140830071866
MET005,2,2,2,6,1.4473959498514144
MET005,2,2,2,7,1.0759679917451013
MET005,2,2,2,8,1.1145264829279304
MET005,2,2,2,9,1.0607998499861555
MET005,2,2,3,0,1.5887241130417606
MET005,2,2,3,1,1.4150946457477036
MET005,2,2,3,2,1.3944886216912851
MET005,2,2,3,3,1.1811794214915423
MET005,2,2,3,4,0.98172259148401619
MET005,2,2,3,5,0.92661638069635599
MET005,2,2,3,6,1.1960275662181246
MET005,2,2,3,7,1.0035657166893499
MET005,2,2,3,8,1.2496743210215957
MET005,2,2,3,9,1.0494779922821391
MET005,2,2,4,0,1.4651108282686451
MET005,2,2,4,1,1.4460019518785263
MET005,2,2,4,2,1.2989612751902671
MET005,2,2,4,3,1.1571724057115649
MET005,2,2,4,4,0.86917123535501017
MET005,2,2,4,5,1.1160489894348151
MET005,2,2,4,6,0.81322148764829461
MET005,2,2,4,7,0.97718468162081285
MET005,2,2,4,8,0.95370966660432555
MET005,2,2,4,9,1.0491345222414712
MET005,2,2,5,0,1.4465101997016747
MET005,2,2,5,1,1.5106245459173209
MET005,2,2,5,2,1.2883913299418783
MET005,2,2,5,3,1.2880102724760409
MET005,2,2,5,4,1.1693239074528221
MET005,2,2,5,5,0.99767293456244766
MET005,2,2,5,6,1.1842137955188137
MET005,2,2,5,7,1.100304591281448
MET005,2,2,5,8,1.1691997858232233
MET005,2,2,5,9,1.1103418577730431
MET005,2,2,6,0,1.524701919846462
MET005,2,2,6,1,1.2713511002294622
MET005,2,2,6,2,1.2187551360322135
MET005,2,2,6,3,1.0730906765254862
MET005,2,2,6,4,1.3036731883277657
MET005,2,2,6,5,1.2534507958273511
MET005,2,2,6,6,1.0779619045631978
MET005,2,2,6,7,1.1084579384831317
MET005,2,2,6,8,1.1328219843101921
MET005,2,2,6,9,1.1351199417203379
MET005,2,2,7,0,1.4906227673505057
MET005,2,2,7,1,0.93048142643549525
MET005,2,2,7,2,1.3424626308911474
MET005,2,2,7,3,1.1100426964860579
MET005,2,2,7,4,1.3743596995246274
MET005,2,2,7,5,1.2646105293322054
MET005,2,2,7,6,1.2521188643716981
MET005,2,2,7,7,1.1780345332722892
MET005,2,2,7,8,1.1535250575443965
MET005,2,2,7,9,1.2154430528840747
MET005,2,2,8,0,1.4779525587985638
MET005,2,2,8,1,1.3344549635330942
MET005,2,2,8,2,1.1935778043102423
MET005,2,2,8,3,1.2499252290874372
MET005,2,2,8,4,1.3262021835790423
MET005,2,2,8,5,1.0542348387962386
MET005,2,2,8,6,0.98696834377650156
MET005,2,2,8,7,1.2706852781830815
MET005,2,2,8,8,1.1817742141234349
MET005,2,2,8,9,1.0181314121698382
MET005,2,2,9,0,1.3610375945934334
MET005,2,2,9,1,1.0424313883586285
MET005,2,2,9,2,1.0872745499329215
MET005,2,2,9,3,1.4179194160686857
MET005,2,2,9,4,1.3079661597995982
MET005,2,2,9,5,1.1345628206550469
MET005,2,2,9,6,1.1404615549876225
MET005,2,2,9,7,1.0446401387844111
MET005,2,2,9,8,1.3231997949584595
MET005,2,2,9,9,1.3315540535847259
MET005,2,3,0,0,1.2555292437475127
MET005,2,3,0,1,1.6650654877740072
MET005,2,3,0,2,1.3182174719373214
MET005,2,3,0,3,1.4885627947751945
MET005,2,3,0,4,1.5983352266035169
MET005,2,3,0,5,1.6318891968649474
MET005,2,3,0,6,1.720747264555482
MET005,2,3,0,7,1.4652139753805009
MET005,2,3,0,8,1.3952416012607609
MET005,2,3,0,9,1.066680912614608
MET005,2,3,1,0,1.4204085620078699
MET005,2,3,1,1,1.8204120136399431
MET005,2,3,1,2,1.4563999080262029
MET005,2,3,1,3,1.3203499743724745
MET005,2,3,1,4,1.4146094541192309
MET005,2,3,1,5,1.5133149727551407
MET005,2,3,1,6,1.6276853040409971
MET005,2,3,1,7,1.2338267822792861
MET005,2,3,1,8,1.1536997468930357
MET005,2,3,1,9,1.3052685482972171
MET005,2,3,2,0,1.410781792424151
MET005,2,3,2,1,1.3766080559033038
MET005,2,3,2,2,1.3403963171692654
MET005,2,3,2,3,1.0505694607552925
MET005,2,3,2,4,1.2305144857445496
MET005,2,3,2,5,1.2078384944261074
MET005,2,3,2,6,1.4718425458112108
MET005,2,3,2,7,1.2011084383624202
MET005,2,3,2,8,1.0557143911762683
MET005,2,3,2,9,1.2124262622510338
MET005,2,3,3,0,1.7097296631414125
MET005,2,3,3,1,1.3702448074543678
MET005,2,3,3,2,0.87656049903139577
MET005,2,3,3,3,1.0130534219272538
MET005,2,3,3,4,1.1062886204061311
MET005,2,3,3,5,1.1096793330843231
MET005,2,3,3,6,1.0742675666730226
MET005,2,3,3,7,1.2686855495714455
MET005,2,3,3,8,1.2924159161999991
MET005,2,3,3,9,1.0136025374048361
MET005,2,3,4,0,1.1720806572857874
MET005,2,3,4,1,1.3312931040170108
MET005,2,3,4,2,1.5101048947826867
MET005,2,3,4,3,1.1772422629854862
MET005,2,3,4,4,1.0128362953321115
MET005,2,3,4,5,1.0256576704461691
MET005,2,3,4,6,0.81926230625663987
MET005,2,3,4,7,1.1043436970760057
MET005,2,3,4,8,0.9952346307596508
MET005,2,3,4,9,0.95949601018208164
MET005,2,3,5,0,1.4862838514727037
MET005,2,3,5,1,1.4090256626995119
MET005,2,3,5,2,1.3275548063526119
MET005,2,3,5,3,1.4174968794773088
MET005,2,3,5,4,1.1076268628649475
MET005,2,3,5,5,1.0512518039035337
MET005,2,3,5,6,1.2135084282564921
MET005,2,3,5,7,1.1742129354735149
MET005,2,3,5,8,1.0611933338475152
MET005,2,3,5,9,1.1418065168316061
MET005,2,3,6,0,1.4031838377906054
MET005,2,3,6,1,1.2868763494266611
MET005,2,3,6,2,1.4137828346311714
MET005,2,3,6,3,1.0886617051389449
MET005,2,3,6,4,1.1628786690820243
MET005,2,3,6,5,1.1563461524427474
MET005,2,3,6,6,1.3096239241642187
MET005,2,3,6,7,1.3338867135401646
MET005,2,3,6,8,0.92816361811288883
MET005,2,3,6,9,0.93862368120008222
MET005,2,3,7,0,1.5030990789680552
MET005,2,3,7,1,1.2343891114143419
MET005,2,3,7,2,1.2407651336847372
MET005,2,3,7,3,1.2375715902590261
MET005,2,3,7,4,1.535828038519724
MET005,2,3,7,5,1.310819565113609
MET005,2,3,7,6,1.2492300630483797
MET005,2,3,7,7,1.0503370146529167
MET005,2,3,7,8,1.1246520554373811
MET005,2,3,7,9,1.1242068470317583
MET005,2,3,8,0,1.1013442066091648
MET005,2,3,8,1,1.0957543366082343
MET005,2,3,8,2,1.3980396623571061
MET005,2,3,8,3,1.170103009810211
MET005,2,3,8,4,1.3927942233548083
MET005,2,3,8,5,1.1016042526535099
MET005,2,3,8,6,1.1703257252253882
MET005,2,3,8,7,1.1941151265869676
MET005,2,3,8,8,1.3913909778055351
MET005,2,3,8,9,1.3500687282481276
MET005,2,3,9,0,1.2648162588872804
MET005,2,3,9,1,1.0516974094991671
MET005,2,3,9,2,1.0952201495359659
MET005,2,3,9,3,1.3296076982702194
MET005,2,3,9,4,1.0410084862606741
MET005,2,3,9,5,1.1151452227529499
MET005,2,3,9,6,1.2250483003954529
MET005,2,3,9,7,1.2767794225957143
MET005,2,3,9,8,1.5419817895364609
MET005,2,3,9,9,1.5335064138855572
MET005,2,4,0,0,1.6563266944279491
MET005,2,4,0,1,1.5360403295936225
MET005,2,4,0,2,1.5456548428691419
MET005,2,4,0,3,1.4736931495709722
MET005,2,4,0,4,1.4987859075172911
MET005,2,4,0,5,1.6213494380792031
MET005,2,4,0,6,1.6063916376671508
MET005,2,4,0,7,1.069486541488381
MET005,2,4,0,8,1.3992225832359826
MET005,2,4,0,9,1.4663751200640991
MET005,2,4,1,0,1.4902874938514068
MET005,2,4,1,1,1.907163191871651
MET005,2,4,1,2,1.2927404740044783
MET005,2,4,1,3,1.2528509566118164
MET005,2,4,1,4,1.4321871987130677
MET005,2,4,1,5,1.4507446222694009
MET005,2,4,1,6,1.2197618413281459
MET005,2,4,1,7,1.2683118305650991
MET005,2,4,1,8,1.4415545975320865
MET005,2,4,1,9,1.2661908420867178
MET005,2,4,2,0,1.5952445744704991
MET005,2,4,2,1,1.238189033460968
MET005,2,4,2,2,1.6063103066660678
MET005,2,4,2,3,1.3138693972717228
MET005,2,4,2,4,1.1778621006621155
MET005,2,4,2,5,1.3202230621036328
MET005,2,4,2,6,1.3530049056230464
MET005,2,4,2,7,1.3804836604771211
MET005,2,4,2,8,1.0057875359471631
MET005,2,4,2,9,1.3237643935465222
MET005,2,4,3,0,1.4464711327721049
MET005,2,4,3,1,1.6822308468490768
MET005,2,4,3,2,1.4558697097013316
MET005,2,4,3,3,1.0431648283901525
MET005,2,4,3,4,1.0944115674485542
MET005,2,4,3,5,0.96794109204109557
MET005,2,4,3,6,1.2061469349128793
MET005,2,4,3,7,1.189705121039428
MET005,2,4,3,8,1.213840147225302
MET005,2,4,3,9,1.1925658401091077
MET005,2,4,4,0,1.4109808547718687
MET005,2,4,4,1,1.5008557697394005
MET005,2,4,4,2,1.569235113584347
MET005,2,4,4,3,1.1716048310455147
MET005,2,4,4,4,1.079477545446315
MET005,2,4,4,5,0.83475786420096121
MET005,2,4,4,6,0.92457679104712243
MET005,2,4,4,7,1.1972556736962912
MET005,2,4,4,8,0.96352204901446803
MET005,2,4,4,9,0.91562748028122398
MET005,2,4,5,0,1.1461866697321339
MET005,2,4,5,1,1.5820061934421368
MET005,2,4,5,2,1.2205491665050323
MET005,2,4,5,3,1.3739685893825904
MET005,2,4,5,4,1.0750347943299168
MET005,2,4,5,5,0.96098881237389844
MET005,2,4,5,6,1.3003521819575576
MET005,2,4,5,7,1.182401676700594
MET005,2,4,5,8,0.97927028082026857
MET005,2,4,5,9,1.1871884236440784
MET005,2,4,6,0,1.5205894000672999
MET005,2,4,6,1,1.3297629261832833
MET005,2,4,6,2,1.3686192753164357
MET005,2,4,6,3,1.2228385156082449
MET005,2,4,6,4,1.1898394198974598
MET005,2,4,6,5,1.1419682412381764
MET005,2,4,6,6,1.4250028763642228
MET005,2,4,6,7,1.3659133134094583
MET005,2,4,6,8,1.1110521100600359
MET005,2,4,6,9,1.1260627149846714
MET005,2,4,7,0,1.6045860345419736
MET005,2,4,7,1,1.5435475905539029
MET005,2,4,7,2,1.2281351187211551
MET005,2,4,7,3,1.5929213768693231
MET005,2,4,7,4,0.93429780048809197
MET005,2,4,7,5,1.2497189832349305
MET005,2,4,7,6,1.415625697596786
MET005,2,4,7,7,1.2041176444339905
MET005,2,4,7,8,1.2767690826233216
MET005,2,4,7,9,1.3455281584233838
MET005,2,4,8,0,1.4061621425069817
MET005,2,4,8,1,0.84928498356106208
MET005,2,4,8,2,1.1425868294254691
MET005,2,4,8,3,1.3379227345223388
MET005,2,4,8,4,1.5087922884131977
MET005,2,4,8,5,1.3652877566524442
MET005,2,4,8,6,1.2179323200540411
MET005,2,4,8,7,1.2861761472664579
MET005,2,4,8,8,1.6060002771479267
MET005,2,4,8,9,1.4668249670091289
MET005,2,4,9,0,1.2912301725714523
MET005,2,4,9,1,1.4209259569470607
MET005,2,4,9,2,1.3775070320580516
MET005,2,4,9,3,1.4976571720095599
MET005,2,4,9,4,1.5411115044971673
MET005,2,4,9,5,1.4314990720429237
MET005,2,4,9,6,1.1615010799936232
MET005,2,4,9,7,1.419437538822504
MET005,2,4,9,8,1.399945546196689
MET005,2,4,9,9,1.509672520431208
MET006,1,1,0,0,1.1961493866993571
MET006,1,1,0,1,1.3159796393360366
MET006,1,1,0,2,1.492343173375924
MET006,1,1,0,3,1.2472923277231012
MET006,1,1,0,4,1.1862958479595025
MET006,1,1,0,5,1.3836307910904837
MET006,1,1,0,6,1.3935443958632083
MET006,1,1,0,7,1.7024858685381212
MET006,1,1,0,8,1.2874363244393758
MET006,1,1,0,9,1.4359867946249367
MET006,1,1,1,0,1.5424913689878803
MET006,1,1,1,1,1.4743785584931897
MET006,1,1,1,2,1.7290615287454318
MET006,1,1,1,3,1.2534593059297456
MET006,1,1,1,4,1.268348960078391
MET006,1,1,1,5,1.1887590356400557
MET006,1,1,1,6,1.4139457883458479
MET006,1,1,1,7,1.2737387916925149
MET006,1,1,1,8,1.3928586254211319
MET006,1,1,1,9,1.6368354093779849
MET006,1,1,2,0,1.5940901785293506
MET006,1,1,2,1,1.3679555315087215
MET006,1,1,2,2,1.3551931823904579
MET006,1,1,2,3,1.5471265945980723
MET006,1,1,2,4,0.85076567578168494
MET006,1,1,2,5,1.1277622102722575
MET006,1,1,2,6,1.1119012838406372
MET006,1,1,2,7,1.6011452483419686
MET006,1,1,2,8,1.6405871747927814
MET006,1,1,2,9,1.6382011517238535
MET006,1,1,3,0,1.7745872039634527
MET006,1,1,3,1,1.7806335511645781
MET006,1,1,3,2,1.3794088781298208
MET006,1,1,3,3,1.131353201571818
MET006,1,1,3,4,1.2699831522897931
MET006,1,1,3,5,0.86013687751955514
MET006,1,1,3,6,0.93353865825990201
MET006,1,1,3,7,1.4007661829473894
MET006,1,1,3,8,1.1206478874452468
MET006,1,1,3,9,1.5019055913394346
MET006,1,1,4,0,1.9577074539217287
MET006,1,1,4,1,1.7028615439008732
MET006,1,1,4,2,1.6755073853639475
MET006,1,1,4,3,1.3987791429590093
MET006,1,1,4,4,1.0755773773335109
MET006,1,1,4,5,1.2253046910950371
MET006,1,1,4,6,1.0496220427220913
MET006,1,1,4,7,1.0717063402095317
MET006,1,1,4,8,1.0101811487527332
MET006,1,1,4,9,1.1221948867286995
MET006,1,1,5,0,1.814560862750995
MET006,1,1,5,1,1.7313125175476165
MET006,1,1,5,2,1.8333586104292487
MET006,1,1,5,3,1.6897871163863218
MET006,1,1,5,4,0.9404439785269566
MET006,1,1,5,5,1.2099206653539585
MET006,1,1,5,6,1.0237232221408199
MET006,1,1,5,7,1.0076661040604711
MET006,1,1,5,8,1.2012673460824419
MET006,1,1,5,9,1.3281629285067371
MET006,1,1,6,0,1.595975189910698
MET006,1,1,6,1,1.8756717816415125
MET006,1,1,6,2,1.7331597235771503
MET006,1,1,6,3,1.5403861506472931
MET006,1,1,6,4,1.5958959273515296
MET006,1,1,6,5,1.2448267736167049
MET006,1,1,6,6,1.1378123480223623
MET006,1,1,6,7,0.87396487774838094
MET006,1,1,6,8,1.2430289112843795
MET006,1,1,6,9,1.2158588546361853
MET006,1,1,7,0,1.6891045372518283
MET006,1,1,7,1,1.6174462609361635
MET006,1,1,7,2,1.64216508068764
MET006,1,1,7,3,1.8925852892837216
MET006,1,1,7,4,1.4950873330144998
MET006,1,1,7,5,1.7312754324217869
MET006,1,1,7,6,1.1381502521428837
MET006,1,1,7,7,1.1305418815226704
MET006,1,1,7,8,1.0286055964291425
MET006,1,1,7,9,0.907571603814052
MET006,1,1,8,0,1.5470775740122469
MET006,1,1,8,1,1.8115612268638948
MET006,1,1,8,2,1.8357046800780608
MET006,1,1,8,3,1.6213547098754331
MET006,1,1,8,4,1.6728918634282195
MET006,1,1,8,5,1.2325930640106852
MET006,1,1,8,6,1.2076788523100472
MET006,1,1,8,7,1.0665206643608736
MET006,1,1,8,8,1.1735289951975054
MET006,1,1,8,9,0.94746038063412197
MET006,1,1,9,0,1.5159501677063465
MET006,1,1,9,1,1.8503538608482053
MET006,1,1,9,2,1.790381837769965
MET006,1,1,9,3,1.6011999154721523
MET006,1,1,9,4,1.7652321730722562
MET006,1,1,9,5,1.3294908137758563
MET006,1,1,9,6,1.4457017168348592
MET006,1,1,9,7,1.3261457807396484
MET006,1,1,9,8,1.338997278438294
MET006,1,1,9,9,1.251897923768768
MET006,1,2,0,0,1.5931159273529849
MET006,1,2,0,1,1.3994140839143543
MET006,1,2,0,2,1.458091902954417
MET006,1,2,0,3,1.2073665851692763
MET006,1,2,0,4,1.1274618238772978
MET006,1,2,0,5,1.2822055513345123
MET006,1,2,0,6,1.5057260888213002
MET006,1,2,0,7,1.3580954195506818
MET006,1,2,0,8,1.2405255510225619
MET006,1,2,0,9,1.3018642952479158
MET006,1,2,1,0,1.5117304647452958
MET006,1,2,1,1,1.1531447167489079
MET006,1,2,1,2,1.4376806056003619
MET006,1,2,1,3,0.87778831881687769
MET006,1,2,1,4,0.99101579411838059
MET006,1,2,1,5,1.0817914670772035
MET006,1,2,1,6,1.2338634307212959
MET006,1,2,1,7,1.3394810209705543
MET006,1,2,1,8,1.301347776320068
MET006,1,2,1,9,1.2839366259167635
MET006,1,2,2,0,1.529329406433857
MET006,1,2,2,1,1.3272160550603531
MET006,1,2,2,2,1.0713692406316919
MET006,1,2,2,3,1.2749952616155644
MET006,1,2,2,4,1.0675464621172956
MET006,1,2,2,5,1.0095523983461376
MET006,1,2,2,6,1.0538630172723067
MET006,1,2,2,7,1.2660642260514527
MET006,1,2,2,8,1.3011947706031559
MET006,1,2,2,9,1.4124972083766609
MET006,1,2,3,0,1.5387621742977899
MET006,1,2,3,1,1.5524042243259024
MET006,1,2,3,2,1.3325547071738115
MET006,1,2,3,3,0.99122559287240641
MET006,1,2,3,4,0.91807496261999
MET006,1,2,3,5,0.75222570362107533
MET006,1,2,3,6,0.85599637024684516
MET006,1,2,3,7,0.93835677241108717
MET006,1,2,3,8,1.2130446624633116
MET006,1,2,3,9,1.3634584115331256
MET006,1,2,4,0,1.6560396208367802
MET006,1,2,4,1,1.6812724411869917
MET006,1,2,4,2,1.6170487224882333
MET006,1,2,4,3,1.2350892052088771
MET006,1,2,4,4,0.95798229216973996
MET006,1,2,4,5,0.77418908202097114
MET006,1,2,4,6,1.110447167718086
MET006,1,2,4,7,1.0225086464156814
MET006,1,2,4,8,1.0848861340450295
MET006,1,2,4,9,1.1763781343617037
MET006,1,2,5,0,1.7110202907182783
MET006,1,2,5,1,1.6252908884924735
MET006,1,2,5,2,1.3460324716019303
MET006,1,2,5,3,1.380295353506771
MET006,1,2,5,4,0.81211650381921541
MET006,1,2,5,5,1.0371178801731351
MET006,1,2,5,6,0.77691065910527013
MET006,1,2,5,7,1.0250399721460823
MET006,1,2,5,8,1.0122282578539159
MET006,1,2,5,9,1.1399688797098513
MET006,1,2,6,0,1.4340730519289533
MET006,1,2,6,1,1.5792162999950043
MET006,1,2,6,2,1.5428620355923941
MET006,1,2,6,3,1.3782032663876926
MET006,1,2,6,4,1.4303869636003523
MET006,1,2,6,5,1.0608599954638929
MET006,1,2,6,6,1.062345320221409
MET006,1,2,6,7,1.1456035094599275
MET006,1,2,6,8,0.98214219976852157
MET006,1,2,6,9,0.9826444431846314
MET006,1,2,7,0,1.3510357649657381
MET006,1,2,7,1,1.4571712979747271
MET006,1,2,7,2,1.5869856128719739
MET006,1,2,7,3,1.5075407715004696
MET006,1,2,7,4,1.2320929806654743
MET006,1,2,7,5,1.4147670519868132
MET006,1,2,7,6,0.85707567964693798
MET006,1,2,7,7,0.8842857561198787
MET006,1,2,7,8,1.1347084069517726
MET006,1,2,7,9,0.90413412727688924
MET006,1,2,8,0,1.5204628883541424
MET006,1,2,8,1,1.629995335261722
MET006,1,2,8,2,1.756620142159345
MET006,1,2,8,3,1.4181622480485634
MET006,1,2,8,4,1.585462202377776
MET006,1,2,8,5,1.2725409179174314
MET006,1,2,8,6,1.1905849412136875
MET006,1,2,8,7,1.0786533459431804
MET006,1,2,8,8,0.98079700423809035
MET006,1,2,8,9,1.1073689647320852
MET006,1,2,9,0,1.7165691435004966
MET006,1,2,9,1,1.6679319768627736
MET006,1,2,9,2,1.6822519226456265
MET006,1,2,9,3,1.6603374393238812
MET006,1,2,9,4,1.4135696346131197
MET006,1,2,9,5,1.57161126151609
MET006,1,2,9,6,1.1844935157510983
MET006,1,2,9,7,1.2716226574510541
MET006,1,2,9,8,1.1664998661756001
MET006,1,2,9,9,1.0445189946521514
MET006,1,3,0,0,1.4844730548108069
MET006,1,3,0,1,1.337681063201811
MET006,1,3,0,2,1.2429372509940586
MET006,1,3,0,3,1.0765076338124822
MET006,1,3,0,4,1.1814892772072991
MET006,1,3,0,5,1.0429615102553087
MET006,1,3,0,6,1.272932782565628
MET006,1,3,0,7,1.347042178436002
MET006,1,3,0,8,1.3863422307011397
MET006,1,3,0,9,1.3138226077036148
MET006,1,3,1,0,1.4065126073944241
MET006,1,3,1,1,1.320681425135426
MET006,1,3,1,2,1.2224498824634078
MET006,1,3,1,3,0.88264742875539681
MET006,1,3,1,4,0.95334858268291178
MET006,1,3,1,5,1.0304301189135523
MET006,1,3,1,6,1.0627378091221451
MET006,1,3,1,7,1.325074819601038
MET006,1,3,1,8,1.2568195158084827
MET006,1,3,1,9,1.1414974790413499
MET006,1,3,2,0,1.525546855880425
MET006,1,3,2,1,1.4036536037523473
MET006,1,3,2,2,1.0312433121496769
MET006,1,3,2,3,1.1083259197677635
MET006,1,3,2,4,0.97944750748135956
MET006,1,3,2,5,1.1095159736909337
MET006,1,3,2,6,1.0590140630010765
MET006,1,3,2,7,1.223013435788223
MET006,1,3,2,8,1.2954082817644399
MET006,1,3,2,9,1.075685352377008
MET006,1,3,3,0,1.6486031028508337
MET006,1,3,3,1,1.5416814731604751
MET006,1,3,3,2,1.4402138588089068
MET006,1,3,3,3,1.2368441303475628
MET006,1,3,3,4,1.0099981696432452
MET006,1,3,3,5,1.0962915719015012
MET006,1,3,3,6,0.80786830819871869
MET006,1,3,3,7,0.9538043137899318
MET006,1,3,3,8,0.97166678195437117
MET006,1,3,3,9,1.0705445567504863
MET006,1,3,4,0,1.5155659909765675
MET006,1,3,4,1,1.451616308664524
MET006,1,3,4,2,1.4373538163146469
MET006,1,3,4,3,0.98106588669103756
MET006,1,3,4,4,1.035048458103133
MET006,1,3,4,5,0.75451533973986751
MET006,1,3,4,6,0.80004176502436131
MET006,1,3,4,7,1.156240731042339
MET006,1,3,4,8,0.89623438626838814
MET006,1,3,4,9,0.96462847990173561
MET006,1,3,5,0,1.6114032150527269
MET006,1,3,5,1,1.277551298824144
MET006,1,3,5,2,1.133847166859423
MET006,1,3,5,3,1.2313605588454877
MET006,1,3,5,4,0.93279806164296675
MET006,1,3,5,5,0.7420341655896795
MET006,1,3,5,6,0.84324318005932775
MET006,1,3,5,7,0.93207869005605304
MET006,1,3,5,8,0.96605946788415442
MET006,1,3,5,9,1.2290843465475241
MET006,1,3,6,0,1.4616188200108171
MET006,1,3,6,1,1.6929517939613237
MET006,1,3,6,2,1.3806180386738802
MET006,1,3,6,3,1.1305928269139089
MET006,1,3,6,4,1.012385573825312
MET006,1,3,6,5,1.0325488836685353
MET006,1,3,6,6,0.97033376188138321
MET006,1,3,6,7,0.93155513865920203
MET006,1,3,6,8,1.0024463705846862
MET006,1,3,6,9,1.0453608305402042
MET006,1,3,7,0,1.5021472997633012
MET006,1,3,7,1,1.5090311495130859
MET006,1,3,7,2,1.5226958898539149
MET006,1,3,7,3,1.5753468072669119
MET006,1,3,7,4,1.0228934570701933
MET006,1,3,7,5,1.031896069522682
MET006,1,3,7,6,1.2144610170446084
MET006,1,3,7,7,0.7488201686140521
MET006,1,3,7,8,0.8134472656651156
MET006,1,3,7,9,1.0342676129950992
MET006,1,3,8,0,1.518067567382174
MET006,1,3,8,1,1.4415554349846054
MET006,1,3,8,2,1.4778782693854533
MET006,1,3,8,3,1.494290693725616
MET006,1,3,8,4,1.3728633996678927
MET006,1,3,8,5,1.0705833265084479
MET006,1,3,8,6,0.98354128962590359
MET006,1,3,8,7,0.89338929562970371
MET006,1,3,8,8,1.0715419426763919
MET006,1,3,8,9,0.94878265767339776
MET006,1,3,9,0,1.6772043636436922
MET006,1,3,9,1,1.5881733653276795
MET006,1,3,9,2,1.5605290829991181
MET006,1,3,9,3,1.3381400266907983
MET006,1,3,9,4,1.5994637230327668
MET006,1,3,9,5,1.2527891293330311
MET006,1,3,9,6,1.2069461650421942
MET006,1,3,9,7,1.0980332015049861
MET006,1,3,9,8,1.0956681146288081
MET006,1,3,9,9,0.90936420917153715
MET006,1,4,0,0,1.4760694381520441
MET006,1,4,0,1,1.4363614154899422
MET006,1,4,0,2,1.162367918310266
MET006,1,4,0,3,1.2763003316373851
MET006,1,4,0,4,1.2271600307919892
MET006,1,4,0,5,1.4148212955006452
MET006,1,4,0,6,1.6166425962194844
MET006,1,4,0,7,1.7615547566380356
MET006,1,4,0,8,1.3803385859862145
MET006,1,4,0,9,1.5261853541308923
MET006,1,4,1,0,1.4496944508367124
MET006,1,4,1,1,1.3105671316956968
MET006,1,4,1,2,1.3259140490218704
MET006,1,4,1,3,1.2184223521649096
MET006,1,4,1,4,0.97502658891482119
MET006,1,4,1,5,1.1284188369279178
MET006,1,4,1,6,1.3366775810469775
MET006,1,4,1,7,1.4813738269942704
MET006,1,4,1,8,1.4517147817032334
MET006,1,4,1,9,1.4480455156511036
MET006,1,4,2,0,1.6103462586558774
MET006,1,4,2,1,1.3621932803958003
MET006,1,4,2,2,1.2001554215185013
MET006,1,4,2,3,1.1451335897128767
MET006,1,4,2,4,1.1196569077289793
MET006,1,4,2,5,1.1256902695331643
MET006,1,4,2,6,1.0203496448406382
MET006,1,4,2,7,1.286609027634064
MET006,1,4,2,8,1.470456699996243
MET006,1,4,2,9,1.3813763891927828
MET006,1,4,3,0,1.6861604886237898
MET006,1,4,3,1,1.697110239113012
MET006,1,4,3,2,1.1711426649274177
MET006,1,4,3,3,1.2175469806429473
MET006,1,4,3,4,1.1183565056585807
MET006,1,4,3,5,1.0894105133081178
MET006,1,4,3,6,0.96356447740142404
MET006,1,4,3,7,1.2350615549718571
MET006,1,4,3,8,1.0033676547839108
MET006,1,4,3,9,0.95499389998076523
MET006,1,4,4,0,1.5652850075665403
MET006,1,4,4,1,1.5385736532418373
MET006,1,4,4,2,1.2562696646613627
MET006,1,4,4,3,1.1121768763751103
MET006,1,4,4,4,1.0019020007001525
MET006,1,4,4,5,0.94007241217083637
MET006,1,4,4,6,0.79301209870612477
MET006,1,4,4,7,1.3799786215319658
MET006,1,4,4,8,0.81373952957923756
MET006,1,4,4,9,1.1190360874349097
MET006,1,4,5,0,1.5578011629578512
MET006,1,4,5,1,1.6969247348792291
MET006,1,4,5,2,1.5041141252382293
MET006,1,4,5,3,1.2101626972944135
MET006,1,4,5,4,1.0435973777357053
MET006,1,4,5,5,0.92992273191705321
MET006,1,4,5,6,0.96588177488904003
MET006,1,4,5,7,1.106173439108038
MET006,1,4,5,8,1.1085224779078018
MET006,1,4,5,9,0.99614060019189576
MET006,1,4,6,0,1.5637012384496816
MET006,1,4,6,1,1.772937372170331
MET006,1,4,6,2,1.5489764366361642
MET006,1,4,6,3,1.5681431404808976
MET006,1,4,6,4,1.3789074368582348
MET006,1,4,6,5,0.85414411830773851
MET006,1,4,6,6,0.93205079012653225
MET006,1,4,6,7,1.0144307300778057
MET006,1,4,6,8,0.96286775380379297
MET006,1,4,6,9,1.030335772408113
MET006,1,4,7,0,1.5638524428852911
MET006,1,4,7,1,1.6435705888892229
MET006,1,4,7,2,1.3983659027940814
MET006,1,4,7,3,1.681850861711276
MET006,1,4,7,4,1.3840973095674258
MET006,1,4,7,5,1.2997004440783129
MET006,1,4,7,6,1.0970195443037245
MET006,1,4,7,7,1.0850056188364203
MET006,1,4,7,8,1.0594690831680509
MET006,1,4,7,9,1.0401450672033312
MET006,1,4,8,0,1.6659774480525391
MET006,1,4,8,1,1.7167887255721557
MET006,1,4,8,2,1.6733897443640358
MET006,1,4,8,3,1.5822808864269993
MET006,1,4,8,4,1.6051756709893965
MET006,1,4,8,5,1.3761094360939541
MET006,1,4,8,6,1.1985255549680529
MET006,1,4,8,7,0.89843461408106473
MET006,1,4,8,8,0.99390608241488476
MET006,1,4,8,9,1.2445097640414418
MET006,1,4,9,0,1.5165206292111475
MET006,1,4,9,1,1.5499005002456108
MET006,1,4,9,2,1.5702466624335187
MET006,1,4,9,3,1.5784835360827691
MET006,1,4,9,4,1.453311955892121
MET006,1,4,9,5,1.4141510986532844
MET006,1,4,9,6,1.2005809976081043
MET006,1,4,9,7,1.3266435194664317
MET006,1,4,9,8,1.0044618420506377
MET006,1,4,9,9,1.0525473389010531
MET006,2,1,0,0,1.746447776467724
MET006,2,1,0,1,1.5644990308713271
MET006,2,1,0,2,1.5391157367087076
MET006,2,1,0,3,1.5425139002956729
MET006,2,1,0,4,1.7323019339392194
MET006,2,1,0,5,1.6680787720692585
MET006,2,1,0,6,1.777976417047078
MET006,2,1,0,7,1.8875889436627049
MET006,2,1,0,8,1.6304383824943198
MET006,2,1,0,9,1.7342152301390965
MET006,2,1,1,0,1.5791641709209991
MET006,2,1,1,1,1.438128623507553
MET006,2,1,1,2,1.3476878414794833
MET006,2,1,1,3,1.2994572936270214
MET006,2,1,1,4,1.5899385286250862
MET006,2,1,1,5,1.4952561075248141
MET006,2,1,1,6,1.6148660781514346
MET006,2,1,1,7,1.5912785262916358
MET006,2,1,1,8,1.5794123217788203
MET006,2,1,1,9,1.6219526381194174
MET006,2,1,2,0,1.8065048928477003
MET006,2,1,2,1,1.4834222472825791
MET006,2,1,2,2,1.0684365155869291
MET006,2,1,2,3,1.2080867556017163
MET006,2,1,2,4,1.0788754494386814
MET006,2,1,2,5,1.4176163383880669
MET006,2,1,2,6,1.3076483772996732
MET006,2,1,2,7,1.4585003384549184
MET006,2,1,2,8,1.4499940368635724
MET006,2,1,2,9,1.595516426642384
MET006,2,1,3,0,1.6784567488908129
MET006,2,1,3,1,1.6594031424763604
MET006,2,1,3,2,1.2801227181033936
MET006,2,1,3,3,1.3478031328310855
MET006,2,1,3,4,1.0215673142491437
MET006,2,1,3,5,1.1300297164337851
MET006,2,1,3,6,1.2945901836693221
MET006,2,1,3,7,1.3793122011976395
MET006,2,1,3,8,1.4961768419430903
MET006,2,1,3,9,1.4286796548520591
MET006,2,1,4,0,1.8309042868374319
MET006,2,1,4,1,1.6188810502912669
MET006,2,1,4,2,1.6730494838396954
MET006,2,1,4,3,1.1670160931412548
MET006,2,1,4,4,1.0502547426766249
MET006,2,1,4,5,0.96207048712427246
MET006,2,1,4,6,0.89854169733542666
MET006,2,1,4,7,1.0609421122512064
MET006,2,1,4,8,1.3101931413984194
MET006,2,1,4,9,1.2938366731098347
MET006,2,1,5,0,1.691797996212012
MET006,2,1,5,1,1.7168474764955786
MET006,2,1,5,2,1.5432705414705126
MET006,2,1,5,3,1.7122831886611232
MET006,2,1,5,4,1.2879233024178609
MET006,2,1,5,5,1.0675557943571252
MET006,2,1,5,6,1.0153570589339236
MET006,2,1,5,7,0.94234983855962762
MET006,2,1,5,8,1.2262029359996136
MET006,2,1,5,9,0.97381592615051615
MET006,2,1,6,0,1.5671119808604237
MET006,2,1,6,1,1.6077712689305044
MET006,2,1,6,2,1.6773535415003582
MET006,2,1,6,3,1.6836184058010146
MET006,2,1,6,4,1.6988758807625437
MET006,2,1,6,5,1.2925875289192348
MET006,2,1,6,6,1.0711927523620044
MET006,2,1,6,7,1.0089624428039254
MET006,2,1,6,8,1.0005003087097455
MET006,2,1,6,9,1.2723591241340502
MET006,2,1,7,0,1.5188476816887799
MET006,2,1,7,1,1.495020776938992
MET006,2,1,7,2,1.7156406700123226
MET006,2,1,7,3,1.7075856004289367
MET006,2,1,7,4,1.5337169935925905
MET006,2,1,7,5,1.640704642834248
MET006,2,1,7,6,1.1304304804937642
MET006,2,1,7,7,1.0685906745981679
MET006,2,1,7,8,1.1489486420865966
MET006,2,1,7,9,1.3470812956368416
MET006,2,1,8,0,1.6628219673184697
MET006,2,1,8,1,1.6185833039221142
MET006,2,1,8,2,1.8940355082612168
MET006,2,1,8,3,1.6827142825287658
MET006,2,1,8,4,1.7826784734695258
MET006,2,1,8,5,1.6563831058363374
MET006,2,1,8,6,1.5099738164739742
MET006,2,1,8,7,1.3246415893203038
MET006,2,1,8,8,1.1599603158112759
MET006,2,1,8,9,1.24068029635846
MET006,2,1,9,0,1.7723497424367307
MET006,2,1,9,1,1.7191248078937449
MET006,2,1,9,2,1.7210334840812629
MET006,2,1,9,3,1.8719667546214631
MET006,2,1,9,4,1.9011455098913697
MET006,2,1,9,5,1.5909601859993874
MET006,2,1,9,6,1.4508180762488034
MET006,2,1,9,7,1.2133657182170314
MET006,2,1,9,8,1.179939936385844
MET006,2,1,9,9,1.2026806634751863
MET006,2,2,0,0,1.8272481409798669
MET006,2,2,0,1,1.5910431548794008
MET006,2,2,0,2,1.510990351591019
MET006,2,2,0,3,1.4814028008539084
MET006,2,2,0,4,1.5460176233915732
MET006,2,2,0,5,1.7421015669420734
MET006,2,2,0,6,1.5921897945722627
MET006,2,2,0,7,1.706562805021578
MET006,2,2,0,8,1.4198649663322156
MET006,2,2,0,9,1.725788177113847
MET006,2,2,1,0,1.6117644842466925
MET006,2,2,1,1,1.4207397424176853
MET006,2,2,1,2,1.2494214616590067
MET006,2,2,1,3,1.3228965450791654
MET006,2,2,1,4,1.6001384999800179
MET006,2,2,1,5,1.3812692013938437
MET006,2,2,1,6,1.5308852360920715
MET006,2,2,1,7,1.2325775646767607
MET006,2,2,1,8,1.4425390743150299
MET006,2,2,1,9,1.3742219628634429
MET006,2,2,2,0,1.6211672586801811
MET006,2,2,2,1,1.5233970388419871
MET006,2,2,2,2,1.1697764258497565
MET006,2,2,2,3,0.90941481845402683
MET006,2,2,2,4,1.152417908955093
MET006,2,2,2,5,1.0870957787157769
MET006,2,2,2,6,1.1628074069738883
MET006,2,2,2,7,1.1475113828855867
MET006,2,2,2,8,1.2145298745155124
MET006,2,2,2,9,1.4729577542566794
MET006,2,2,3,0,1.6709649213284397
MET006,2,2,3,1,1.7428312154247545
MET006,2,2,3,2,1.5796760520305644
MET006,2,2,3,3,1.2812198031830162
MET006,2,2,3,4,0.99523974352914135
MET006,2,2,3,5,0.97453247438561741
MET006,2,2,3,6,1.199918123863603
MET006,2,2,3,7,1.2920823891872395
MET006,2,2,3,8,1.2359426273593292
MET006,2,2,3,9,1.3481904544719181
MET006,2,2,4,0,1.8354909664485133
MET006,2,2,4,1,1.7019226435113075
MET006,2,2,4,2,1.4439820964170256
MET006,2,2,4,3,1.3546272077532586
MET006,2,2,4,4,1.024118161054218
MET006,2,2,4,5,0.91290062797366722
MET006,2,2,4,6,0.84068694026731017
MET006,2,2,4,7,1.1889372546815404
MET006,2,2,4,8,1.1769814866202062
MET006,2,2,4,9,1.2173255109165524
MET006,2,2,5,0,1.6300065139866635
MET006,2,2,5,1,1.6405783921487815
MET006,2,2,5,2,1.3643372693141769
MET006,2,2,5,3,1.5818875381820403
MET006,2,2,5,4,1.1560744922019497
MET006,2,2,5,5,1.3196038267736792
MET006,2,2,5,6,1.1204956849078034
MET006,2,2,5,7,1.0165490726269171
MET006,2,2,5,8,1.1263181778108338
MET006,2,2,5,9,1.2763912433398343
MET006,2,2,6,0,1.5679718533835607
MET006,2,2,6,1,1.5586915209722394
MET006,2,2,6,2,1.6358544659997976
MET006,2,2,6,3,1.5050195862632154
MET006,2,2,6,4,1.4191339663417599
MET006,2,2,6,5,1.0126950222051314
MET006,2,2,6,6,0.93097892980463881
MET006,2,2,6,7,1.1097673679413202
MET006,2,2,6,8,1.2156414864021847
MET006,2,2,6,9,0.82233041997131118
MET006,2,2,7,0,1.5152870564688239
MET006,2,2,7,1,1.4216760938536124
MET006,2,2,7,2,1.5725987194755362
MET006,2,2,7,3,1.8076004177528804
MET006,2,2,7,4,1.7090302474264685
MET006,2,2,7,5,1.4575339131433909
MET006,2,2,7,6,1.1906569957913695
MET006,2,2,7,7,1.2007538822085944
MET006,2,2,7,8,1.1465414515952097
MET006,2,2,7,9,1.0868911977441471
MET006,2,2,8,0,1.6961739067389652
MET006,2,2,8,1,1.574905025498355
MET006,2,2,8,2,1.6676518126333091
MET006,2,2,8,3,1.5463444338581074
MET006,2,2,8,4,1.4454971756424844
MET006,2,2,8,5,1.6577758059851213
MET006,2,2,8,6,1.4164827461104426
MET006,2,2,8,7,1.1861003766415401
MET006,2,2,8,8,1.1085314712918926
MET006,2,2,8,9,1.2133275305852451
MET006,2,2,9,0,1.5677254503536475
MET006,2,2,9,1,1.6002082031941545
MET006,2,2,9,2,1.6171811125826705
MET006,2,2,9,3,1.6721085932411703
MET006,2,2,9,4,1.4605409071479185
MET006,2,2,9,5,1.4197681232839532
MET006,2,2,9,6,1.3910619520206169
MET006,2,2,9,7,0.87992027517940719
MET006,2,2,9,8,1.1479649573318531
MET006,2,2,9,9,1.1346746459524211
MET006,2,3,0,0,1.7431175714856606
MET006,2,3,0,1,1.7265167955446294
MET006,2,3,0,2,1.5017379914185955
MET006,2,3,0,3,1.4085413232553348
MET006,2,3,0,4,1.5118971586804293
MET006,2,3,0,5,1.5824680191116542
MET006,2,3,0,6,1.7083403379804245
MET006,2,3,0,7,1.6288754455181778
MET006,2,3,0,8,1.6616947712778545
MET006,2,3,0,9,1.506911652031899
MET006,2,3,1,0,1.5762289638477205
MET006,2,3,1,1,1.2953505946279589
MET006,2,3,1,2,1.2227307640509719
MET006,2,3,1,3,1.2816067887330242
MET006,2,3,1,4,1.2009280856738045
MET006,2,3,1,5,1.4624403300838231
MET006,2,3,1,6,1.3988696246704022
MET006,2,3,1,7,1.4090161680435751
MET006,2,3,1,8,1.4015513182723438
MET006,2,3,1,9,1.6658648252776618
MET006,2,3,2,0,1.708834284375256
MET006,2,3,2,1,1.2882244879813469
MET006,2,3,2,2,1.0913991453097809
MET006,2,3,2,3,0.87959984209848907
MET006,2,3,2,4,1.0541421977646563
MET006,2,3,2,5,1.1807298325699604
MET006,2,3,2,6,1.3206183445564974
MET006,2,3,2,7,1.3178359629165537
MET006,2,3,2,8,1.4031756745119015
MET006,2,3,2,9,1.3329432470117679
MET006,2,3,3,0,1.7713008593027657
MET006,2,3,3,1,1.5857094603086428
MET006,2,3,3,2,1.6170700060825005
MET006,2,3,3,3,1.4224362803978845
MET006,2,3,3,4,0.84114536031324971
MET006,2,3,3,5,0.98985175391128044
MET006,2,3,3,6,1.0762965636126931
MET006,2,3,3,7,1.1454189188138617
MET006,2,3,3,8,1.2822768834008789
MET006,2,3,3,9,1.4811751646851632
MET006,2,3,4,0,1.5886457611260869
MET006,2,3,4,1,1.614937136124287
MET006,2,3,4,2,1.5202987999922084
MET006,2,3,4,3,1.0756999503407068
MET006,2,3,4,4,1.0445880466539708
MET006,2,3,4,5,0.86704464472064047
MET006,2,3,4,6,0.91470670683254218
MET006,2,3,4,7,1.0259149545656601
MET006,2,3,4,8,1.1855153974751005
MET006,2,3,4,9,1.3161477116156373
MET006,2,3,5,0,1.526891087830285
MET006,2,3,5,1,1.3317536547588915
MET006,2,3,5,2,1.1022782481736777
MET006,2,3,5,3,1.3055802614012613
MET006,2,3,5,4,1.1879531593125161
MET006,2,3,5,5,1.0045055061868453
MET006,2,3,5,6,1.0576784789381752
MET006,2,3,5,7,1.0432426194712083
MET006,2,3,5,8,1.0399050765073266
MET006,2,3,5,9,1.0519760806549416
MET006,2,3,6,0,1.6070432776675714
MET006,2,3,6,1,1.4851286699288868
MET006,2,3,6,2,1.525895189168363
MET006,2,3,6,3,1.3945734066407938
MET006,2,3,6,4,1.3074513462624555
MET006,2,3,6,5,1.0011616307300837
MET006,2,3,6,6,0.99001491841456557
MET006,2,3,6,7,0.83468220194756815
MET006,2,3,6,8,0.97850220441510438
MET006,2,3,6,9,1.0566565951096254
MET006,2,3,7,0,1.6135057020572208
MET006,2,3,7,1,1.4413927599787335
MET006,2,3,7,2,1.3538488353785909
MET006,2,3,7,3,1.2092854040094063
MET006,2,3,7,4,1.3657312916294382
MET006,2,3,7,5,1.3494583167028154
MET006,2,3,7,6,1.3363926359826559
MET006,2,3,7,7,1.1750166697330855
MET006,2,3,7,8,0.98566992297631995
MET006,2,3,7,9,1.1737663115702623
MET006,2,3,8,0,1.4394112917443105
MET006,2,3,8,1,1.4946860917087592
MET006,2,3,8,2,1.6184020753281902
MET006,2,3,8,3,1.5615444760559407
MET006,2,3,8,4,1.6115796619076048
MET006,2,3,8,5,1.4057689225109169
MET006,2,3,8,6,1.3430027299334557
MET006,2,3,8,7,1.1554504843598989
MET006,2,3,8,8,0.9833593667396836
MET006,2,3,8,9,1.0558296292101641
MET006,2,3,9,0,1.6644460380678541
MET006,2,3,9,1,1.6069991093801219
MET006,2,3,9,2,1.6332701781449164
MET006,2,3,9,3,1.5741403940379459
MET006,2,3,9,4,1.6498020825543691
MET006,2,3,9,5,1.5775042041221912
MET006,2,3,9,6,1.4869018679942412
MET006,2,3,9,7,1.3741577899040456
MET006,2,3,9,8,1.0648257603541798
MET006,2,3,9,9,1.093814190428174
MET006,2,4,0,0,1.7483162117262323
MET006,2,4,0,1,1.5399556533679088
MET006,2,4,0,2,1.6091117380234568
MET006,2,4,0,3,1.6468714934824151
MET006,2,4,0,4,1.740247295226907
MET006,2,4,0,5,1.7151226933986743
MET006,2,4,0,6,1.7865793344111831
MET006,2,4,0,7,1.5801529614022849
MET006,2,4,0,8,1.4656839389175784
MET006,2,4,0,9,1.3565138460068644
MET006,2,4,1,0,1.5336937317160162
MET006,2,4,1,1,1.2953278777152095
MET006,2,4,1,2,1.3422176274054078
MET006,2,4,1,3,1.3905035155957559
MET006,2,4,1,4,1.5274559532750749
MET006,2,4,1,5,1.5712693381329554
MET006,2,4,1,6,1.6103233573388656
MET006,2,4,1,7,1.4850420758813945
MET006,2,4,1,8,1.3912764050491429
MET006,2,4,1,9,1.5430638654458031
MET006,2,4,2,0,1.5611139124167976
MET006,2,4,2,1,1.4574551245710994
MET006,2,4,2,2,1.0012016250825737
MET006,2,4,2,3,1.0881565006460807
MET006,2,4,2,4,1.0503734812406458
MET006,2,4,2,5,1.2594904406822109
MET006,2,4,2,6,1.4532040492392992
MET006,2,4,2,7,1.4225387449837421
MET006,2,4,2,8,1.3585907485023727
MET006,2,4,2,9,1.3564466750929125
MET006,2,4,3,0,1.5409999045857119
MET006,2,4,3,1,1.418270327893252
MET006,2,4,3,2,1.3482511017819281
MET006,2,4,3,3,1.4474387824845802
MET006,2,4,3,4,0.87612639206575382
MET006,2,4,3,5,0.90151746405048683
MET006,2,4,3,6,0.91562352841722561
MET006,2,4,3,7,1.1883756227361255
MET006,2,4,3,8,1.4477072315916462
MET006,2,4,3,9,1.2576581468283412
MET006,2,4,4,0,1.4467632691839014
MET006,2,4,4,1,1.5304425860109301
MET006,2,4,4,2,1.30221677081458
MET006,2,4,4,3,1.4508273285559958
MET006,2,4,4,4,0.83104840579871886
MET006,2,4,4,5,0.86626137236337486
MET006,2,4,4,6,0.96039923774560521
MET006,2,4,4,7,1.0544353720839292
MET006,2,4,4,8,0.97530445441520663
MET006,2,4,4,9,1.2112554871217811
MET006,2,4,5,0,1.5879018658586901
MET006,2,4,5,1,1.4817619719022848
MET006,2,4,5,2,1.1997247251308061
MET006,2,4,5,3,1.486370921292788
MET006,2,4,5,4,1.2148659580620631
MET006,2,4,5,5,0.91849796147550922
MET006,2,4,5,6,1.1946630154572222
MET006,2,4,5,7,1.1094428207626468
MET006,2,4,5,8,1.0624030651111689
MET006,2,4,5,9,1.2240502257661181
MET006,2,4,6,0,1.5866165111081063
MET006,2,4,6,1,1.4034108148008562
MET006,2,4,6,2,1.4715192070412373
MET006,2,4,6,3,1.3837326254585098
MET006,2,4,6,4,1.1883261890174761
MET006,2,4,6,5,1.1798475785488092
MET006,2,4,6,6,0.99304652259771564
MET006,2,4,6,7,0.98227464380880525
MET006,2,4,6,8,1.0270549642808566
MET006,2,4,6,9,1.1835782225168765
MET006,2,4,7,0,1.5162063947167654
MET006,2,4,7,1,1.4765602029146012
MET006,2,4,7,2,1.298404943872822
MET006,2,4,7,3,1.5417803859627237
MET006,2,4,7,4,1.496269205379563
MET006,2,4,7,5,1.4267377625663165
MET006,2,4,7,6,1.2745371661656688
MET006,2,4,7,7,1.1193548189390981
MET006,2,4,7,8,1.0526263546515515
MET006,2,4,7,9,0.99062451188443357
MET006,2,4,8,0,1.5722936891151909
MET006,2,4,8,1,1.460789762729322
MET006,2,4,8,2,1.6200431829948521
MET006,2,4,8,3,1.6082212022576581
MET006,2,4,8,4,1.5390918588504896
MET006,2,4,8,5,1.4372729050591202
MET006,2,4,8,6,1.185371437092084
MET006,2,4,8,7,1.2313543806377745
MET006,2,4,8,8,1.1154611902263838
MET006,2,4,8,9,1.0549460457525908
MET006,2,4,9,0,1.4035024553039803
MET006,2,4,9,1,1.6144332946816635
MET006,2,4,9,2,1.5830223723655843
MET006,2,4,9,3,1.6994127809107102
MET006,2,4,9,4,1.574269942279571
MET006,2,4,9,5,1.3665939233174156
MET006,2,4,9,6,1.359336746289042
MET006,2,4,9,7,1.0899985762614934
MET006,2,4,9,8,1.0971368313165393
MET006,2,4,9,9,1.0443545698853649
MET007,1,1,0,0,1.8853622150512337
MET007,1,1,0,1,1.55564556997835
MET007,1,1,0,2,1.6047591464538329
MET007,1,1,0,3,1.6019289738697848
MET007,1,1,0,4,1.4097818835947102
MET007,1,1,0,5,1.5270968929037303
MET007,1,1,0,6,1.3346064898110754
MET007,1,1,0,7,1.2942415246540644
MET007,1,1,0,8,1.1230929516592878
MET007,1,1,0,9,1.1775043643598369
MET007,1,1,1,0,1.5108634508263885
MET007,1,1,1,1,1.6656493139550248
MET007,1,1,1,2,1.1303954879423632
MET007,1,1,1,3,1.1681592284479667
MET007,1,1,1,4,1.3890719320764875
MET007,1,1,1,5,1.1648867246699492
MET007,1,1,1,6,1.5937732382484584
MET007,1,1,1,7,1.2898000476926497
MET007,1,1,1,8,1.722472900539862
MET007,1,1,1,9,1.0712751771906175
MET007,1,1,2,0,1.6268684841714369
MET007,1,1,2,1,1.450328965182198
MET007,1,1,2,2,1.4538619966007995
MET007,1,1,2,3,1.4545808813929475
MET007,1,1,2,4,1.1977535377649555
MET007,1,1,2,5,1.0971554015871248
MET007,1,1,2,6,0.96227688889885998
MET007,1,1,2,7,1.13805399417265
MET007,1,1,2,8,0.92266761760439475
MET007,1,1,2,9,1.5797035383104681
MET007,1,1,3,0,1.7892543246410155
MET007,1,1,3,1,1.7436330752070279
MET007,1,1,3,2,1.384965761305109
MET007,1,1,3,3,1.349947384946973
MET007,1,1,3,4,1.1670987268373505
MET007,1,1,3,5,0.98128532829894677
MET007,1,1,3,6,0.91371418299731999
MET007,1,1,3,7,1.053370046828614
MET007,1,1,3,8,1.583109138122728
MET007,1,1,3,9,1.2225828622978048
MET007,1,1,4,0,1.5603271335659354
MET007,1,1,4,1,1.3083494797605553
MET007,1,1,4,2,1.6554809406698834
MET007,1,1,4,3,1.1696127195359312
MET007,1,1,4,4,0.99187527300258838
MET007,1,1,4,5,1.2347130513161717
MET007,1,1,4,6,0.85464544261250897
MET007,1,1,4,7,1.2797599968251747
MET007,1,1,4,8,1.390956234882778
MET007,1,1,4,9,1.365514035466139
MET007,1,1,5,0,1.3386222817690596
MET007,1,1,5,1,1.5260484931363945
MET007,1,1,5,2,1.4255892542502384
MET007,1,1,5,3,1.2258686365373024
MET007,1,1,5,4,1.0648494643758135
MET007,1,1,5,5,1.0432022604462388
MET007,1,1,5,6,0.90888812117664919
MET007,1,1,5,7,1.0695969684698226
MET007,1,1,5,8,1.3375436275039445
MET007,1,1,5,9,1.3932117675030979
MET007,1,1,6,0,1.4361468183398625
MET007,1,1,6,1,1.183588434898724
MET007,1,1,6,2,1.4955069819190197
MET007,1,1,6,3,0.98265815657849642
MET007,1,1,6,4,1.1733865686708058
MET007,1,1,6,5,1.397968995367044
MET007,1,1,6,6,0.96834340079344017
MET007,1,1,6,7,1.3994227413451177
MET007,1,1,6,8,1.3859733710225002
MET007,1,1,6,9,1.2392965534339788
MET007,1,1,7,0,1.5700914370356065
MET007,1,1,7,1,1.5216896500060031
MET007,1,1,7,2,1.3189644504415343
MET007,1,1,7,3,1.3687054880040197
MET007,1,1,7,4,1.1750572207111245
MET007,1,1,7,5,1.2514504695844235
MET007,1,1,7,6,1.3523912124629254
MET007,1,1,7,7,1.5140806879695692
MET007,1,1,7,8,1.2423362914473071
MET007,1,1,7,9,1.2957721255026191
MET007,1,1,8,0,1.3855455299903954
MET007,1,1,8,1,1.3261148626176789
MET007,1,1,8,2,1.4162468340234755
MET007,1,1,8,3,1.1771125163083094
MET007,1,1,8,4,1.1914378983736704
MET007,1,1,8,5,1.080688216718332
MET007,1,1,8,6,1.4810985452656336
MET007,1,1,8,7,1.2614766253094687
MET007,1,1,8,8,1.5120863208464439
MET007,1,1,8,9,1.2905293129974138
MET007,1,1,9,0,1.3788701816469611
MET007,1,1,9,1,1.1317113820253966
MET007,1,1,9,2,1.463330827041158
MET007,1,1,9,3,1.3182817324352354
MET007,1,1,9,4,1.0825981863662879
MET007,1,1,9,5,1.4479670490686385
MET007,1,1,9,6,1.5461270898682904
MET007,1,1,9,7,1.4779737547649481
MET007,1,1,9,8,1.5652737280971412
MET007,1,1,9,9,1.6131153879134774
MET007,1,2,0,0,1.6646088461940565
MET007,1,2,0,1,1.2598995542143931
MET007,1,2,0,2,1.4121566812711248
MET007,1,2,0,3,1.5892693213067024
MET007,1,2,0,4,1.704934139575734
MET007,1,2,0,5,1.6237579941111089
MET007,1,2,0,6,1.2961042807882788
MET007,1,2,0,7,1.1003717901264587
MET007,1,2,0,8,1.0666520358417608
MET007,1,2,0,9,1.1671632129580904
MET007,1,2,1,0,1.5228349990990115
MET007,1,2,1,1,1.381454865400578
MET007,1,2,1,2,1.1596999394373022
MET007,1,2,1,3,1.4126857254770382
MET007,1,2,1,4,1.4112584106884061
MET007,1,2,1,5,1.3789498431275131
MET007,1,2,1,6,1.2195784788480568
MET007,1,2,1,7,1.0730886283698688
MET007,1,2,1,8,1.2926741469465275
MET007,1,2,1,9,1.5351129649642301
MET007,1,2,2,0,1.7747840718598646
MET007,1,2,2,1,1.364450886438439
MET007,1,2,2,2,1.4322948978503121
MET007,1,2,2,3,1.5559468124536753
MET007,1,2,2,4,1.2660762023803871
MET007,1,2,2,5,1.0108624800252184
MET007,1,2,2,6,1.2632399439870758
MET007,1,2,2,7,1.3906055597493356
MET007,1,2,2,8,1.0476756612416926
MET007,1,2,2,9,1.1137070935222739
MET007,1,2,3,0,1.7147397648074585
MET007,1,2,3,1,1.6998186811005565
MET007,1,2,3,2,1.5387872478668512
MET007,1,2,3,3,1.2250469486011166
MET007,1,2,3,4,1.3894299262096703
MET007,1,2,3,5,0.93063835056468402
MET007,1,2,3,6,1.2163080875231058
MET007,1,2,3,7,1.2209864871898739
MET007,1,2,3,8,1.2662364684728156
MET007,1,2,3,9,0.96938759652993356
MET007,1,2,4,0,1.7808282481794997
MET007,1,2,4,1,1.4202833443619991
MET007,1,2,4,2,1.5381729149813503
MET007,1,2,4,3,1.2919916996208631
MET007,1,2,4,4,0.97152192244787938
MET007,1,2,4,5,1.0746562590182986
MET007,1,2,4,6,0.75971900734449038
MET007,1,2,4,7,1.1042154878119124
MET007,1,2,4,8,1.2002936870873111
MET007,1,2,4,9,1.0053486107995171
MET007,1,2,5,0,1.6986978932363761
MET007,1,2,5,1,1.4966407521413256
MET007,1,2,5,2,1.3696876341849056
MET007,1,2,5,3,1.0924662094653801
MET007,1,2,5,4,1.1699333513225161
MET007,1,2,5,5,1.1780558546590565
MET007,1,2,5,6,0.98954296079651904
MET007,1,2,5,7,1.1638852957679942
MET007,1,2,5,8,0.95859801096105079
MET007,1,2,5,9,1.5442854561580577
MET007,1,2,6,0,1.3355336529614306
MET007,1,2,6,1,1.445785916505433
MET007,1,2,6,2,1.4447272993330862
MET007,1,2,6,3,1.0157761650357144
MET007,1,2,6,4,1.1933133208007425
MET007,1,2,6,5,1.2600633678438411
MET007,1,2,6,6,1.2768882271820758
MET007,1,2,6,7,1.2622533010019654
MET007,1,2,6,8,1.161470141369773
MET007,1,2,6,9,1.2195086251350498
MET007,1,2,7,0,1.2690021280781458
MET007,1,2,7,1,1.4559181433791502
MET007,1,2,7,2,1.0614691915754777
MET007,1,2,7,3,1.4483938537407726
MET007,1,2,7,4,0.99416116557154122
MET007,1,2,7,5,1.1845801922917081
MET007,1,2,7,6,1.2112172158590424
MET007,1,2,7,7,1.3897463610675032
MET007,1,2,7,8,1.3355253410192278
MET007,1,2,7,9,1.2795949778155229
MET007,1,2,8,0,1.2876958629249291
MET007,1,2,8,1,1.1908813680002548
MET007,1,2,8,2,1.5119536218457701
MET007,1,2,8,3,0.92422392013629595
MET007,1,2,8,4,1.0121686085990118
MET007,1,2,8,5,1.3539379729846306
MET007,1,2,8,6,1.2289025129894913
MET007,1,2,8,7,1.5056558824505415
MET007,1,2,8,8,1.5551979121964925
MET007,1,2,8,9,1.2101789098179965
MET007,1,2,9,0,1.2068761953669938
MET007,1,2,9,1,1.537361517465891
MET007,1,2,9,2,1.4256710746906951
MET007,1,2,9,3,1.0458252392886496
MET007,1,2,9,4,1.0213734772624388
MET007,1,2,9,5,1.3084845066425668
MET007,1,2,9,6,1.089514861204002
MET007,1,2,9,7,1.3455511030372966
MET007,1,2,9,8,1.6063913131958216
MET007,1,2,9,9,1.5144455311280047
MET007,1,3,0,0,1.7609839187318246
MET007,1,3,0,1,0.96733357169109124
MET007,1,3,0,2,1.3390591759786357
MET007,1,3,0,3,1.2383719008175764
MET007,1,3,0,4,1.471066758565347
MET007,1,3,0,5,1.618727942779284
MET007,1,3,0,6,1.3282048699377711
MET007,1,3,0,7,1.0754115303865626
MET007,1,3,0,8,0.8587814096890074
MET007,1,3,0,9,0.86599719920794238
MET007,1,3,1,0,1.2508221168378006
MET007,1,3,1,1,1.5589723446394086
MET007,1,3,1,2,0.94361866450849063
MET007,1,3,1,3,1.3592615434565138
MET007,1,3,1,4,1.4846982582088326
MET007,1,3,1,5,1.4018606563608651
MET007,1,3,1,6,1.1385018287142887
MET007,1,3,1,7,1.0580111630128446
MET007,1,3,1,8,1.2329218834683706
MET007,1,3,1,9,0.98144362332209878
MET007,1,3,2,0,1.5016798401796996
MET007,1,3,2,1,1.4008584941461464
MET007,1,3,2,2,1.1748520215870797
MET007,1,3,2,3,1.57356400898894
MET007,1,3,2,4,1.3005373480666249
MET007,1,3,2,5,0.84475469850332807
MET007,1,3,2,6,1.0383745632778836
MET007,1,3,2,7,1.1697340968057472
MET007,1,3,2,8,1.2905798355673566
MET007,1,3,2,9,1.4792742689073988
MET007,1,3,3,0,1.2380920379964349
MET007,1,3,3,1,1.5342391945082114
MET007,1,3,3,2,1.4400300785250957
MET007,1,3,3,3,1.0467289496866985
MET007,1,3,3,4,1.3234211417265551
MET007,1,3,3,5,0.64221329821227879
MET007,1,3,3,6,0.9551470688071928
MET007,1,3,3,7,1.1864955847799314
MET007,1,3,3,8,1.4977764076494031
MET007,1,3,3,9,1.1978833250485481
MET007,1,3,4,0,1.5901785588268884
MET007,1,3,4,1,1.6184751916716509
MET007,1,3,4,2,1.3523187908040162
MET007,1,3,4,3,1.1165165004435924
MET007,1,3,4,4,1.1837130734711037
MET007,1,3,4,5,1.0269724446133119
MET007,1,3,4,6,0.78804558784597312
MET007,1,3,4,7,1.0168545986820796
MET007,1,3,4,8,1.2300159753135564
MET007,1,3,4,9,1.2836492608225718
MET007,1,3,5,0,1.1981017777134269
MET007,1,3,5,1,1.5472229007175664
MET007,1,3,5,2,0.89018846579409916
MET007,1,3,5,3,1.2301399005777611
MET007,1,3,5,4,1.1987200701226799
MET007,1,3,5,5,1.08610923221407
MET007,1,3,5,6,1.0298224326303174
MET007,1,3,5,7,0.67156443451632875
MET007,1,3,5,8,0.91763114999080242
MET007,1,3,5,9,1.3003188134587291
MET007,1,3,6,0,1.1009880533082652
MET007,1,3,6,1,1.1646476844277962
MET007,1,3,6,2,1.0734065625546645
MET007,1,3,6,3,1.0446932274147591
MET007,1,3,6,4,1.1766642295794409
MET007,1,3,6,5,1.4855223364107399
MET007,1,3,6,6,1.3799662257234939
MET007,1,3,6,7,1.1715088695620146
MET007,1,3,6,8,1.0942690478914039
MET007,1,3,6,9,1.0934019594417801
MET007,1,3,7,0,1.4701221062961576
MET007,1,3,7,1,1.3250066605101656
MET007,1,3,7,2,0.7488173615299154
MET007,1,3,7,3,1.3165162137165938
MET007,1,3,7,4,1.2581282431272969
MET007,1,3,7,5,0.9034103724182404
MET007,1,3,7,6,1.3290938001340058
MET007,1,3,7,7,1.3432404122818071
MET007,1,3,7,8,1.3115161489879079
MET007,1,3,7,9,1.3947020985199057
MET007,1,3,8,0,1.5426996018918291
MET007,1,3,8,1,1.0708402612429793
MET007,1,3,8,2,1.3080762444190357
MET007,1,3,8,3,1.2419030407220633
MET007,1,3,8,4,1.5008141254951299
MET007,1,3,8,5,0.99280335402926878
MET007,1,3,8,6,1.1908158356765912
MET007,1,3,8,7,1.5368183775021518
MET007,1,3,8,8,1.3874134828253104
MET007,1,3,8,9,1.1145260139513091
MET007,1,3,9,0,1.1714930287384564
MET007,1,3,9,1,1.3585146556782215
MET007,1,3,9,2,1.3869577317717201
MET007,1,3,9,3,1.2794497661018041
MET007,1,3,9,4,1.0401392477035365
MET007,1,3,9,5,0.97318863262577915
MET007,1,3,9,6,1.1235586146988259
MET007,1,3,9,7,1.3910788572329544
MET007,1,3,9,8,1.660964411855677
MET007,1,3,9,9,1.2211245553291112
MET007,1,4,0,0,1.628749712492308
MET007,1,4,0,1,1.4988300957895715
MET007,1,4,0,2,1.4928243043185909
MET007,1,4,0,3,0.96219393990233437
MET007,1,4,0,4,1.2600433025963038
MET007,1,4,0,5,1.2374799521947697
MET007,1,4,0,6,1.0513260779171996
MET007,1,4,0,7,1.2904133671803499
MET007,1,4,0,8,1.0714231282148774
MET007,1,4,0,9,1.2089713010045391
MET007,1,4,1,0,1.2885501477640522
MET007,1,4,1,1,1.800287030864969
MET007,1,4,1,2,1.0695005506446955
MET007,1,4,1,3,1.0549100059428389
MET007,1,4,1,4,1.3133174910502861
MET007,1,4,1,5,1.2311271493701108
MET007,1,4,1,6,1.6677758009672052
MET007,1,4,1,7,1.2845052650735871
MET007,1,4,1,8,1.2810769954451431
MET007,1,4,1,9,1.3420567052622048
MET007,1,4,2,0,1.509016488018557
MET007,1,4,2,1,0.84648381852560883
MET007,1,4,2,2,1.4849306589807172
MET007,1,4,2,3,1.4726384500182592
MET007,1,4,2,4,0.83908776726972767
MET007,1,4,2,5,1.2134607653672782
MET007,1,4,2,6,1.2401645740959959
MET007,1,4,2,7,1.241013677126829
MET007,1,4,2,8,0.9712981884597558
MET007,1,4,2,9,0.92202935548465037
MET007,1,4,3,0,1.5457637894073999
MET007,1,4,3,1,1.5937426553791334
MET007,1,4,3,2,1.3203076503080833
MET007,1,4,3,3,1.2437197286688304
MET007,1,4,3,4,1.3322873496743624
MET007,1,4,3,5,0.92014439889098965
MET007,1,4,3,6,1.0712959395750703
MET007,1,4,3,7,0.78138468053228416
MET007,1,4,3,8,1.2263679886161112
MET007,1,4,3,9,1.3389636755537562
MET007,1,4,4,0,1.5645216026406961
MET007,1,4,4,1,1.0858655746066186
MET007,1,4,4,2,1.015968059474591
MET007,1,4,4,3,1.0812304092342186
MET007,1,4,4,4,1.0334479976220006
MET007,1,4,4,5,0.8611423789732856
MET007,1,4,4,6,0.89820495624100205
MET007,1,4,4,7,1.1973990902509095
MET007,1,4,4,8,1.1972463442764705
MET007,1,4,4,9,1.212420189998288
MET007,1,4,5,0,1.4395577992125523
MET007,1,4,5,1,1.0541567376501018
MET007,1,4,5,2,1.052522466076615
MET007,1,4,5,3,1.0921523376897335
MET007,1,4,5,4,1.0972637047976559
MET007,1,4,5,5,1.2131589477756342
MET007,1,4,5,6,1.0728967780885059
MET007,1,4,5,7,1.1507965979950994
MET007,1,4,5,8,1.3615672222484341
MET007,1,4,5,9,1.22747307763231
MET007,1,4,6,0,1.2563500258818563
MET007,1,4,6,1,1.0043089397249017
MET007,1,4,6,2,1.4415513126056407
MET007,1,4,6,3,0.98757463972763804
MET007,1,4,6,4,0.96748672229506316
MET007,1,4,6,5,1.1733113639713799
MET007,1,4,6,6,1.3000695828283406
MET007,1,4,6,7,0.93366637072616321
MET007,1,4,6,8,1.2867040032560315
MET007,1,4,6,9,1.3305326602420833
MET007,1,4,7,0,1.2003038965190005
MET007,1,4,7,1,1.6095367038636239
MET007,1,4,7,2,1.2506456178745009
MET007,1,4,7,3,1.012433906027133
MET007,1,4,7,4,1.0496027236873493
MET007,1,4,7,5,1.1603826537337345
MET007,1,4,7,6,1.433006669056853
MET007,1,4,7,7,1.3581283457525313
MET007,1,4,7,8,1.3753382518122681
MET007,1,4,7,9,1.0388658616889124
MET007,1,4,8,0,1.1593647480773379
MET007,1,4,8,1,1.1347512879716362
MET007,1,4,8,2,1.1681777212457969
MET007,1,4,8,3,0.93829038491526784
MET007,1,4,8,4,0.95469524700652719
MET007,1,4,8,5,1.1485620726214931
MET007,1,4,8,6,1.2333851218081435
MET007,1,4,8,7,1.2170044151884032
MET007,1,4,8,8,1.6743840405423576
MET007,1,4,8,9,1.1529500098591174
MET007,1,4,9,0,1.346670173339342
MET007,1,4,9,1,1.0719013684351149
MET007,1,4,9,2,1.238336465860294
MET007,1,4,9,3,1.3865677858609331
MET007,1,4,9,4,1.2258184962820089
MET007,1,4,9,5,1.2970388246239295
MET007,1,4,9,6,0.94038889228046496
MET007,1,4,9,7,1.4366769768386596
MET007,1,4,9,8,1.4330681553860134
MET007,1,4,9,9,1.190689458412034
MET008,1,1,0,0,1.9124251160230961
MET008,1,1,0,1,1.880163956870557
MET008,1,1,0,2,1.943045696958045
MET008,1,1,0,3,1.9169268828830093
MET008,1,1,0,4,1.8791721895514359
MET008,1,1,0,5,1.5886860700413417
MET008,1,1,0,6,1.5381266867958296
MET008,1,1,0,7,1.7060517588937356
MET008,1,1,0,8,1.7504420747947289
MET008,1,1,0,9,1.8185755017491745
MET008,1,1,1,0,1.9357743496830404
MET008,1,1,1,1,1.8986777215122088
MET008,1,1,1,2,1.7756673865426964
MET008,1,1,1,3,1.8795106458592448
MET008,1,1,1,4,1.7917048762723726
MET008,1,1,1,5,1.842998433866571
MET008,1,1,1,6,1.9542841123513344
MET008,1,1,1,7,1.673829104973692
MET008,1,1,1,8,1.4689957168395646
MET008,1,1,1,9,1.4971648434713201
MET008,1,1,2,0,1.8857068237665129
MET008,1,1,2,1,2.0333403345057905
MET008,1,1,2,2,1.9515485608698813
MET008,1,1,2,3,1.4315873695126191
MET008,1,1,2,4,1.2147298165437153
MET008,1,1,2,5,1.565317867376457
MET008,1,1,2,6,1.6533861227370843
MET008,1,1,2,7,1.8533702651542103
MET008,1,1,2,8,1.8080451087874745
MET008,1,1,2,9,1.8399468492760185
MET008,1,1,3,0,1.9905831952548561
MET008,1,1,3,1,2.0829038019937718
MET008,1,1,3,2,1.874516328513925
MET008,1,1,3,3,1.6395340486255476
MET008,1,1,3,4,1.4894715147708617
MET008,1,1,3,5,1.1540293963049824
MET008,1,1,3,6,1.3044939952828347
MET008,1,1,3,7,1.7603246488076325
MET008,1,1,3,8,1.7799330279181096
MET008,1,1,3,9,1.8809930332134901
MET008,1,1,4,0,2.0936298399042714
MET008,1,1,4,1,2.0181019424651594
MET008,1,1,4,2,2.0700031246548254
MET008,1,1,4,3,1.7863238731205844
MET008,1,1,4,4,0.9551682402632744
MET008,1,1,4,5,1.1679707286562917
MET008,1,1,4,6,1.2476645989367472
MET008,1,1,4,7,1.7863357983961463
MET008,1,1,4,8,1.8197496496968064
MET008,1,1,4,9,1.8855686779898595
MET008,1,1,5,0,2.0794529778150683
MET008,1,1,5,1,2.0219743602425102
MET008,1,1,5,2,1.9137962988170696
MET008,1,1,5,3,2.0068177111830301
MET008,1,1,5,4,1.4397199497952684
MET008,1,1,5,5,1.0306693092975407
MET008,1,1,5,6,1.3269374442290511
MET008,1,1,5,7,1.4637286127996652
MET008,1,1,5,8,1.6673711324248424
MET008,1,1,5,9,1.7073321835833102
MET008,1,1,6,0,1.9522239963848955
MET008,1,1,6,1,1.958529943137248
MET008,1,1,6,2,1.7283477346575429
MET008,1,1,6,3,1.5335319270246632
MET008,1,1,6,4,1.55071530624211
MET008,1,1,6,5,1.3814148733882894
MET008,1,1,6,6,1.530604977288134
MET008,1,1,6,7,1.7090354398017005
MET008,1,1,6,8,1.5448156045082593
MET008,1,1,6,9,1.6965235253894395
MET008,1,1,7,0,1.9676074043397049
MET008,1,1,7,1,1.9120089524784849
MET008,1,1,7,2,1.7944310613046801
MET008,1,1,7,3,1.8883115027511961
MET008,1,1,7,4,1.4102479682728335
MET008,1,1,7,5,1.5284386138236183
MET008,1,1,7,6,1.541727872650223
MET008,1,1,7,7,1.6991477258557759
MET008,1,1,7,8,1.5553675257107076
MET008,1,1,7,9,1.7580191588180272
MET008,1,1,8,0,2.012836869002661
MET008,1,1,8,1,1.9396144716860964
MET008,1,1,8,2,1.8745788330722699
MET008,1,1,8,3,1.7723023200783183
MET008,1,1,8,4,1.8752307163704749
MET008,1,1,8,5,1.6424805670261839
MET008,1,1,8,6,1.5227651182316957
MET008,1,1,8,7,1.4817571463650765
MET008,1,1,8,8,1.4503853899223871
MET008,1,1,8,9,1.7329689614461434
MET008,1,1,9,0,1.9706878550044395
MET008,1,1,9,1,1.8418109442363291
MET008,1,1,9,2,1.7158485246776845
MET008,1,1,9,3,1.939345487410304
MET008,1,1,9,4,1.5879930754559384
MET008,1,1,9,5,1.755049239376526
MET008,1,1,9,6,1.6149756007853997
MET008,1,1,9,7,1.6929309831071226
MET008,1,1,9,8,1.5810252147706116
MET008,1,1,9,9,1.193254162593022
MET008,1,2,0,0,1.892960593945421
MET008,1,2,0,1,1.7748064422883121
MET008,1,2,0,2,1.6810120644075579
MET008,1,2,0,3,1.7823961937941009
MET008,1,2,0,4,1.9079532476909729
MET008,1,2,0,5,1.6367513851094111
MET008,1,2,0,6,1.7009536234087683
MET008,1,2,0,7,1.5866050389886357
MET008,1,2,0,8,1.584619601791178
MET008,1,2,0,9,1.8040484373168832
MET008,1,2,1,0,1.9236929268961345
MET008,1,2,1,1,1.7672009157603581
MET008,1,2,1,2,1.8548250320484687
MET008,1,2,1,3,1.4746566223626358
MET008,1,2,1,4,1.8904793194285536
MET008,1,2,1,5,1.5682512096198495
MET008,1,2,1,6,1.9105947083167047
MET008,1,2,1,7,1.6507701252641434
MET008,1,2,1,8,1.5534561095564865
MET008,1,2,1,9,1.8113131541086869
MET008,1,2,2,0,1.8945692121281079
MET008,1,2,2,1,1.994704892989456
MET008,1,2,2,2,1.9245005513210665
MET008,1,2,2,3,1.5031215623944345
MET008,1,2,2,4,1.3855205769985619
MET008,1,2,2,5,1.7771709622312613
MET008,1,2,2,6,1.6520991313409286
MET008,1,2,2,7,1.845294189110612
MET008,1,2,2,8,1.8029037921961848
MET008,1,2,2,9,1.844047702639654
MET008,1,2,3,0,1.975278743248376
MET008,1,2,3,1,2.0011196920207248
MET008,1,2,3,2,1.828733383565164
MET008,1,2,3,3,1.6958576186672998
MET008,1,2,3,4,1.6597303807946104
MET008,1,2,3,5,1.1294108975056345
MET008,1,2,3,6,1.653906839446627
MET008,1,2,3,7,1.7286167193267523
MET008,1,2,3,8,1.7429983419618709
MET008,1,2,3,9,1.8757199641685944
MET008,1,2,4,0,2.1143955981657592
MET008,1,2,4,1,2.1071128601446163
MET008,1,2,4,2,1.9714156766656887
MET008,1,2,4,3,1.56130602155625
MET008,1,2,4,4,1.1926565450740372
MET008,1,2,4,5,1.2886053477094257
MET008,1,2,4,6,1.4058003589367911
MET008,1,2,4,7,1.7564195756292489
MET008,1,2,4,8,1.8498426967481696
MET008,1,2,4,9,1.7216026175502199
MET008,1,2,5,0,2.008206797383028
MET008,1,2,5,1,2.0592895836212706
MET008,1,2,5,2,1.9138885890610224
MET008,1,2,5,3,1.8733211395052864
MET008,1,2,5,4,1.235948041895053
MET008,1,2,5,5,1.3393278083542903
MET008,1,2,5,6,1.4888762012173071
MET008,1,2,5,7,1.3145619265730719
MET008,1,2,5,8,1.5313144653555979
MET008,1,2,5,9,1.5114087575327408
MET008,1,2,6,0,2.0633780765671261
MET008,1,2,6,1,1.8975201747899155
MET008,1,2,6,2,2.0953249972496506
MET008,1,2,6,3,1.6222432920008876
MET008,1,2,6,4,1.4491177328737503
MET008,1,2,6,5,1.5648322931433856
MET008,1,2,6,6,1.4785132642811982
MET008,1,2,6,7,1.6082248276595843
MET008,1,2,6,8,1.4136989617011488
MET008,1,2,6,9,1.7351593419579117
MET008,1,2,7,0,1.8476999027292136
MET008,1,2,7,1,2.0070144703814607
MET008,1,2,7,2,1.7538726745163991
MET008,1,2,7,3,1.8909233833455019
MET008,1,2,7,4,1.5792721884753791
MET008,1,2,7,5,1.4325097776323981
MET008,1,2,7,6,1.521288002424199
MET008,1,2,7,7,1.4985912414362701
MET008,1,2,7,8,1.6891739845042752
MET008,1,2,7,9,1.6684130628326517
MET008,1,2,8,0,1.9962318244304265
MET008,1,2,8,1,1.9003987627255949
MET008,1,2,8,2,1.9023790813385903
MET008,1,2,8,3,1.580550352395039
MET008,1,2,8,4,1.8412934329474471
MET008,1,2,8,5,1.1199956600028571
MET008,1,2,8,6,1.6275714096219962
MET008,1,2,8,7,1.6291763483078421
MET008,1,2,8,8,1.6200582906874668
MET008,1,2,8,9,1.7402437967733209
MET008,1,2,9,0,1.9772405117740439
MET008,1,2,9,1,1.9111018596385247
MET008,1,2,9,2,1.7959261065762111
MET008,1,2,9,3,1.9279391734684748
MET008,1,2,9,4,1.7598396753677457
MET008,1,2,9,5,1.6870292846538462
MET008,1,2,9,6,1.5427111026627844
MET008,1,2,9,7,1.6922390685137447
MET008,1,2,9,8,1.5899397405323401
MET008,1,2,9,9,1.6107592795190111
MET008,1,3,0,0,1.9640585676747555
MET008,1,3,0,1,1.8639245177865544
MET008,1,3,0,2,1.956941207276325
MET008,1,3,0,3,1.9674115947483559
MET008,1,3,0,4,1.7549088862571265
MET008,1,3,0,5,1.7774998970977085
MET008,1,3,0,6,1.5357371339507626
MET008,1,3,0,7,1.555136760988362
MET008,1,3,0,8,1.7355100006618791
MET008,1,3,0,9,1.7706309400840876
MET008,1,3,1,0,2.0115317063616422
MET008,1,3,1,1,1.9859290856847784
MET008,1,3,1,2,1.646788839147578
MET008,1,3,1,3,1.8925908311805104
MET008,1,3,1,4,1.7817276544852012
MET008,1,3,1,5,1.7522520514514519
MET008,1,3,1,6,1.696831581773169
MET008,1,3,1,7,1.529145029103546
MET008,1,3,1,8,1.7947709476417584
MET008,1,3,1,9,1.7905695770474277
MET008,1,3,2,0,2.0050330658018161
MET008,1,3,2,1,1.9306139029435727
MET008,1,3,2,2,2.0337172090614426
MET008,1,3,2,3,1.5120988526338608
MET008,1,3,2,4,1.1470339379826833
MET008,1,3,2,5,1.6349463733899401
MET008,1,3,2,6,1.4933664638697637
MET008,1,3,2,7,1.7574970355128627
MET008,1,3,2,8,1.7343075296717485
MET008,1,3,2,9,1.7620890625178525
MET008,1,3,3,0,2.0268717435131949
MET008,1,3,3,1,2.0061822197250239
MET008,1,3,3,2,1.7148862858121501
MET008,1,3,3,3,1.8312794256217853
MET008,1,3,3,4,1.7946395826262269
MET008,1,3,3,5,1.2602016380691825
MET008,1,3,3,6,1.4723538903728679
MET008,1,3,3,7,1.5053888162946676
MET008,1,3,3,8,1.8272713619371483
MET008,1,3,3,9,1.8242344545568727
MET008,1,3,4,0,2.1509914093119842
MET008,1,3,4,1,2.0190324989892177
MET008,1,3,4,2,2.0369843176450995
MET008,1,3,4,3,1.7281463476334302
MET008,1,3,4,4,0.95964823321982518
MET008,1,3,4,5,1.2177759194801885
MET008,1,3,4,6,1.356439470862943
MET008,1,3,4,7,1.7923478488728908
MET008,1,3,4,8,1.8839568573673835
MET008,1,3,4,9,1.557091090452605
MET008,1,3,5,0,2.0782859452857387
MET008,1,3,5,1,2.0198239380862861
MET008,1,3,5,2,1.9048786151853367
MET008,1,3,5,3,1.8801807316124739
MET008,1,3,5,4,1.4487732144779204
MET008,1,3,5,5,1.4293972204337535
MET008,1,3,5,6,1.2898175731607815
MET008,1,3,5,7,1.4142318600773551
MET008,1,3,5,8,1.6455336738666799
MET008,1,3,5,9,1.7821959104247658
MET008,1,3,6,0,2.0370512941504462
MET008,1,3,6,1,1.9865645306565929
MET008,1,3,6,2,1.996181855764936
MET008,1,3,6,3,1.7286526702672822
MET008,1,3,6,4,1.5725941214477428
MET008,1,3,6,5,1.2815313961012564
MET008,1,3,6,6,1.436772698670965
MET008,1,3,6,7,1.5128248675710916
MET008,1,3,6,8,1.5524522009820434
MET008,1,3,6,9,1.6527287833261921
MET008,1,3,7,0,1.9214458439770683
MET008,1,3,7,1,1.9345205760570303
MET008,1,3,7,2,1.7388164022492929
MET008,1,3,7,3,1.7682504536521499
MET008,1,3,7,4,1.4948239388361406
MET008,1,3,7,5,1.5743675302215945
MET008,1,3,7,6,1.557890758736399
MET008,1,3,7,7,1.637162989220861
MET008,1,3,7,8,1.5881367245376323
MET008,1,3,7,9,1.6210091179589072
MET008,1,3,8,0,1.9316152516638805
MET008,1,3,8,1,1.7669082282839159
MET008,1,3,8,2,1.8308339472476041
MET008,1,3,8,3,1.7343581674100861
MET008,1,3,8,4,1.7077224260985844
MET008,1,3,8,5,1.6428873937011397
MET008,1,3,8,6,1.7063279447734869
MET008,1,3,8,7,1.6676760585797334
MET008,1,3,8,8,1.743441566532721
MET008,1,3,8,9,1.6633753203468893
MET008,1,3,9,0,1.9799070370230061
MET008,1,3,9,1,1.8617511557436639
MET008,1,3,9,2,1.7959874183358704
MET008,1,3,9,3,1.7011357202225343
MET008,1,3,9,4,1.7029162436270429
MET008,1,3,9,5,1.7865406141850402
MET008,1,3,9,6,1.7872334491603157
MET008,1,3,9,7,1.7054520465703995
MET008,1,3,9,8,1.7500640338766076
MET008,1,3,9,9,1.8537466848654944
MET008,1,4,0,0,1.8696841255088601
MET008,1,4,0,1,1.704364507778571
MET008,1,4,0,2,1.9015851002444288
MET008,1,4,0,3,1.7199949959789758
MET008,1,4,0,4,1.9939137217944427
MET008,1,4,0,5,1.6020906639687551
MET008,1,4,0,6,1.4675725590969328
MET008,1,4,0,7,1.6455278943957099
MET008,1,4,0,8,1.7334828244699056
MET008,1,4,0,9,1.7425731394424897
MET008,1,4,1,0,1.9253524058540319
MET008,1,4,1,1,2.0285355663394147
MET008,1,4,1,2,1.8454782202793705
MET008,1,4,1,3,1.8133710531399696
MET008,1,4,1,4,1.7745312729371991
MET008,1,4,1,5,1.5955878633209331
MET008,1,4,1,6,1.8420926107200224
MET008,1,4,1,7,1.5509655507408264
MET008,1,4,1,8,1.7760650735788914
MET008,1,4,1,9,1.7842711682343335
MET008,1,4,2,0,2.0429695307291547
MET008,1,4,2,1,1.9662963571093093
MET008,1,4,2,2,1.9993210503158163
MET008,1,4,2,3,1.615291605149759
MET008,1,4,2,4,1.3114183080347179
MET008,1,4,2,5,1.5398711149385906
MET008,1,4,2,6,1.2609413088037555
MET008,1,4,2,7,1.417989901929702
MET008,1,4,2,8,1.7262204555177241
MET008,1,4,2,9,1.6970864850805449
MET008,1,4,3,0,2.0454513057934625
MET008,1,4,3,1,2.043628562831072
MET008,1,4,3,2,1.8157671915627496
MET008,1,4,3,3,1.7101008314592212
MET008,1,4,3,4,1.729483778200706
MET008,1,4,3,5,0.91970334308483936
MET008,1,4,3,6,1.529864881283485
MET008,1,4,3,7,1.5120129078327229
MET008,1,4,3,8,1.7204730789851299
MET008,1,4,3,9,1.7572647914958148
MET008,1,4,4,0,2.1435919839404192
MET008,1,4,4,1,2.0427641748781218
MET008,1,4,4,2,1.7897096970148287
MET008,1,4,4,3,1.5884239336292278
MET008,1,4,4,4,1.1731572038601177
MET008,1,4,4,5,1.2975373526471357
MET008,1,4,4,6,1.2533167606107682
MET008,1,4,4,7,1.7631177724554845
MET008,1,4,4,8,1.4782732402910743
MET008,1,4,4,9,1.8580978624517497
MET008,1,4,5,0,2.09800335533046
MET008,1,4,5,1,1.9920237897726063
MET008,1,4,5,2,1.8759966720865568
MET008,1,4,5,3,1.5704117767836858
MET008,1,4,5,4,1.166423372298965
MET008,1,4,5,5,1.1969002177239008
MET008,1,4,5,6,1.2545068125422247
MET008,1,4,5,7,1.3906951992366401
MET008,1,4,5,8,1.5800361215669223
MET008,1,4,5,9,1.6435776110197582
MET008,1,4,6,0,2.0840219053203377
MET008,1,4,6,1,1.9947840044928584
MET008,1,4,6,2,1.9646766138272145
MET008,1,4,6,3,1.6398211787519701
MET008,1,4,6,4,1.6194269733677951
MET008,1,4,6,5,1.4376828358216147
MET008,1,4,6,6,1.180029877287484
MET008,1,4,6,7,1.4663282512572311
MET008,1,4,6,8,1.7280920446283932
MET008,1,4,6,9,1.6401807245667559
MET008,1,4,7,0,1.9734182355682319
MET008,1,4,7,1,1.9632762700689079
MET008,1,4,7,2,1.7216767502051591
MET008,1,4,7,3,1.6859734290691226
MET008,1,4,7,4,1.3451668646220036
MET008,1,4,7,5,1.2148161036752909
MET008,1,4,7,6,1.4408918617724984
MET008,1,4,7,7,1.5629030181615824
MET008,1,4,7,8,1.3747955339857283
MET008,1,4,7,9,1.6459027539395708
MET008,1,4,8,0,1.9039722949683464
MET008,1,4,8,1,1.7787822711297123
MET008,1,4,8,2,1.8617712167823928
MET008,1,4,8,3,1.4268008011579449
MET008,1,4,8,4,1.5256312694044269
MET008,1,4,8,5,1.3002985099497859
MET008,1,4,8,6,1.5821206197801891
MET008,1,4,8,7,1.4353241077123802
MET008,1,4,8,8,1.5014136513564489
MET008,1,4,8,9,1.3724759319350546
MET008,1,4,9,0,1.84367563661554
MET008,1,4,9,1,1.7459114771364477
MET008,1,4,9,2,1.6898049236320427
MET008,1,4,9,3,1.8071732608390729
MET008,1,4,9,4,1.7271996414924806
MET008,1,4,9,5,1.4794691947164309
MET008,1,4,9,6,1.6006972440588876
MET008,1,4,9,7,1.5679435519663989
MET008,1,4,9,8,1.6332046800224356
MET008,1,4,9,9,1.6784382159332782
MET008,2,1,0,0,1.9796557588441599
MET008,2,1,0,1,1.9314197000081463
MET008,2,1,0,2,1.953436637735336
MET008,2,1,0,3,1.8506956155800207
MET008,2,1,0,4,1.6752242796368708
MET008,2,1,0,5,1.7392863136470911
MET008,2,1,0,6,1.4425984197863879
MET008,2,1,0,7,1.6421668562545044
MET008,2,1,0,8,1.704127291535104
MET008,2,1,0,9,1.9891036763264209
MET008,2,1,1,0,1.9331502166390977
MET008,2,1,1,1,1.921302643089454
MET008,2,1,1,2,1.7945108251450423
MET008,2,1,1,3,1.9335473047006364
MET008,2,1,1,4,1.7623598304048476
MET008,2,1,1,5,1.5524017608986811
MET008,2,1,1,6,1.8553059258262501
MET008,2,1,1,7,1.5036438551800011
MET008,2,1,1,8,1.5744435877861886
MET008,2,1,1,9,1.9069968854833272
MET008,2,1,2,0,2.0641382092103941
MET008,2,1,2,1,2.0329900035758088
MET008,2,1,2,2,1.9526912984397395
MET008,2,1,2,3,1.696633667458969
MET008,2,1,2,4,1.2936399284733942
MET008,2,1,2,5,1.6729462715656795
MET008,2,1,2,6,1.4924988827889794
MET008,2,1,2,7,1.6631151544833509
MET008,2,1,2,8,1.830371330404668
MET008,2,1,2,9,1.8407044393557208
MET008,2,1,3,0,2.1214915227624931
MET008,2,1,3,1,2.0851902763685981
MET008,2,1,3,2,1.9053000735054548
MET008,2,1,3,3,1.8181054379493924
MET008,2,1,3,4,1.6304052976306989
MET008,2,1,3,5,1.0959686172636878
MET008,2,1,3,6,1.4884969364591525
MET008,2,1,3,7,1.8078629007683784
MET008,2,1,3,8,1.7329528968950478
MET008,2,1,3,9,1.8358842559016963
MET008,2,1,4,0,2.077002172035217
MET008,2,1,4,1,2.037431519815371
MET008,2,1,4,2,2.0238367361762322
MET008,2,1,4,3,1.6334588211780059
MET008,2,1,4,4,1.359027920604214
MET008,2,1,4,5,0.94663331220383595
MET008,2,1,4,6,1.1368922438205709
MET008,2,1,4,7,1.687757275837696
MET008,2,1,4,8,1.9237631950030849
MET008,2,1,4,9,1.7651856110815549
MET008,2,1,5,0,2.0880421324961018
MET008,2,1,5,1,1.9571969334429451
MET008,2,1,5,2,1.88231887625084
MET008,2,1,5,3,2.1043157706464481
MET008,2,1,5,4,1.440827457095847
MET008,2,1,5,5,1.1683129252001474
MET008,2,1,5,6,1.3038796852627486
MET008,2,1,5,7,1.2274350828098524
MET008,2,1,5,8,1.5658858667857001
MET008,2,1,5,9,1.813887889820232
MET008,2,1,6,0,2.02237708414359
MET008,2,1,6,1,1.9868898491834948
MET008,2,1,6,2,1.9108111948480648
MET008,2,1,6,3,1.7791582264349894
MET008,2,1,6,4,1.8089199639055089
MET008,2,1,6,5,1.4500253273545964
MET008,2,1,6,6,1.3380394510914944
MET008,2,1,6,7,1.4686957040779716
MET008,2,1,6,8,1.4322360242345489
MET008,2,1,6,9,1.5220326878311894
MET008,2,1,7,0,1.9919301944905039
MET008,2,1,7,1,1.909826633780318
MET008,2,1,7,2,1.830723761533813
MET008,2,1,7,3,1.8910631860945069
MET008,2,1,7,4,1.6619916481413408
MET008,2,1,7,5,1.8168209283495689
MET008,2,1,7,6,1.5265114184680371
MET008,2,1,7,7,1.456602073903827
MET008,2,1,7,8,1.468483670916946
MET008,2,1,7,9,1.3860722667336831
MET008,2,1,8,0,1.8575355361926069
MET008,2,1,8,1,1.8548618433395645
MET008,2,1,8,2,1.943387862766361
MET008,2,1,8,3,1.7029582737406457
MET008,2,1,8,4,1.8988332495341289
MET008,2,1,8,5,1.7276385109597143
MET008,2,1,8,6,1.5855886689498031
MET008,2,1,8,7,1.5643295012925127
MET008,2,1,8,8,1.4613841756881645
MET008,2,1,8,9,1.5307942512498305
MET008,2,1,9,0,1.8167121964430788
MET008,2,1,9,1,1.9200730863390807
MET008,2,1,9,2,1.6732588700018332
MET008,2,1,9,3,1.9186078163890647
MET008,2,1,9,4,1.7469744968397636
MET008,2,1,9,5,1.7246447126763098
MET008,2,1,9,6,1.5801296173013617
MET008,2,1,9,7,1.687423807090672
MET008,2,1,9,8,1.5502072087816354
MET008,2,1,9,9,1.4106283160483062
MET008,2,2,0,0,1.8320134159473191
MET008,2,2,0,1,1.961054225886776
MET008,2,2,0,2,1.9751064799841191
MET008,2,2,0,3,1.7612828579968698
MET008,2,2,0,4,1.5274962486420047
MET008,2,2,0,5,1.6452304379355482
MET008,2,2,0,6,1.5806253433302069
MET008,2,2,0,7,1.5282852166977583
MET008,2,2,0,8,1.6504594958319541
MET008,2,2,0,9,1.8301546846837844
MET008,2,2,1,0,1.8885519422418675
MET008,2,2,1,1,1.8452825388327128
MET008,2,2,1,2,1.5373371652585932
MET008,2,2,1,3,1.8926468951087561
MET008,2,2,1,4,1.7134512052836479
MET008,2,2,1,5,1.7035611409565017
MET008,2,2,1,6,1.8047839177301976
MET008,2,2,1,7,1.5506847163721744
MET008,2,2,1,8,1.5696036074133572
MET008,2,2,1,9,1.8239267519204287
MET008,2,2,2,0,1.9272271895546
MET008,2,2,2,1,1.9409812552360173
MET008,2,2,2,2,1.7782992544646343
MET008,2,2,2,3,1.4927681949232163
MET008,2,2,2,4,1.284682709756213
MET008,2,2,2,5,1.7054303348193158
MET008,2,2,2,6,1.5675201634133531
MET008,2,2,2,7,1.5618335669664758
MET008,2,2,2,8,1.952525799010477
MET008,2,2,2,9,1.8643477002433919
MET008,2,2,3,0,2.0867280901025578
MET008,2,2,3,1,2.0179670704825119
MET008,2,2,3,2,1.8745006735929568
MET008,2,2,3,3,1.5347592716142036
MET008,2,2,3,4,1.6522703066876605
MET008,2,2,3,5,1.1528838176200826
MET008,2,2,3,6,1.4257410547386122
MET008,2,2,3,7,1.7454042823562641
MET008,2,2,3,8,1.4858471048509614
MET008,2,2,3,9,1.9259120758739992
MET008,2,2,4,0,2.0644480298847121
MET008,2,2,4,1,2.032296965586319
MET008,2,2,4,2,2.064931672040605
MET008,2,2,4,3,1.5075875783860031
MET008,2,2,4,4,1.2430212688663165
MET008,2,2,4,5,1.2086782954097668
MET008,2,2,4,6,1.2755114514515276
MET008,2,2,4,7,1.7149085554600123
MET008,2,2,4,8,1.798047545007011
MET008,2,2,4,9,1.7169895784480464
MET008,2,2,5,0,1.9104006368598168
MET008,2,2,5,1,2.0103782470586564
MET008,2,2,5,2,1.7184495710006176
MET008,2,2,5,3,2.0292579264246973
MET008,2,2,5,4,1.6592925504937843
MET008,2,2,5,5,1.3574890954336676
MET008,2,2,5,6,1.2022326814019624
MET008,2,2,5,7,1.4607078977407799
MET008,2,2,5,8,1.7865514020113782
MET008,2,2,5,9,1.765737871062083
MET008,2,2,6,0,1.9569914746399364
MET008,2,2,6,1,1.9548766751009423
MET008,2,2,6,2,1.9737351628975679
MET008,2,2,6,3,1.7226658347280599
MET008,2,2,6,4,1.4832509762345705
MET008,2,2,6,5,1.5223716238139251
MET008,2,2,6,6,1.4944597243723785
MET008,2,2,6,7,1.4932114736202926
MET008,2,2,6,8,1.4105829256171911
MET008,2,2,6,9,1.6577806311063139
MET008,2,2,7,0,1.9427853507394568
MET008,2,2,7,1,1.9305429011460755
MET008,2,2,7,2,1.7311581653762811
MET008,2,2,7,3,1.9424254291338896
MET008,2,2,7,4,1.5689005478228946
MET008,2,2,7,5,1.6625732545162519
MET008,2,2,7,6,1.7671959329622935
MET008,2,2,7,7,1.3410516180839578
MET008,2,2,7,8,1.4559260487823418
MET008,2,2,7,9,1.4678071281859095
MET008,2,2,8,0,1.9383431548019281
MET008,2,2,8,1,1.8495020343395487
MET008,2,2,8,2,1.8810230146652449
MET008,2,2,8,3,1.7360768306503402
MET008,2,2,8,4,1.9376165366770983
MET008,2,2,8,5,1.5802878988573772
MET008,2,2,8,6,1.542683663501675
MET008,2,2,8,7,1.488919358648338
MET008,2,2,8,8,1.6511632331370214
MET008,2,2,8,9,1.5669579858122209
MET008,2,2,9,0,1.7997700714321323
MET008,2,2,9,1,1.838350401894199
MET008,2,2,9,2,1.7307529626321341
MET008,2,2,9,3,1.758653808809274
MET008,2,2,9,4,1.7942573200185568
MET008,2,2,9,5,1.8048331316817039
MET008,2,2,9,6,1.5460503805424477
MET008,2,2,9,7,1.5913428796710198
MET008,2,2,9,8,1.3729067375015651
MET008,2,2,9,9,1.6368211951178251
MET008,2,3,0,0,1.7661604732062854
MET008,2,3,0,1,1.8342145433556163
MET008,2,3,0,2,1.9773073827448091
MET008,2,3,0,3,1.6974657612246091
MET008,2,3,0,4,1.6470032711180684
MET008,2,3,0,5,1.6202467886214884
MET008,2,3,0,6,1.4601720404656475
MET008,2,3,0,7,1.7149838618702984
MET008,2,3,0,8,1.6528149793409579
MET008,2,3,0,9,1.9035891331545101
MET008,2,3,1,0,1.9598071989392096
MET008,2,3,1,1,1.999031333387435
MET008,2,3,1,2,1.7571273432709049
MET008,2,3,1,3,1.7228436640820812
MET008,2,3,1,4,1.7403104642729856
MET008,2,3,1,5,1.5460842479965076
MET008,2,3,1,6,1.6532471641749045
MET008,2,3,1,7,1.6920640399407652
MET008,2,3,1,8,1.7968827740215452
MET008,2,3,1,9,1.8529930791155025
MET008,2,3,2,0,2.0172364347361782
MET008,2,3,2,1,2.0397800941319977
MET008,2,3,2,2,1.895529714525344
MET008,2,3,2,3,1.5706295891201871
MET008,2,3,2,4,1.3040659582716396
MET008,2,3,2,5,1.6554725076367836
MET008,2,3,2,6,1.6060101095296362
MET008,2,3,2,7,1.7454570735682375
MET008,2,3,2,8,1.8038048602705128
MET008,2,3,2,9,1.7394569811733236
MET008,2,3,3,0,2.0211121862056838
MET008,2,3,3,1,2.016577685551185
MET008,2,3,3,2,1.8512698701064445
MET008,2,3,3,3,1.6911587025673769
MET008,2,3,3,4,1.6816656586123258
MET008,2,3,3,5,1.0165052854132988
MET008,2,3,3,6,1.3883853233823711
MET008,2,3,3,7,1.8193941148493851
MET008,2,3,3,8,1.6771830998353083
MET008,2,3,3,9,1.815213398675644
MET008,2,3,4,0,2.1201675208887978
MET008,2,3,4,1,2.0496793550153249
MET008,2,3,4,2,2.0711369786224405
MET008,2,3,4,3,1.7259164035661496
MET008,2,3,4,4,1.0421219153416084
MET008,2,3,4,5,1.3400779284322224
MET008,2,3,4,6,1.2757124563616409
MET008,2,3,4,7,1.7508887801471715
MET008,2,3,4,8,1.8691710844725531
MET008,2,3,4,9,1.6364707958045157
MET008,2,3,5,0,2.0466791173547252
MET008,2,3,5,1,2.0614506636011845
MET008,2,3,5,2,1.8532998612478384
MET008,2,3,5,3,1.9945457843366361
MET008,2,3,5,4,1.5084018075980672
MET008,2,3,5,5,1.0856469981378978
MET008,2,3,5,6,1.4456921138922596
MET008,2,3,5,7,1.265978269466026
MET008,2,3,5,8,1.7821799438408339
MET008,2,3,5,9,1.7711065308205474
MET008,2,3,6,0,2.054178698711973
MET008,2,3,6,1,1.9792205146253641
MET008,2,3,6,2,1.9903868577387505
MET008,2,3,6,3,1.6401163495583244
MET008,2,3,6,4,1.6929373210011942
MET008,2,3,6,5,1.4674714269482405
MET008,2,3,6,6,1.3138121521102559
MET008,2,3,6,7,1.5418528287396185
MET008,2,3,6,8,1.4716184135385
MET008,2,3,6,9,1.6048315665445194
MET008,2,3,7,0,1.9002469344608528
MET008,2,3,7,1,1.9654469042285769
MET008,2,3,7,2,1.7102215737631301
MET008,2,3,7,3,1.8487121128154489
MET008,2,3,7,4,1.6603776256304112
MET008,2,3,7,5,1.4068363381077829
MET008,2,3,7,6,1.5219550145664054
MET008,2,3,7,7,1.5651027528222337
MET008,2,3,7,8,1.6784442315758925
MET008,2,3,7,9,1.4373783994499072
MET008,2,3,8,0,1.9075022126431207
MET008,2,3,8,1,1.77059146961089
MET008,2,3,8,2,1.8637746123549448
MET008,2,3,8,3,1.6489767451552346
MET008,2,3,8,4,1.7835504148116257
MET008,2,3,8,5,1.5876407186669683
MET008,2,3,8,6,1.5056080509564569
MET008,2,3,8,7,1.5856252324079394
MET008,2,3,8,8,1.5610674014331205
MET008,2,3,8,9,1.6897430102579316
MET008,2,3,9,0,1.9206907831265976
MET008,2,3,9,1,1.7649122588244055
MET008,2,3,9,2,1.676350593445886
MET008,2,3,9,3,1.6849670875464251
MET008,2,3,9,4,1.5820169988360144
MET008,2,3,9,5,1.680809419192824
MET008,2,3,9,6,1.3857013769888469
MET008,2,3,9,7,1.620047428101828
MET008,2,3,9,8,1.6115949628369055
MET008,2,3,9,9,1.6867245860998683
MET008,2,4,0,0,1.9284346093321525
MET008,2,4,0,1,1.8526389536770285
MET008,2,4,0,2,1.9548225187590464
MET008,2,4,0,3,1.7497276899196581
MET008,2,4,0,4,1.7612785490861882
MET008,2,4,0,5,1.5924265538033824
MET008,2,4,0,6,1.4915472338728777
MET008,2,4,0,7,1.6244807272001711
MET008,2,4,0,8,1.6572570780023734
MET008,2,4,0,9,1.7034933780493942
MET008,2,4,1,0,2.0037091490722068
MET008,2,4,1,1,1.8198760212774951
MET008,2,4,1,2,1.6387136720754121
MET008,2,4,1,3,1.6950114188997365
MET008,2,4,1,4,1.6254708279313104
MET008,2,4,1,5,1.5208211759014401
MET008,2,4,1,6,1.8046353980641288
MET008,2,4,1,7,1.5299056648307303
MET008,2,4,1,8,1.6487050187606285
MET008,2,4,1,9,1.6555083226729963
MET008,2,4,2,0,1.9246270151111009
MET008,2,4,2,1,1.8880301537257231
MET008,2,4,2,2,1.8474627373807464
MET008,2,4,2,3,1.5857558672186225
MET008,2,4,2,4,1.3083935778663052
MET008,2,4,2,5,1.5429779259591658
MET008,2,4,2,6,1.6244557311477106
MET008,2,4,2,7,1.3230814543632226
MET008,2,4,2,8,1.4172380974335506
MET008,2,4,2,9,1.5845797943837121
MET008,2,4,3,0,1.999352405977584
MET008,2,4,3,1,1.9392460701760577
MET008,2,4,3,2,1.6390918359515034
MET008,2,4,3,3,1.6000253914208995
MET008,2,4,3,4,1.7123062492340484
MET008,2,4,3,5,1.0255233677186968
MET008,2,4,3,6,1.3120133389358657
MET008,2,4,3,7,1.6515387418651857
MET008,2,4,3,8,1.5569175670932089
MET008,2,4,3,9,1.7401361359276393
MET008,2,4,4,0,2.0180208840266718
MET008,2,4,4,1,1.8955064339454324
MET008,2,4,4,2,1.886958709671144
MET008,2,4,4,3,1.4343610146318271
MET008,2,4,4,4,0.88432098078549792
MET008,2,4,4,5,1.1935539993703628
MET008,2,4,4,6,1.2860003543549023
MET008,2,4,4,7,1.8154863934097825
MET008,2,4,4,8,1.9198404269390204
MET008,2,4,4,9,1.8573873130856431
MET008,2,4,5,0,2.0277006241446056
MET008,2,4,5,1,1.8380545909170585
MET008,2,4,5,2,1.7187528725871153
MET008,2,4,5,3,1.8549073539016161
MET008,2,4,5,4,1.3200573267222673
MET008,2,4,5,5,1.1964172541722611
MET008,2,4,5,6,1.4654295613149244
MET008,2,4,5,7,1.5167874782310593
MET008,2,4,5,8,1.6629294704861977
MET008,2,4,5,9,1.7508336034315599
MET008,2,4,6,0,2.080511111208728
MET008,2,4,6,1,1.830539509285781
MET008,2,4,6,2,1.9664583998726235
MET008,2,4,6,3,1.5615562743302944
MET008,2,4,6,4,1.6868978735112703
MET008,2,4,6,5,1.5414093281704668
MET008,2,4,6,6,1.3555006344674043
MET008,2,4,6,7,1.3240854260110784
MET008,2,4,6,8,1.4349304502620088
MET008,2,4,6,9,1.5497115010207398
MET008,2,4,7,0,1.8577552959174184
MET008,2,4,7,1,1.8674849137256169
MET008,2,4,7,2,1.7393892807464919
MET008,2,4,7,3,1.9781448385177884
MET008,2,4,7,4,1.4702054947545831
MET008,2,4,7,5,1.5422775396648996
MET008,2,4,7,6,1.6056328946892038
MET008,2,4,7,7,1.466112717750379
MET008,2,4,7,8,1.6682030130467256
MET008,2,4,7,9,1.5702146534410997
MET008,2,4,8,0,1.8571171171895275
MET008,2,4,8,1,1.7849478749789005
MET008,2,4,8,2,1.7240781548028652
MET008,2,4,8,3,1.4754372341275548
MET008,2,4,8,4,1.8656498324217199
MET008,2,4,8,5,1.321505410337626
MET008,2,4,8,6,1.1433977888808402
MET008,2,4,8,7,1.6218489856792415
MET008,2,4,8,8,1.4677559889628509
MET008,2,4,8,9,1.3179868884446455
MET008,2,4,9,0,1.9087702939441809
MET008,2,4,9,1,1.8965446810104081
MET008,2,4,9,2,1.6777868379535583
MET008,2,4,9,3,1.8124348016830161
MET008,2,4,9,4,1.58650725030583
MET008,2,4,9,5,1.6308012168435548
MET008,2,4,9,6,1.3963522938187969
MET008,2,4,9,7,1.6635242836868689
MET008,2,4,9,8,1.4390378857004185
MET008,2,4,9,9,1.5403102102571502
MET009,1,1,0,0,1.6158527901815258
MET009,1,1,0,1,1.5004664160222321
MET009,1,1,0,2,1.7064287511221337
MET009,1,1,0,3,1.0881292908586782
MET009,1,1,0,4,1.051483668669581
MET009,1,1,0,5,1.2641517836088645
MET009,1,1,0,6,1.2228003639797469
MET009,1,1,0,7,1.0699642024046916
MET009,1,1,0,8,1.1212914032967427
MET009,1,1,0,9,0.88699018692621312
MET009,1,1,1,0,1.3733934991763692
MET009,1,1,1,1,1.1698448165892337
MET009,1,1,1,2,1.1645410421532278
MET009,1,1,1,3,1.58305650044929
MET009,1,1,1,4,1.0610589356908944
MET009,1,1,1,5,1.3382591949251954
MET009,1,1,1,6,1.1574356400907784
MET009,1,1,1,7,1.0589404419335491
MET009,1,1,1,8,1.1903003815252882
MET009,1,1,1,9,1.0962694576652303
MET009,1,1,2,0,1.223785009075441
MET009,1,1,2,1,1.2077371717868055
MET009,1,1,2,2,1.4328212825377995
MET009,1,1,2,3,1.1871354336392006
MET009,1,1,2,4,1.1042099779340879
MET009,1,1,2,5,1.0492760172003632
MET009,1,1,2,6,1.364379178802918
MET009,1,1,2,7,0.93357507046316479
MET009,1,1,2,8,1.0062143807984147
MET009,1,1,2,9,1.0511576527475528
MET009,1,1,3,0,1.3701827540590432
MET009,1,1,3,1,1.2749714886249262
MET009,1,1,3,2,1.2471659522802847
MET009,1,1,3,3,1.1687003399549041
MET009,1,1,3,4,0.86316048054620431
MET009,1,1,3,5,0.92315796102452619
MET009,1,1,3,6,1.1505768825923413
MET009,1,1,3,7,1.3171146666617981
MET009,1,1,3,8,0.99570666692808241
MET009,1,1,3,9,1.1002844387857309
MET009,1,1,4,0,1.379252025941057
MET009,1,1,4,1,1.3995419042332049
MET009,1,1,4,2,1.1376136367045988
MET009,1,1,4,3,1.2298992739759129
MET009,1,1,4,4,1.0111735364138887
MET009,1,1,4,5,0.77581988356797549
MET009,1,1,4,6,1.0180535816266576
MET009,1,1,4,7,0.79361307648202273
MET009,1,1,4,8,1.0031661216647385
MET009,1,1,4,9,0.92703011193269524
MET009,1,1,5,0,1.2657749941418277
MET009,1,1,5,1,1.2709675109588809
MET009,1,1,5,2,1.0265915365813094
MET009,1,1,5,3,0.9677124352037676
MET009,1,1,5,4,1.1944496205799255
MET009,1,1,5,5,1.1486980366231629
MET009,1,1,5,6,0.79382718880571401
MET009,1,1,5,7,1.0615991208271889
MET009,1,1,5,8,0.99690914223008498
MET009,1,1,5,9,0.97046388603560318
MET009,1,1,6,0,1.2992242162810552
MET009,1,1,6,1,1.0337362462198452
MET009,1,1,6,2,1.1670405833672799
MET009,1,1,6,3,1.3098646490212429
MET009,1,1,6,4,0.78763379148675905
MET009,1,1,6,5,1.2987315861360242
MET009,1,1,6,6,1.1622579722956885
MET009,1,1,6,7,0.84521188963249505
MET009,1,1,6,8,0.98905742028331922
MET009,1,1,6,9,0.91114947863088502
MET009,1,1,7,0,1.081645739783532
MET009,1,1,7,1,1.1491072860237137
MET009,1,1,7,2,0.88514506169923213
MET009,1,1,7,3,0.79625518660830386
MET009,1,1,7,4,0.90372568190053915
MET009,1,1,7,5,0.94383584708188462
MET009,1,1,7,6,1.2181201077825476
MET009,1,1,7,7,1.1786784031140001
MET009,1,1,7,8,1.2921956254759392
MET009,1,1,7,9,0.868571014232696
MET009,1,1,8,0,1.2491810990154479
MET009,1,1,8,1,1.0881900313506296
MET009,1,1,8,2,0.83579371936589764
MET009,1,1,8,3,0.83615426691036654
MET009,1,1,8,4,0.9942785592572696
MET009,1,1,8,5,0.87283005717112039
MET009,1,1,8,6,0.85468504503412468
MET009,1,1,8,7,1.1787656371944359
MET009,1,1,8,8,0.95386974549834758
MET009,1,1,8,9,1.1905384043995104
MET009,1,1,9,0,1.152843889063105
MET009,1,1,9,1,1.0648115252006778
MET009,1,1,9,2,0.86114526671912461
MET009,1,1,9,3,0.69062176436573308
MET009,1,1,9,4,0.82722711790577541
MET009,1,1,9,5,0.88527603505996055
MET009,1,1,9,6,1.0069020720888018
MET009,1,1,9,7,0.92827249778830123
MET009,1,1,9,8,1.2632340973740419
MET009,1,1,9,9,1.360946776789359
MET009,1,2,0,0,1.4984672633151066
MET009,1,2,0,1,1.2770204671225127
MET009,1,2,0,2,1.0721290980251093
MET009,1,2,0,3,0.98984396329800917
MET009,1,2,0,4,1.1660591761409669
MET009,1,2,0,5,0.87993513907302323
MET009,1,2,0,6,1.0681913228941442
MET009,1,2,0,7,0.79261469776596172
MET009,1,2,0,8,0.86496777515858247
MET009,1,2,0,9,1.1906664675549967
MET009,1,2,1,0,1.0812802266771251
MET009,1,2,1,1,1.3902924835310004
MET009,1,2,1,2,1.1778277521094249
MET009,1,2,1,3,1.4511151752728295
MET009,1,2,1,4,1.0691927790559781
MET009,1,2,1,5,1.1499622553553359
MET009,1,2,1,6,0.83721626423574325
MET009,1,2,1,7,0.98281473376750239
MET009,1,2,1,8,0.93153321248309962
MET009,1,2,1,9,0.77483676386626432
MET009,1,2,2,0,0.84408297144543742
MET009,1,2,2,1,1.4148499632484346
MET009,1,2,2,2,1.2519347834001675
MET009,1,2,2,3,1.254563756506855
MET009,1,2,2,4,1.1737877829285757
MET009,1,2,2,5,0.94267228958451477
MET009,1,2,2,6,1.0143631138196301
MET009,1,2,2,7,0.89046242146662113
MET009,1,2,2,8,0.86418546996224288
MET009,1,2,2,9,0.94777117971193525
MET009,1,2,3,0,1.1004138854671324
MET009,1,2,3,1,1.4622392318699966
MET009,1,2,3,2,0.83683517614885317
MET009,1,2,3,3,1.0519511319781691
MET009,1,2,3,4,0.85582947516101426
MET009,1,2,3,5,0.84571285585256395
MET009,1,2,3,6,0.77126371831757679
MET009,1,2,3,7,0.9091315933304156
MET009,1,2,3,8,0.7900203079972431
MET009,1,2,3,9,0.92947091482839606
MET009,1,2,4,0,1.1488719666475748
MET009,1,2,4,1,1.1417520485934791
MET009,1,2,4,2,1.2624270568332234
MET009,1,2,4,3,1.106849423506574
MET009,1,2,4,4,0.95184894093343042
MET009,1,2,4,5,0.71996393080523313
MET009,1,2,4,6,0.88547716059915649
MET009,1,2,4,7,1.1253229645908116
MET009,1,2,4,8,1.0449166898051818
MET009,1,2,4,9,0.68364786565437696
MET009,1,2,5,0,1.0552473033324306
MET009,1,2,5,1,1.2299067300408548
MET009,1,2,5,2,1.0123912047621666
MET009,1,2,5,3,0.71425110509140444
MET009,1,2,5,4,1.1445995904130142
MET009,1,2,5,5,0.87470946228039792
MET009,1,2,5,6,0.68750169469779632
MET009,1,2,5,7,0.86485834718825438
MET009,1,2,5,8,0.70381801125027499
MET009,1,2,5,9,1.0722148858053682
MET009,1,2,6,0,1.0355938741541708
MET009,1,2,6,1,0.90970651397458202
MET009,1,2,6,2,0.86329148014665102
MET009,1,2,6,3,1.0340449148137505
MET009,1,2,6,4,1.0861529425336311
MET009,1,2,6,5,0.84173967589873044
MET009,1,2,6,6,0.86726704875736615
MET009,1,2,6,7,0.909818043168376
MET009,1,2,6,8,0.88418035604888412
MET009,1,2,6,9,0.85065300291918378
MET009,1,2,7,0,1.234335406150266
MET009,1,2,7,1,0.90487421522191003
MET009,1,2,7,2,1.0538777529554424
MET009,1,2,7,3,0.92148886601560598
MET009,1,2,7,4,0.78907243817291539
MET009,1,2,7,5,1.0635540079098889
MET009,1,2,7,6,1.3178848205981311
MET009,1,2,7,7,1.0282643935980744
MET009,1,2,7,8,0.75391775857935051
MET009,1,2,7,9,0.88347323945239908
MET009,1,2,8,0,1.1914125441967955
MET009,1,2,8,1,0.89525929231569978
MET009,1,2,8,2,0.98313717155826197
MET009,1,2,8,3,0.75155327325929788
MET009,1,2,8,4,0.85082066647681653
MET009,1,2,8,5,0.93971239167541221
MET009,1,2,8,6,1.0704819911707393
MET009,1,2,8,7,1.1072519899986724
MET009,1,2,8,8,0.88470366150332591
MET009,1,2,8,9,1.0624058543538009
MET009,1,2,9,0,1.0003395906559065
MET009,1,2,9,1,1.0406383421339549
MET009,1,2,9,2,0.92789153959576076
MET009,1,2,9,3,0.93150330945238224
MET009,1,2,9,4,0.89010715523494377
MET009,1,2,9,5,0.95510062499149717
MET009,1,2,9,6,0.80130982122049799
MET009,1,2,9,7,0.90246437730913398
MET009,1,2,9,8,1.1718396567606195
MET009,1,2,9,9,1.000117040464702
MET009,1,3,0,0,1.1805472713420926
MET009,1,3,0,1,0.74316715455159532
MET009,1,3,0,2,1.1185477883314137
MET009,1,3,0,3,0.96808779028044101
MET009,1,3,0,4,1.1957475248608229
MET009,1,3,0,5,1.0596790859964424
MET009,1,3,0,6,0.84272692083443268
MET009,1,3,0,7,1.1563583460128066
MET009,1,3,0,8,0.8616097229621511
MET009,1,3,0,9,0.79716952165084221
MET009,1,3,1,0,1.0650237028117686
MET009,1,3,1,1,1.2839864279857576
MET009,1,3,1,2,1.0674430584220389
MET009,1,3,1,3,1.132460045574343
MET009,1,3,1,4,1.036317332900712
MET009,1,3,1,5,1.1178681076753698
MET009,1,3,1,6,0.99828992417512763
MET009,1,3,1,7,0.78721392936853052
MET009,1,3,1,8,0.81800068080271293
MET009,1,3,1,9,0.99609700322144845
MET009,1,3,2,0,0.92840332481851195
MET009,1,3,2,1,1.09213051803446
MET009,1,3,2,2,1.1494273109906985
MET009,1,3,2,3,0.99881604857274642
MET009,1,3,2,4,0.93124076970206437
MET009,1,3,2,5,0.73995400135462142
MET009,1,3,2,6,1.0296190598436976
MET009,1,3,2,7,1.1823283861170002
MET009,1,3,2,8,0.9677589970087348
MET009,1,3,2,9,0.97575547818709363
MET009,1,3,3,0,1.1525058083009077
MET009,1,3,3,1,0.84976855415850761
MET009,1,3,3,2,1.0654033023844529
MET009,1,3,3,3,1.1903193315661491
MET009,1,3,3,4,0.78355227309307685
MET009,1,3,3,5,0.7723077645867199
MET009,1,3,3,6,0.77091803670652592
MET009,1,3,3,7,0.69604615317974716
MET009,1,3,3,8,0.96687482817002879
MET009,1,3,3,9,1.1608475435744356
MET009,1,3,4,0,0.93713576443013125
MET009,1,3,4,1,1.1842662322322108
MET009,1,3,4,2,0.88377535601798984
MET009,1,3,4,3,0.81758375501892033
MET009,1,3,4,4,1.0044734880968951
MET009,1,3,4,5,0.7452197884275551
MET009,1,3,4,6,0.67799059937682504
MET009,1,3,4,7,0.93648490462659517
MET009,1,3,4,8,1.1177792010229186
MET009,1,3,4,9,1.1053590766335504
MET009,1,3,5,0,1.0075834830571031
MET009,1,3,5,1,0.85713179972984632
MET009,1,3,5,2,1.1761499320748312
MET009,1,3,5,3,0.78534772475370784
MET009,1,3,5,4,1.0784368984020869
MET009,1,3,5,5,0.8177804945542414
MET009,1,3,5,6,0.75016346359023833
MET009,1,3,5,7,0.7481609551463001
MET009,1,3,5,8,0.76358089892616909
MET009,1,3,5,9,1.0547574533114461
MET009,1,3,6,0,1.0260670923803692
MET009,1,3,6,1,0.81625942147682196
MET009,1,3,6,2,1.0957146096843695
MET009,1,3,6,3,0.97126430454604162
MET009,1,3,6,4,1.0880342804508394
MET009,1,3,6,5,1.2290716218898294
MET009,1,3,6,6,0.82016958438060172
MET009,1,3,6,7,0.95959076431811641
MET009,1,3,6,8,0.81419020054721936
MET009,1,3,6,9,0.89290609507713292
MET009,1,3,7,0,0.89017905913279782
MET009,1,3,7,1,0.82070695514644565
MET009,1,3,7,2,0.94032894823124358
MET009,1,3,7,3,0.85416402296927196
MET009,1,3,7,4,0.91972760548976118
MET009,1,3,7,5,1.2758880797759418
MET009,1,3,7,6,0.94479258738391725
MET009,1,3,7,7,0.88881531704381722
MET009,1,3,7,8,0.98533059567239878
MET009,1,3,7,9,0.91575674195270118
MET009,1,3,8,0,0.99243095267308123
MET009,1,3,8,1,0.86390421799739892
MET009,1,3,8,2,0.84039973384983579
MET009,1,3,8,3,1.0305940065039934
MET009,1,3,8,4,0.90940388596791977
MET009,1,3,8,5,1.1255415813148797
MET009,1,3,8,6,1.1201275170026013
MET009,1,3,8,7,1.0790070611515878
MET009,1,3,8,8,1.007329985506253
MET009,1,3,8,9,1.3568547643467432
MET009,1,3,9,0,0.82847984194309288
MET009,1,3,9,1,0.68753397282025142
MET009,1,3,9,2,0.78115189358255044
MET009,1,3,9,3,0.82607479665844941
MET009,1,3,9,4,0.81850532767464179
MET009,1,3,9,5,0.67046548444569953
MET009,1,3,9,6,0.87546922895964563
MET009,1,3,9,7,0.9047952581081552
MET009,1,3,9,8,1.0548376200895531
MET009,1,3,9,9,1.0005780260695551
MET009,1,4,0,0,0.89644805803204874
MET009,1,4,0,1,0.97164342382187685
MET009,1,4,0,2,0.97439971590310359
MET009,1,4,0,3,0.9219114621012412
MET009,1,4,0,4,0.8602774827644758
MET009,1,4,0,5,0.88854064657692844
MET009,1,4,0,6,0.97061367347611116
MET009,1,4,0,7,1.0344231955940779
MET009,1,4,0,8,1.1199581415505535
MET009,1,4,0,9,0.841073710475568
MET009,1,4,1,0,1.136470340989076
MET009,1,4,1,1,0.94951674097670802
MET009,1,4,1,2,0.76928333301740737
MET009,1,4,1,3,1.0146503060989147
MET009,1,4,1,4,0.91898308579023236
MET009,1,4,1,5,0.94247601406122883
MET009,1,4,1,6,0.87853706173614265
MET009,1,4,1,7,0.91121738945052622
MET009,1,4,1,8,0.97441823297583519
MET009,1,4,1,9,1.0214729512828546
MET009,1,4,2,0,0.74910681626298881
MET009,1,4,2,1,0.89653877817203675
MET009,1,4,2,2,1.1026728789187537
MET009,1,4,2,3,1.0713300960778462
MET009,1,4,2,4,0.97531974761064943
MET009,1,4,2,5,0.93578113875508118
MET009,1,4,2,6,1.235925576288752
MET009,1,4,2,7,0.93033443731353516
MET009,1,4,2,8,0.90516541565016639
MET009,1,4,2,9,0.94530017164579039
MET009,1,4,3,0,0.99955863741032358
MET009,1,4,3,1,1.0731699193929058
MET009,1,4,3,2,0.99441083769844718
MET009,1,4,3,3,0.9672418899581684
MET009,1,4,3,4,0.94481126223006795
MET009,1,4,3,5,0.80476526393098824
MET009,1,4,3,6,0.84473076672553338
MET009,1,4,3,7,0.9387920167400412
MET009,1,4,3,8,0.84075167801150708
MET009,1,4,3,9,1.0619263209294969
MET009,1,4,4,0,0.93669364630473284
MET009,1,4,4,1,0.78223871968499448
MET009,1,4,4,2,1.3439547207178948
MET009,1,4,4,3,1.0553680319864012
MET009,1,4,4,4,0.77130841324456467
MET009,1,4,4,5,0.93509619506879704
MET009,1,4,4,6,0.81886365983244847
MET009,1,4,4,7,0.80630780436892213
MET009,1,4,4,8,1.1603252332315874
MET009,1,4,4,9,0.92868208510673655
MET009,1,4,5,0,1.1705119829955839
MET009,1,4,5,1,1.0450717344647149
MET009,1,4,5,2,0.80853156378139457
MET009,1,4,5,3,1.3231729258193727
MET009,1,4,5,4,0.83272450093024208
MET009,1,4,5,5,0.80540850690384713
MET009,1,4,5,6,0.80426081191863974
MET009,1,4,5,7,0.77669680397890839
MET009,1,4,5,8,0.87106062310530286
MET009,1,4,5,9,0.95990540106054778
MET009,1,4,6,0,0.98225400282066877
MET009,1,4,6,1,0.98293248773260322
MET009,1,4,6,2,0.83951721347760966
MET009,1,4,6,3,1.1357781352667982
MET009,1,4,6,4,1.2653955358552342
MET009,1,4,6,5,1.0648228866841509
MET009,1,4,6,6,0.95874321611594482
MET009,1,4,6,7,0.87113594663674809
MET009,1,4,6,8,0.69213809140367677
MET009,1,4,6,9,0.91104613866150796
MET009,1,4,7,0,0.92726901203869316
MET009,1,4,7,1,0.86507873799758539
MET009,1,4,7,2,0.96316226138951877
MET009,1,4,7,3,0.86583723468588369
MET009,1,4,7,4,1.1097582566993691
MET009,1,4,7,5,1.2346691083001831
MET009,1,4,7,6,1.089297098506004
MET009,1,4,7,7,0.97461391875279779
MET009,1,4,7,8,0.89581800203847739
MET009,1,4,7,9,1.0588132138319519
MET009,1,4,8,0,1.058193191904405
MET009,1,4,8,1,0.87858526867869535
MET009,1,4,8,2,0.91970078873912098
MET009,1,4,8,3,1.1189074735080009
MET009,1,4,8,4,0.79294750434560102
MET009,1,4,8,5,1.057196002988924
MET009,1,4,8,6,1.0515955628389424
MET009,1,4,8,7,1.3171107052003446
MET009,1,4,8,8,1.1802997801133259
MET009,1,4,8,9,1.2139166138260853
MET009,1,4,9,0,0.85332732023957636
MET009,1,4,9,1,0.93230700611800155
MET009,1,4,9,2,0.82900364390164949
MET009,1,4,9,3,0.76931440399079931
MET009,1,4,9,4,0.8394126031851632
MET009,1,4,9,5,0.95253795023332477
MET009,1,4,9,6,1.1676317752963152
MET009,1,4,9,7,1.0431833322883222
MET009,1,4,9,8,0.89446337387964026
MET009,1,4,9,9,1.0653704422453214
MET009,2,1,0,0,1.5722867541776919
MET009,2,1,0,1,1.3815129105709707
MET009,2,1,0,2,1.5750422803520987
MET009,2,1,0,3,1.2019924584449837
MET009,2,1,0,4,1.1671066996886084
MET009,2,1,0,5,1.1848944193302262
MET009,2,1,0,6,1.4243898201459158
MET009,2,1,0,7,1.1819084195742884
MET009,2,1,0,8,1.2788145688966619
MET009,2,1,0,9,0.88722028994020019
MET009,2,1,1,0,1.5639421201045991
MET009,2,1,1,1,1.1709138507618413
MET009,2,1,1,2,1.5588609131421067
MET009,2,1,1,3,1.5477376145030923
MET009,2,1,1,4,1.2632001898729603
MET009,2,1,1,5,1.3467134864033798
MET009,2,1,1,6,1.2897217582856262
MET009,2,1,1,7,1.3815490642089634
MET009,2,1,1,8,1.0026400468496668
MET009,2,1,1,9,0.97832500754470464
MET009,2,1,2,0,1.4261229693315844
MET009,2,1,2,1,1.5135408556274901
MET009,2,1,2,2,1.513067180251698
MET009,2,1,2,3,1.1078110357083424
MET009,2,1,2,4,0.99094403108534079
MET009,2,1,2,5,0.9454643999764436
MET009,2,1,2,6,1.1374166361119895
MET009,2,1,2,7,0.98397609219863358
MET009,2,1,2,8,1.0469574034217211
MET009,2,1,2,9,0.84872327078911758
MET009,2,1,3,0,1.408231576603348
MET009,2,1,3,1,1.2348534714439414
MET009,2,1,3,2,1.1445383281350656
MET009,2,1,3,3,1.1288112781816542
MET009,2,1,3,4,0.94734170981160781
MET009,2,1,3,5,1.1471697713922588
MET009,2,1,3,6,1.1672670601496629
MET009,2,1,3,7,0.99903969658453684
MET009,2,1,3,8,0.86772812058828652
MET009,2,1,3,9,0.98531613991174516
MET009,2,1,4,0,1.2979435812372455
MET009,2,1,4,1,1.3223430648758592
MET009,2,1,4,2,1.2668332611082811
MET009,2,1,4,3,0.96392158048293675
MET009,2,1,4,4,1.002972800687367
MET009,2,1,4,5,0.6906793072058145
MET009,2,1,4,6,0.96926664198923884
MET009,2,1,4,7,1.2503932807393889
MET009,2,1,4,8,0.9017240170561116
MET009,2,1,4,9,1.0602344403337616
MET009,2,1,5,0,1.2512852820290761
MET009,2,1,5,1,1.3236909986377865
MET009,2,1,5,2,1.1443312784992243
MET009,2,1,5,3,1.0675521451802457
MET009,2,1,5,4,1.0907674160536358
MET009,2,1,5,5,0.97389295838357803
MET009,2,1,5,6,0.74766801571045582
MET009,2,1,5,7,0.764118923746265
MET009,2,1,5,8,0.98691907129038736
MET009,2,1,5,9,0.83321020523576572
MET009,2,1,6,0,1.2514961375355544
MET009,2,1,6,1,1.271742310218593
MET009,2,1,6,2,1.114177112396014
MET009,2,1,6,3,1.2541191139849643
MET009,2,1,6,4,0.90946810667210676
MET009,2,1,6,5,0.84667882725967003
MET009,2,1,6,6,0.88325724676604889
MET009,2,1,6,7,0.77571353222274486
MET009,2,1,6,8,0.80953038699299729
MET009,2,1,6,9,1.0712391118927342
MET009,2,1,7,0,1.1457622475334419
MET009,2,1,7,1,0.78413038868560603
MET009,2,1,7,2,0.98134944554485759
MET009,2,1,7,3,1.0117485802857609
MET009,2,1,7,4,1.075828995800467
MET009,2,1,7,5,0.8599390980345939
MET009,2,1,7,6,1.052728446529605
MET009,2,1,7,7,0.95817712513385278
MET009,2,1,7,8,0.98239217135211365
MET009,2,1,7,9,1.0553092650536913
MET009,2,1,8,0,0.89004069570312261
MET009,2,1,8,1,1.2307632872345591
MET009,2,1,8,2,0.89901432348772714
MET009,2,1,8,3,0.8911036589651864
MET009,2,1,8,4,0.81067674240079113
MET009,2,1,8,5,1.0934065805864686
MET009,2,1,8,6,0.90093458400394721
MET009,2,1,8,7,0.82943621151581781
MET009,2,1,8,8,0.98262262127105804
MET009,2,1,8,9,1.0617386849249222
MET009,2,1,9,0,1.1532297897619643
MET009,2,1,9,1,1.2755491529651215
MET009,2,1,9,2,0.97194555309695763
MET009,2,1,9,3,0.80081277091944758
MET009,2,1,9,4,1.020401899719025
MET009,2,1,9,5,0.86336483247560303
MET009,2,1,9,6,0.918038679673434
MET009,2,1,9,7,0.79987322309576225
MET009,2,1,9,8,0.84036002018969558
MET009,2,1,9,9,0.82124399481018051
MET009,2,2,0,0,1.3754115154880495
MET009,2,2,0,1,1.1264076919977892
MET009,2,2,0,2,1.1871246702835447
MET009,2,2,0,3,1.2899029303109322
MET009,2,2,0,4,1.2072051150657743
MET009,2,2,0,5,1.0040141390200044
MET009,2,2,0,6,1.0615633526670862
MET009,2,2,0,7,1.0425111286481992
MET009,2,2,0,8,1.0653472815391034
MET009,2,2,0,9,1.2192986296265815
MET009,2,2,1,0,0.92656055226921796
MET009,2,2,1,1,1.1608335244806858
MET009,2,2,1,2,1.2203213837433786
MET009,2,2,1,3,1.183131214073454
MET009,2,2,1,4,0.93575610069876225
MET009,2,2,1,5,1.0207422240929722
MET009,2,2,1,6,1.1281111207137311
MET009,2,2,1,7,1.0365914696253284
MET009,2,2,1,8,0.98985186913327439
MET009,2,2,1,9,0.89576075770801422
MET009,2,2,2,0,1.1241859183383665
MET009,2,2,2,1,1.0384348188448165
MET009,2,2,2,2,1.4442736697385397
MET009,2,2,2,3,1.181357058428105
MET009,2,2,2,4,0.87300093153466063
MET009,2,2,2,5,1.2513430124027154
MET009,2,2,2,6,0.91137851359379085
MET009,2,2,2,7,0.79224174602861797
MET009,2,2,2,8,0.89075248412348884
MET009,2,2,2,9,0.92998726852234459
MET009,2,2,3,0,0.91757059147396902
MET009,2,2,3,1,0.89363938079787852
MET009,2,2,3,2,1.053987685420519
MET009,2,2,3,3,1.0887573896278635
MET009,2,2,3,4,0.96430333896423404
MET009,2,2,3,5,0.84701806055244599
MET009,2,2,3,6,1.0869246669634598
MET009,2,2,3,7,1.2701764888955831
MET009,2,2,3,8,0.65890311664777812
MET009,2,2,3,9,1.0782417468812246
MET009,2,2,4,0,1.1093598662332067
MET009,2,2,4,1,0.90598845110400561
MET009,2,2,4,2,1.0489316812761578
MET009,2,2,4,3,0.93213481843713519
MET009,2,2,4,4,0.8665324817484833
MET009,2,2,4,5,0.71065386560840171
MET009,2,2,4,6,0.75437356109751974
MET009,2,2,4,7,1.0126753071713557
MET009,2,2,4,8,1.0202922178630141
MET009,2,2,4,9,1.0767315442519665
MET009,2,2,5,0,0.93082333428076858
MET009,2,2,5,1,1.2282858151066385
MET009,2,2,5,2,1.1604393010415082
MET009,2,2,5,3,1.2027402711002857
MET009,2,2,5,4,0.98641655533622563
MET009,2,2,5,5,0.93581601081499322
MET009,2,2,5,6,0.72845301822413555
MET009,2,2,5,7,0.70650255506541049
MET009,2,2,5,8,0.98746003563426077
MET009,2,2,5,9,1.2208080527868332
MET009,2,2,6,0,1.0994563033057805
MET009,2,2,6,1,1.2245502183972183
MET009,2,2,6,2,0.93363563804344685
MET009,2,2,6,3,1.1311585015897307
MET009,2,2,6,4,0.79558554445932328
MET009,2,2,6,5,1.0717491997770543
MET009,2,2,6,6,0.60952360698240482
MET009,2,2,6,7,0.82431372870407094
MET009,2,2,6,8,1.0170575609010817
MET009,2,2,6,9,0.94229762549411078
MET009,2,2,7,0,1.2968137988423469
MET009,2,2,7,1,0.97020012313183845
MET009,2,2,7,2,1.1033705520440442
MET009,2,2,7,3,0.83843943579457614
MET009,2,2,7,4,0.8648270810354094
MET009,2,2,7,5,1.2770014160913066
MET009,2,2,7,6,0.94363405820474244
MET009,2,2,7,7,1.173527979804422
MET009,2,2,7,8,0.96663899613696058
MET009,2,2,7,9,0.84491623417926409
MET009,2,2,8,0,0.9470840160250118
MET009,2,2,8,1,1.1358202241145594
MET009,2,2,8,2,0.88577547229964138
MET009,2,2,8,3,0.75028480221207028
MET009,2,2,8,4,0.77608809520963207
MET009,2,2,8,5,0.87871103595070643
MET009,2,2,8,6,0.66793483068026049
MET009,2,2,8,7,0.98189757254753685
MET009,2,2,8,8,0.95848238541663078
MET009,2,2,8,9,1.1479968880627849
MET009,2,2,9,0,0.87884971743170881
MET009,2,2,9,1,0.80686792313531008
MET009,2,2,9,2,0.85571511086622187
MET009,2,2,9,3,0.9142804095699586
MET009,2,2,9,4,0.90858629215674658
MET009,2,2,9,5,0.74140685067982137
MET009,2,2,9,6,0.90822154383078124
MET009,2,2,9,7,1.2505678856000193
MET009,2,2,9,8,1.2420765344422739
MET009,2,2,9,9,1.3141168923419695
MET009,2,3,0,0,1.2501403775741473
MET009,2,3,0,1,1.1867497245819223
MET009,2,3,0,2,1.2034512871411127
MET009,2,3,0,3,1.3673529172190444
MET009,2,3,0,4,1.1137147547017086
MET009,2,3,0,5,1.1674907323011128
MET009,2,3,0,6,1.0567368328101767
MET009,2,3,0,7,1.0397605686388156
MET009,2,3,0,8,1.1026427801656458
MET009,2,3,0,9,0.97286366548205605
MET009,2,3,1,0,1.0870871817949042
MET009,2,3,1,1,1.1786555377786976
MET009,2,3,1,2,1.1549719845286026
MET009,2,3,1,3,1.0175578681024005
MET009,2,3,1,4,1.1141777818355809
MET009,2,3,1,5,1.1541565828500779
MET009,2,3,1,6,0.93439757418326275
MET009,2,3,1,7,0.98482733222246155
MET009,2,3,1,8,0.85285778873208906
MET009,2,3,1,9,0.88901082599475789
MET009,2,3,2,0,0.91842128083879004
MET009,2,3,2,1,1.1426558325302996
MET009,2,3,2,2,1.409896816709705
MET009,2,3,2,3,0.93455514735710321
MET009,2,3,2,4,0.76749976594134128
MET009,2,3,2,5,1.3875647035446661
MET009,2,3,2,6,0.9421243691021306
MET009,2,3,2,7,0.86507204254088998
MET009,2,3,2,8,1.1633531739200509
MET009,2,3,2,9,1.0430908782284041
MET009,2,3,3,0,1.045206192478112
MET009,2,3,3,1,0.93387432843478957
MET009,2,3,3,2,1.043014402468468
MET009,2,3,3,3,1.0234635787886843
MET009,2,3,3,4,0.93135951716372678
MET009,2,3,3,5,0.75918918584667394
MET009,2,3,3,6,0.90635582144394178
MET009,2,3,3,7,0.97842402956772201
MET009,2,3,3,8,0.94550543107490603
MET009,2,3,3,9,1.1601743362345109
MET009,2,3,4,0,1.1115609692570705
MET009,2,3,4,1,1.1260317535309652
MET009,2,3,4,2,1.3597025154745352
MET009,2,3,4,3,1.2204575387337884
MET009,2,3,4,4,0.78881230663352386
MET009,2,3,4,5,0.68576008158026602
MET009,2,3,4,6,0.84712763891290854
MET009,2,3,4,7,0.88504312742600832
MET009,2,3,4,8,1.1722178809043415
MET009,2,3,4,9,1.0888591016697029
MET009,2,3,5,0,1.6162414435976384
MET009,2,3,5,1,0.95065746181539523
MET009,2,3,5,2,1.0545325463928676
MET009,2,3,5,3,1.2924950769137591
MET009,2,3,5,4,0.9565933018680508
MET009,2,3,5,5,0.76905910234053809
MET009,2,3,5,6,0.72470538996279144
MET009,2,3,5,7,0.85732758123067898
MET009,2,3,5,8,0.89357660499351355
MET009,2,3,5,9,1.0629252504958402
MET009,2,3,6,0,1.1933741042120729
MET009,2,3,6,1,1.1357732055155521
MET009,2,3,6,2,0.83639412173868821
MET009,2,3,6,3,0.9142493747515108
MET009,2,3,6,4,0.90876318446813098
MET009,2,3,6,5,0.95111934562128664
MET009,2,3,6,6,0.88690736037302675
MET009,2,3,6,7,0.80142837288481006
MET009,2,3,6,8,0.90226429293722199
MET009,2,3,6,9,0.90953276321976118
MET009,2,3,7,0,1.0027113900975957
MET009,2,3,7,1,0.91685826373874124
MET009,2,3,7,2,0.93619509827479042
MET009,2,3,7,3,0.88684949277782299
MET009,2,3,7,4,0.85087340795119359
MET009,2,3,7,5,1.0633237507860538
MET009,2,3,7,6,1.1901399308285283
MET009,2,3,7,7,0.92836966284031963
MET009,2,3,7,8,1.054830841427753
MET009,2,3,7,9,1.1303466267094964
MET009,2,3,8,0,1.023135039627918
MET009,2,3,8,1,0.85688967115168013
MET009,2,3,8,2,0.8569363819754845
MET009,2,3,8,3,0.87428385269880526
MET009,2,3,8,4,0.88342233980020057
MET009,2,3,8,5,1.0196994921532301
MET009,2,3,8,6,1.072100696822738
MET009,2,3,8,7,1.2558257917208371
MET009,2,3,8,8,1.1591775324619149
MET009,2,3,8,9,1.2738680389940666
MET009,2,3,9,0,0.7142008023998111
MET009,2,3,9,1,0.88111367849614497
MET009,2,3,9,2,0.98671103206300959
MET009,2,3,9,3,0.8206060972148711
MET009,2,3,9,4,0.89741074924971009
MET009,2,3,9,5,0.88742657942683689
MET009,2,3,9,6,0.93174034218204438
MET009,2,3,9,7,0.91108068195137859
MET009,2,3,9,8,0.93561627004864756
MET009,2,3,9,9,0.87401666125967004
MET009,2,4,0,0,1.4242613388867664
MET009,2,4,0,1,1.0827096491097066
MET009,2,4,0,2,1.3357970643747372
MET009,2,4,0,3,0.94311964251404878
MET009,2,4,0,4,1.238084487485448
MET009,2,4,0,5,0.99719475417181558
MET009,2,4,0,6,0.89929856255005391
MET009,2,4,0,7,0.85188238068588396
MET009,2,4,0,8,1.0621009642356549
MET009,2,4,0,9,0.99430552325615318
MET009,2,4,1,0,1.2057952891607944
MET009,2,4,1,1,1.1562117075173124
MET009,2,4,1,2,1.1100816930403876
MET009,2,4,1,3,1.1740188000201623
MET009,2,4,1,4,0.82112078736638938
MET009,2,4,1,5,1.162670782872528
MET009,2,4,1,6,0.83043709304716229
MET009,2,4,1,7,0.8683310487878575
MET009,2,4,1,8,1.1058614829684339
MET009,2,4,1,9,0.90137888755187701
MET009,2,4,2,0,0.99857700661330562
MET009,2,4,2,1,1.0318768308611199
MET009,2,4,2,2,1.0930223199132263
MET009,2,4,2,3,0.92653682261823156
MET009,2,4,2,4,1.0667660154698331
MET009,2,4,2,5,1.1260625953097092
MET009,2,4,2,6,1.1799148844903029
MET009,2,4,2,7,1.0046769859905378
MET009,2,4,2,8,0.82983088758434176
MET009,2,4,2,9,0.86206040198825773
MET009,2,4,3,0,1.0206698665932024
MET009,2,4,3,1,0.99130274795754081
MET009,2,4,3,2,0.93481407368610725
MET009,2,4,3,3,1.0690503207675677
MET009,2,4,3,4,1.042193622509991
MET009,2,4,3,5,0.79115154755610972
MET009,2,4,3,6,0.92193293028883816
MET009,2,4,3,7,0.82493343515997752
MET009,2,4,3,8,0.80525671077618988
MET009,2,4,3,9,0.96282471078097198
MET009,2,4,4,0,1.0100262987703637
MET009,2,4,4,1,0.74840425610865735
MET009,2,4,4,2,1.3617567728123099
MET009,2,4,4,3,1.0114176394885075
MET009,2,4,4,4,0.87847597480041828
MET009,2,4,4,5,0.78690969606407279
MET009,2,4,4,6,0.85917006527893747
MET009,2,4,4,7,0.96590533401356282
MET009,2,4,4,8,1.0874337691610845
MET009,2,4,4,9,0.78185074723912273
MET009,2,4,5,0,1.0647128018369201
MET009,2,4,5,1,0.90085416473007496
MET009,2,4,5,2,1.1681469617558098
MET009,2,4,5,3,0.88994292896328531
MET009,2,4,5,4,1.1424895893881697
MET009,2,4,5,5,0.7584457911686171
MET009,2,4,5,6,0.95059710842489564
MET009,2,4,5,7,0.72129752575488437
MET009,2,4,5,8,0.90930414167266704
MET009,2,4,5,9,1.2038570010230127
MET009,2,4,6,0,1.0527983956986366
MET009,2,4,6,1,1.0495501807718626
MET009,2,4,6,2,0.98961960273057459
MET009,2,4,6,3,0.9996652059229606
MET009,2,4,6,4,0.93490787053289082
MET009,2,4,6,5,1.1168057692675788
MET009,2,4,6,6,0.88532435231998208
MET009,2,4,6,7,0.95558180692905437
MET009,2,4,6,8,0.78190139611278497
MET009,2,4,6,9,1.0378504092786294
MET009,2,4,7,0,1.1267064834376943
MET009,2,4,7,1,0.84464713697724658
MET009,2,4,7,2,0.8691791479804718
MET009,2,4,7,3,0.86345673838672787
MET009,2,4,7,4,1.0781528019986311
MET009,2,4,7,5,1.0772980489552384
MET009,2,4,7,6,0.91236092579926475
MET009,2,4,7,7,0.90054437564781198
MET009,2,4,7,8,0.99661725070243901
MET009,2,4,7,9,0.92599593170019479
MET009,2,4,8,0,1.2174536251559327
MET009,2,4,8,1,1.0822089160223869
MET009,2,4,8,2,0.60921804038425043
MET009,2,4,8,3,0.74963953109923431
MET009,2,4,8,4,0.78111554413330198
MET009,2,4,8,5,0.82536393279777465
MET009,2,4,8,6,0.90613758412687317
MET009,2,4,8,7,1.1862464388833565
MET009,2,4,8,8,0.97169014623080918
MET009,2,4,8,9,1.0945734644992939
MET009,2,4,9,0,1.0528932757795186
MET009,2,4,9,1,0.88757376803029997
MET009,2,4,9,2,0.88473317763139248
MET009,2,4,9,3,0.8677091830618644
MET009,2,4,9,4,0.90853230446567601
MET009,2,4,9,5,0.80154147081782523
MET009,2,4,9,6,0.9256108426309404
MET009,2,4,9,7,0.93698648437373921
MET009,2,4,9,8,1.0611402785847333
MET009,2,4,9,9,0.8880075389299581
MET010,1,1,0,0,1.1688564059294742
MET010,1,1,0,1,1.1343909753696737
MET010,1,1,0,2,1.0189794908218406
MET010,1,1,0,3,1.2714798403653047
MET010,1,1,0,4,1.1456020040919903
MET010,1,1,0,5,1.3783858024456392
MET010,1,1,0,6,1.1514660008227593
MET010,1,1,0,7,1.0294207480314324
MET010,1,1,0,8,0.9961029477377662
MET010,1,1,0,9,1.0670040253332216
MET010,1,1,1,0,1.2145570742704277
MET010,1,1,1,1,1.2181059969376251
MET010,1,1,1,2,0.8763752025395557
MET010,1,1,1,3,1.1980595891127159
MET010,1,1,1,4,1.2642036504832812
MET010,1,1,1,5,0.9047379245634668
MET010,1,1,1,6,1.2108336542363409
MET010,1,1,1,7,1.2019280833224435
MET010,1,1,1,8,1.1678542911007734
MET010,1,1,1,9,1.2463823620246881
MET010,1,1,2,0,1.39033834691073
MET010,1,1,2,1,1.3035731211213188
MET010,1,1,2,2,1.0857956366440391
MET010,1,1,2,3,1.0630306888808221
MET010,1,1,2,4,1.0332176728674236
MET010,1,1,2,5,1.1271728659681302
MET010,1,1,2,6,0.90292873525181805
MET010,1,1,2,7,1.0736100866181009
MET010,1,1,2,8,1.078483108397293
MET010,1,1,2,9,1.2163907233995186
MET010,1,1,3,0,1.3599839709877035
MET010,1,1,3,1,1.5433843287360396
MET010,1,1,3,2,1.4346431383254916
MET010,1,1,3,3,1.1237458513066032
MET010,1,1,3,4,1.1941851866617554
MET010,1,1,3,5,0.91450150066500524
MET010,1,1,3,6,0.77417262362414507
MET010,1,1,3,7,1.0383083101263066
MET010,1,1,3,8,1.4689526636657402
MET010,1,1,3,9,1.3576840878287029
MET010,1,1,4,0,1.495466692645252
MET010,1,1,4,1,1.5769632682912442
MET010,1,1,4,2,1.3687391487368521
MET010,1,1,4,3,1.5194385236380821
MET010,1,1,4,4,0.95292361113309565
MET010,1,1,4,5,1.0128109972244124
MET010,1,1,4,6,0.94543695789008275
MET010,1,1,4,7,1.0087229839629452
MET010,1,1,4,8,1.1567098400457625
MET010,1,1,4,9,0.96716172101558695
MET010,1,1,5,0,1.3748975265425265
MET010,1,1,5,1,1.3840904942536123
MET010,1,1,5,2,1.1777594053971454
MET010,1,1,5,3,1.1181122293492154
MET010,1,1,5,4,1.2028305833401347
MET010,1,1,5,5,1.2159526292175675
MET010,1,1,5,6,0.99515654782712037
MET010,1,1,5,7,1.0587566758908629
MET010,1,1,5,8,0.8619447289172375
MET010,1,1,5,9,1.0798624654532494
MET010,1,1,6,0,1.4363836643557371
MET010,1,1,6,1,1.2669992881910417
MET010,1,1,6,2,1.2842522143423789
MET010,1,1,6,3,1.2415128387984815
MET010,1,1,6,4,0.97022373137669238
MET010,1,1,6,5,0.98171753242386794
MET010,1,1,6,6,1.0647841312940658
MET010,1,1,6,7,0.93828702668062758
MET010,1,1,6,8,1.1279757551284419
MET010,1,1,6,9,0.94642940490922445
MET010,1,1,7,0,1.2699603139719904
MET010,1,1,7,1,1.2659924319153466
MET010,1,1,7,2,1.3060330020537274
MET010,1,1,7,3,1.1040830164299382
MET010,1,1,7,4,0.8429192071456536
MET010,1,1,7,5,1.1543407865627038
MET010,1,1,7,6,1.178201673271521
MET010,1,1,7,7,1.2118932833491831
MET010,1,1,7,8,1.2006880294783329
MET010,1,1,7,9,1.2425255330405975
MET010,1,1,8,0,1.2960629602984732
MET010,1,1,8,1,1.3249527647571719
MET010,1,1,8,2,1.258081494276023
MET010,1,1,8,3,1.0215207252152221
MET010,1,1,8,4,1.0538680779191669
MET010,1,1,8,5,1.1614135618489914
MET010,1,1,8,6,1.1838307049808423
MET010,1,1,8,7,1.2503940613996576
MET010,1,1,8,8,1.3260614225258276
MET010,1,1,8,9,1.020151942397443
MET010,1,1,9,0,1.2623534437407156
MET010,1,1,9,1,1.2473043415073384
MET010,1,1,9,2,1.3074686757512637
MET010,1,1,9,3,1.1236463869011744
MET010,1,1,9,4,0.97739790830922724
MET010,1,1,9,5,0.96555239958607275
MET010,1,1,9,6,0.94414474215522481
MET010,1,1,9,7,0.94330084016109916
MET010,1,1,9,8,0.99790511051670816
MET010,1,1,9,9,1.1769625932059049
MET010,1,2,0,0,1.2322607142911026
MET010,1,2,0,1,1.3686017108621047
MET010,1,2,0,2,1.0445871545342351
MET010,1,2,0,3,1.138970050520137
MET010,1,2,0,4,1.4764189371279894
MET010,1,2,0,5,1.000598806432484
MET010,1,2,0,6,1.0445415139446206
MET010,1,2,0,7,1.1009129620046307
MET010,1,2,0,8,1.0878280457217109
MET010,1,2,0,9,0.7556840190578058
MET010,1,2,1,0,1.3065369648362952
MET010,1,2,1,1,1.3937941252745221
MET010,1,2,1,2,1.1078734739016001
MET010,1,2,1,3,1.3217712494726035
MET010,1,2,1,4,0.9977846242975944
MET010,1,2,1,5,1.2417802401825198
MET010,1,2,1,6,0.98853286286801323
MET010,1,2,1,7,1.1794343466708059
MET010,1,2,1,8,0.99251287455381898
MET010,1,2,1,9,1.1689993259380294
MET010,1,2,2,0,1.454843003419428
MET010,1,2,2,1,1.2707420621003442
MET010,1,2,2,2,1.2987387534918189
MET010,1,2,2,3,0.99738617467849844
MET010,1,2,2,4,1.131827120852658
MET010,1,2,2,5,0.95715767639840998
MET010,1,2,2,6,1.2970753970993774
MET010,1,2,2,7,1.050339481428773
MET010,1,2,2,8,0.9494294392623206
MET010,1,2,2,9,0.85958314825924642
MET010,1,2,3,0,1.4640191550963708
MET010,1,2,3,1,1.4102726578946154
MET010,1,2,3,2,0.97858197638227962
MET010,1,2,3,3,0.70518260460370841
MET010,1,2,3,4,0.86144565061329847
MET010,1,2,3,5,1.0512249946677112
MET010,1,2,3,6,0.97875011637963238
MET010,1,2,3,7,1.0406650407919065
MET010,1,2,3,8,0.9176281634233916
MET010,1,2,3,9,1.1468478911275359
MET010,1,2,4,0,1.570679497902792
MET010,1,2,4,1,1.3684207603802441
MET010,1,2,4,2,0.97620914542912363
MET010,1,2,4,3,1.2099088820350536
MET010,1,2,4,4,1.0973613122156958
MET010,1,2,4,5,1.2087676007531221
MET010,1,2,4,6,0.96750225425887881
MET010,1,2,4,7,0.78088020016474824
MET010,1,2,4,8,0.86295896185766807
MET010,1,2,4,9,1.0578013832107638
MET010,1,2,5,0,1.1071924251524237
MET010,1,2,5,1,1.3146125359595835
MET010,1,2,5,2,1.2814034607876392
MET010,1,2,5,3,0.89257132462332034
MET010,1,2,5,4,1.2605876196885033
MET010,1,2,5,5,0.92570207989359155
MET010,1,2,5,6,0.73088610625100148
MET010,1,2,5,7,0.87024051640566369
MET010,1,2,5,8,0.7424376314472535
MET010,1,2,5,9,0.85127202207853092
MET010,1,2,6,0,1.263909899924478
MET010,1,2,6,1,1.1310117274411879
MET010,1,2,6,2,1.2444866239164258
MET010,1,2,6,3,0.70142535922917404
MET010,1,2,6,4,0.86382617591967015
MET010,1,2,6,5,0.94955603965131896
MET010,1,2,6,6,0.93836766770362001
MET010,1,2,6,7,0.97036704117655204
MET010,1,2,6,8,0.91182221022712961
MET010,1,2,6,9,0.77220744169769417
MET010,1,2,7,0,1.4122174005457095
MET010,1,2,7,1,1.180706114832367
MET010,1,2,7,2,1.1654326435814819
MET010,1,2,7,3,1.1795419147778776
MET010,1,2,7,4,1.0745996968623035
MET010,1,2,7,5,1.0482386325366559
MET010,1,2,7,6,1.0236985568918997
MET010,1,2,7,7,1.0224087426341868
MET010,1,2,7,8,1.1191007001194913
MET010,1,2,7,9,0.89434205766056929
MET010,1,2,8,0,1.1816033466890279
MET010,1,2,8,1,1.226958246318784
MET010,1,2,8,2,1.014948314417877
MET010,1,2,8,3,1.1390774210580716
MET010,1,2,8,4,1.0090146376956437
MET010,1,2,8,5,0.81253439239846603
MET010,1,2,8,6,1.3101514981442977
MET010,1,2,8,7,0.92420350027007836
MET010,1,2,8,8,0.99088504858586524
MET010,1,2,8,9,1.2402231631241476
MET010,1,2,9,0,1.0528704835278333
MET010,1,2,9,1,1.0922569274367238
MET010,1,2,9,2,1.0049107261085803
MET010,1,2,9,3,1.1492972727863489
MET010,1,2,9,4,0.69042032426144773
MET010,1,2,9,5,0.78942151701591945
MET010,1,2,9,6,1.0117993907691769
MET010,1,2,9,7,1.017299197368952
MET010,1,2,9,8,1.2103959043291304
MET010,1,2,9,9,1.2868554974713626
MET010,1,3,0,0,1.1791070545865685
MET010,1,3,0,1,1.0080771290969353
MET010,1,3,0,2,1.0310178216579782
MET010,1,3,0,3,1.4287538397386172
MET010,1,3,0,4,1.1999754732237431
MET010,1,3,0,5,1.335448299183152
MET010,1,3,0,6,1.3404035678317716
MET010,1,3,0,7,0.94312173451041958
MET010,1,3,0,8,1.0166220638545329
MET010,1,3,0,9,1.1003812437473135
MET010,1,3,1,0,0.8444794585528449
MET010,1,3,1,1,1.1865298096181838
MET010,1,3,1,2,1.1271358847309882
MET010,1,3,1,3,1.2613423333519538
MET010,1,3,1,4,1.3785853403448425
MET010,1,3,1,5,1.4013738067794694
MET010,1,3,1,6,1.2925298451768537
MET010,1,3,1,7,1.1321436944862673
MET010,1,3,1,8,1.174890512623552
MET010,1,3,1,9,0.98601882647919936
MET010,1,3,2,0,1.3053625506575932
MET010,1,3,2,1,1.1939380780849329
MET010,1,3,2,2,0.86163497638273712
MET010,1,3,2,3,1.3877647040260299
MET010,1,3,2,4,1.176881551691233
MET010,1,3,2,5,1.2531325274049665
MET010,1,3,2,6,1.1556582490404821
MET010,1,3,2,7,0.9673242755480328
MET010,1,3,2,8,1.0677589877322395
MET010,1,3,2,9,1.1757790070751424
MET010,1,3,3,0,1.5133677058085309
MET010,1,3,3,1,1.3040085901583132
MET010,1,3,3,2,1.3295880070491144
MET010,1,3,3,3,1.4010493494908005
MET010,1,3,3,4,1.2574302749104762
MET010,1,3,3,5,1.0986567073248319
MET010,1,3,3,6,1.0228875998518463
MET010,1,3,3,7,1.1202802900567397
MET010,1,3,3,8,1.1920172367003683
MET010,1,3,3,9,1.1277000139093163
MET010,1,3,4,0,1.5014858381015577
MET010,1,3,4,1,1.4399573382627489
MET010,1,3,4,2,1.3981559866687747
MET010,1,3,4,3,1.5094754100595158
MET010,1,3,4,4,1.1159204392334925
MET010,1,3,4,5,1.1448182739022033
MET010,1,3,4,6,0.78021671695641992
MET010,1,3,4,7,1.0220886595731451
MET010,1,3,4,8,1.0689585943284583
MET010,1,3,4,9,1.3688698690705805
MET010,1,3,5,0,1.5036176861893269
MET010,1,3,5,1,1.5738635632364131
MET010,1,3,5,2,1.4210048240096949
MET010,1,3,5,3,1.0897054487205384
MET010,1,3,5,4,1.1879417826595289
MET010,1,3,5,5,1.0598678393428804
MET010,1,3,5,6,1.1817085362906532
MET010,1,3,5,7,0.85294863452169867
MET010,1,3,5,8,0.9524595001678372
MET010,1,3,5,9,1.1553489067195837
MET010,1,3,6,0,1.6316083761354974
MET010,1,3,6,1,1.4287224277826525
MET010,1,3,6,2,1.3995683022628924
MET010,1,3,6,3,1.0607904094658105
MET010,1,3,6,4,1.0074242871524748
MET010,1,3,6,5,0.97095274539811982
MET010,1,3,6,6,1.1359160002224078
MET010,1,3,6,7,1.2380939291106865
MET010,1,3,6,8,1.1052936979279648
MET010,1,3,6,9,0.92035108473327176
MET010,1,3,7,0,1.4401527795791995
MET010,1,3,7,1,1.3954988905254269
MET010,1,3,7,2,1.0659669748510081
MET010,1,3,7,3,0.96692977675118363
MET010,1,3,7,4,0.94624490422283458
MET010,1,3,7,5,1.2105267940510629
MET010,1,3,7,6,1.1160134671075197
MET010,1,3,7,7,1.0889167832785811
MET010,1,3,7,8,1.0138476064613184
MET010,1,3,7,9,1.159420016248476
MET010,1,3,8,0,1.140625874103621
MET010,1,3,8,1,1.2499873681592433
MET010,1,3,8,2,1.1198313565001985
MET010,1,3,8,3,0.93685392298494796
MET010,1,3,8,4,1.1812228555680704
MET010,1,3,8,5,1.0909902641125495
MET010,1,3,8,6,0.85967579762766877
MET010,1,3,8,7,1.1352995450761181
MET010,1,3,8,8,1.2346494647142354
MET010,1,3,8,9,1.0269342220317794
MET010,1,3,9,0,1.2905083669741848
MET010,1,3,9,1,1.091094942410163
MET010,1,3,9,2,1.2761182211286777
MET010,1,3,9,3,1.2869388897371572
MET010,1,3,9,4,1.1422309100819352
MET010,1,3,9,5,1.132468129105761
MET010,1,3,9,6,1.0578554323982376
MET010,1,3,9,7,1.1178057417858964
MET010,1,3,9,8,1.1862487400383512
MET010,1,3,9,9,1.243588539509566
MET010,1,4,0,0,1.1288727869050017
MET010,1,4,0,1,1.1862142952340733
MET010,1,4,0,2,1.233914862216658
MET010,1,4,0,3,1.1866757135457664
MET010,1,4,0,4,1.3058835514554346
MET010,1,4,0,5,1.4600796458789509
MET010,1,4,0,6,1.4897547272851257
MET010,1,4,0,7,1.5136683839469431
MET010,1,4,0,8,1.1692854667468471
MET010,1,4,0,9,1.3055873911843094
MET010,1,4,1,0,1.2205241642889864
MET010,1,4,1,1,1.3503388805873515
MET010,1,4,1,2,1.2684346636511354
MET010,1,4,1,3,1.3505040639452657
MET010,1,4,1,4,1.4133561257623195
MET010,1,4,1,5,1.4627479350939254
MET010,1,4,1,6,1.4020088156611663
MET010,1,4,1,7,1.2145337523988149
MET010,1,4,1,8,1.1558752154457439
MET010,1,4,1,9,1.4575365296279903
MET010,1,4,2,0,1.4161754678017411
MET010,1,4,2,1,1.340626645392256
MET010,1,4,2,2,1.130845857616398
MET010,1,4,2,3,1.0137054587755636
MET010,1,4,2,4,1.3237806769534981
MET010,1,4,2,5,1.1827541694127319
MET010,1,4,2,6,1.1977433498735175
MET010,1,4,2,7,0.92825453287842896
MET010,1,4,2,8,1.340804025898233
MET010,1,4,2,9,1.2882514834224004
MET010,1,4,3,0,1.5901558444664534
MET010,1,4,3,1,1.3678654154918692
MET010,1,4,3,2,1.3174708999326925
MET010,1,4,3,3,1.3896244640440252
MET010,1,4,3,4,1.4617670626316448
MET010,1,4,3,5,0.90532486956774039
MET010,1,4,3,6,1.0583579846876756
MET010,1,4,3,7,1.0473392968915365
MET010,1,4,3,8,1.423994164243201
MET010,1,4,3,9,1.4339691016878535
MET010,1,4,4,0,1.6596074938117271
MET010,1,4,4,1,1.4920830258497595
MET010,1,4,4,2,1.583952960728271
MET010,1,4,4,3,1.4485498100890848
MET010,1,4,4,4,1.1023253234300729
MET010,1,4,4,5,1.0481984340415618
MET010,1,4,4,6,1.0070300796676439
MET010,1,4,4,7,0.99562231208231478
MET010,1,4,4,8,1.3430879887429148
MET010,1,4,4,9,1.3998331543561973
MET010,1,4,5,0,1.6941826006783018
MET010,1,4,5,1,1.6714770250410325
MET010,1,4,5,2,1.294512733281701
MET010,1,4,5,3,1.1339007789007431
MET010,1,4,5,4,1.1527400732495583
MET010,1,4,5,5,1.247099996223848
MET010,1,4,5,6,1.2570817738617368
MET010,1,4,5,7,0.99688614531254416
MET010,1,4,5,8,0.72203676671886741
MET010,1,4,5,9,1.2717247542563606
MET010,1,4,6,0,1.540558375957146
MET010,1,4,6,1,1.4446156004722659
MET010,1,4,6,2,1.1196433314242435
MET010,1,4,6,3,1.0652690284730602
MET010,1,4,6,4,1.37093528550737
MET010,1,4,6,5,1.4000640735561729
MET010,1,4,6,6,1.1663693527722396
MET010,1,4,6,7,1.1912505618758698
MET010,1,4,6,8,1.0139890039430997
MET010,1,4,6,9,0.96054751290449703
MET010,1,4,7,0,1.579576866393394
MET010,1,4,7,1,1.4910023369937482
MET010,1,4,7,2,1.2528248673493489
MET010,1,4,7,3,1.2843988125910009
MET010,1,4,7,4,1.1038980797717282
MET010,1,4,7,5,1.080927671510336
MET010,1,4,7,6,1.269273393714921
MET010,1,4,7,7,1.1652024507783676
MET010,1,4,7,8,1.1858328294252862
MET010,1,4,7,9,1.2877495936157728
MET010,1,4,8,0,1.4065858134964326
MET010,1,4,8,1,1.2951624041255592
MET010,1,4,8,2,1.2472969628845298
MET010,1,4,8,3,1.321883095876879
MET010,1,4,8,4,0.99173178069777579
MET010,1,4,8,5,1.1188069096591431
MET010,1,4,8,6,1.1330878459531946
MET010,1,4,8,7,1.4272059471385059
MET010,1,4,8,8,1.3009388829893132
MET010,1,4,8,9,1.2773287428126321
MET010,1,4,9,0,1.390736136683782
MET010,1,4,9,1,1.1400199718416679
MET010,1,4,9,2,1.3141539592707026
MET010,1,4,9,3,1.3539992373650069
MET010,1,4,9,4,0.94968394546181945
MET010,1,4,9,5,1.0672750370516884
MET010,1,4,9,6,1.1718669455605084
MET010,1,4,9,7,1.3241056910821472
MET010,1,4,9,8,1.0746564678906001
MET010,1,4,9,9,1.2352743356223814
MET011,1,1,0,0,2.0847826855128342
MET011,1,1,0,1,2.1234507695100051
MET011,1,1,0,2,2.0455461458287743
MET011,1,1,0,3,1.9667941499225945
MET011,1,1,0,4,2.0062143397365291
MET011,1,1,0,5,1.8918747076718072
MET011,1,1,0,6,1.8088188171117885
MET011,1,1,0,7,1.7733444444450761
MET011,1,1,0,8,1.6104032543731983
MET011,1,1,0,9,1.831626285573043
MET011,1,1,1,0,1.9093805333118521
MET011,1,1,1,1,1.9816221561848824
MET011,1,1,1,2,1.8639569492619008
MET011,1,1,1,3,1.8390945003596639
MET011,1,1,1,4,1.9007344356558025
MET011,1,1,1,5,1.5155512928562906
MET011,1,1,1,6,2.0411247510543729
MET011,1,1,1,7,1.7303882813683074
MET011,1,1,1,8,1.8832120232000169
MET011,1,1,1,9,1.7033661137399547
MET011,1,1,2,0,1.9614027755464729
MET011,1,1,2,1,2.0412092831337274
MET011,1,1,2,2,1.8494905704903943
MET011,1,1,2,3,1.854602677613272
MET011,1,1,2,4,1.62409389126843
MET011,1,1,2,5,1.665336124899472
MET011,1,1,2,6,1.5918480890680993
MET011,1,1,2,7,1.7091736005491391
MET011,1,1,2,8,1.9255693548373181
MET011,1,1,2,9,1.900165012871504
MET011,1,1,3,0,1.9985035773765103
MET011,1,1,3,1,1.9968082116503485
MET011,1,1,3,2,1.7022855479927956
MET011,1,1,3,3,1.7119747261253351
MET011,1,1,3,4,1.583226043116396
MET011,1,1,3,5,1.5359680941445522
MET011,1,1,3,6,1.4466859854421481
MET011,1,1,3,7,1.5590874763797089
MET011,1,1,3,8,1.8216263478311121
MET011,1,1,3,9,1.6296123509730436
MET011,1,1,4,0,2.110240514514226
MET011,1,1,4,1,1.8126378225997049
MET011,1,1,4,2,2.032280555557739
MET011,1,1,4,3,1.7553271114981182
MET011,1,1,4,4,1.4534367296295336
MET011,1,1,4,5,1.5827305684037156
MET011,1,1,4,6,0.9287388546786054
MET011,1,1,4,7,1.372712373790796
MET011,1,1,4,8,1.6940167669802737
MET011,1,1,4,9,1.6718148443309166
MET011,1,1,5,0,1.8299354205560727
MET011,1,1,5,1,1.9401228594225264
MET011,1,1,5,2,2.047226143942781
MET011,1,1,5,3,1.8475102273567845
MET011,1,1,5,4,1.479133146847166
MET011,1,1,5,5,1.5982422387862267
MET011,1,1,5,6,1.3544132649194951
MET011,1,1,5,7,1.4480526035987138
MET011,1,1,5,8,1.3793798743040979
MET011,1,1,5,9,1.2625916974868849
MET011,1,1,6,0,1.9719843993309925
MET011,1,1,6,1,1.8713935764417919
MET011,1,1,6,2,2.0690344411456931
MET011,1,1,6,3,1.6039964782421434
MET011,1,1,6,4,1.5933737720408818
MET011,1,1,6,5,1.3351041935571439
MET011,1,1,6,6,1.5094581566478475
MET011,1,1,6,7,1.5451438260500363
MET011,1,1,6,8,1.7004979263440609
MET011,1,1,6,9,1.4102351318309656
MET011,1,1,7,0,2.0455299179839601
MET011,1,1,7,1,1.9796614106177584
MET011,1,1,7,2,2.0233478233302571
MET011,1,1,7,3,1.6426856329184514
MET011,1,1,7,4,1.7805382702314989
MET011,1,1,7,5,1.5517947035167621
MET011,1,1,7,6,1.6437834054953795
MET011,1,1,7,7,1.8670081620055889
MET011,1,1,7,8,1.735648624450884
MET011,1,1,7,9,1.6735095884180915
MET011,1,1,8,0,2.0407134331694241
MET011,1,1,8,1,1.8291798330522711
MET011,1,1,8,2,1.8701325985026431
MET011,1,1,8,3,1.6703300840148241
MET011,1,1,8,4,1.6744889077044114
MET011,1,1,8,5,1.5848440947077729
MET011,1,1,8,6,1.8026697972084675
MET011,1,1,8,7,1.6151727736595951
MET011,1,1,8,8,1.495478478283027
MET011,1,1,8,9,1.8640440762644528
MET011,1,1,9,0,1.9261592156823168
MET011,1,1,9,1,1.7368088698024551
MET011,1,1,9,2,1.4373352907364152
MET011,1,1,9,3,1.5795293957921672
MET011,1,1,9,4,1.773677437906078
MET011,1,1,9,5,1.87104182006848
MET011,1,1,9,6,1.5234333838812328
MET011,1,1,9,7,1.6814771758772502
MET011,1,1,9,8,1.8964914723662207
MET011,1,1,9,9,1.860108296674204
MET011,1,2,0,0,1.9468773890487447
MET011,1,2,0,1,2.1034722675596642
MET011,1,2,0,2,1.9910777068604275
MET011,1,2,0,3,1.9499082877160736
MET011,1,2,0,4,2.0163783700194311
MET011,1,2,0,5,1.989580445489888
MET011,1,2,0,6,1.8136908827094651
MET011,1,2,0,7,1.7646673133769593
MET011,1,2,0,8,1.7915604003802683
MET011,1,2,0,9,1.6047942521613361
MET011,1,2,1,0,2.0674201893385922
MET011,1,2,1,1,2.0178600803082523
MET011,1,2,1,2,1.9227091665038456
MET011,1,2,1,3,1.830820891800923
MET011,1,2,1,4,2.0193082744137989
MET011,1,2,1,5,1.7165281619404318
MET011,1,2,1,6,2.0086336090011239
MET011,1,2,1,7,1.6870697291884118
MET011,1,2,1,8,1.6591783476053945
MET011,1,2,1,9,1.5455041614542564
MET011,1,2,2,0,1.7584001116560954
MET011,1,2,2,1,1.625886649050148
MET011,1,2,2,2,1.6856440937629322
MET011,1,2,2,3,1.8791903808791328
MET011,1,2,2,4,1.8702214712857568
MET011,1,2,2,5,1.4152043377955512
MET011,1,2,2,6,1.7659234286727452
MET011,1,2,2,7,1.5282494184894886
MET011,1,2,2,8,1.2896917512259154
MET011,1,2,2,9,1.7685486593120003
MET011,1,2,3,0,2.0892862452868921
MET011,1,2,3,1,1.9654674590782319
MET011,1,2,3,2,1.4722991151442351
MET011,1,2,3,3,1.5483257024150554
MET011,1,2,3,4,1.6305676715454052
MET011,1,2,3,5,1.5188501924505675
MET011,1,2,3,6,1.2994693452008013
MET011,1,2,3,7,1.2626799638616983
MET011,1,2,3,8,1.1658094031969997
MET011,1,2,3,9,1.5742763442703167
MET011,1,2,4,0,1.9672937867199176
MET011,1,2,4,1,2.0684577810174618
MET011,1,2,4,2,2.0125128267592149
MET011,1,2,4,3,1.7313727925599636
MET011,1,2,4,4,1.5419595556461054
MET011,1,2,4,5,1.4280364385205797
MET011,1,2,4,6,1.0261065819867079
MET011,1,2,4,7,1.2228639794003466
MET011,1,2,4,8,1.6389745592563705
MET011,1,2,4,9,1.4904408392957955
MET011,1,2,5,0,1.8529312992859648
MET011,1,2,5,1,1.9016563388081256
MET011,1,2,5,2,1.2823683443041869
MET011,1,2,5,3,2.0278625934226322
MET011,1,2,5,4,1.403769673784802
MET011,1,2,5,5,1.3169971270530985
MET011,1,2,5,6,1.4815924547211343
MET011,1,2,5,7,1.002790713572451
MET011,1,2,5,8,1.4767807932884356
MET011,1,2,5,9,1.5901915350283851
MET011,1,2,6,0,1.7029070369694146
MET011,1,2,6,1,1.8813154952851321
MET011,1,2,6,2,1.803096129611568
MET011,1,2,6,3,1.8568103420723701
MET011,1,2,6,4,1.190325869536603
MET011,1,2,6,5,1.5264544911919449
MET011,1,2,6,6,1.3861292786879551
MET011,1,2,6,7,1.1897353584363568
MET011,1,2,6,8,1.6451934600049518
MET011,1,2,6,9,1.6830503913394617
MET011,1,2,7,0,1.9494480868627533
MET011,1,2,7,1,1.9389927892639047
MET011,1,2,7,2,1.8183485181123284
MET011,1,2,7,3,1.7135745858754732
MET011,1,2,7,4,1.8893267274597323
MET011,1,2,7,5,1.6248083444134636
MET011,1,2,7,6,1.396291114203861
MET011,1,2,7,7,1.3087580297387931
MET011,1,2,7,8,1.5084323148796002
MET011,1,2,7,9,1.8353530552222272
MET011,1,2,8,0,1.6164183628645292
MET011,1,2,8,1,1.8899765517873131
MET011,1,2,8,2,1.7625296867425857
MET011,1,2,8,3,1.8181257943737248
MET011,1,2,8,4,1.4204176342578601
MET011,1,2,8,5,1.5077058075933178
MET011,1,2,8,6,1.6670672409475946
MET011,1,2,8,7,1.4655583558497185
MET011,1,2,8,8,1.6473543619119695
MET011,1,2,8,9,1.6332947286780559
MET011,1,2,9,0,1.7957006776895648
MET011,1,2,9,1,1.676358662535594
MET011,1,2,9,2,0.91614915728026303
MET011,1,2,9,3,1.0005273930571432
MET011,1,2,9,4,1.4634764995665055
MET011,1,2,9,5,1.5303560277344666
MET011,1,2,9,6,1.6406300364792588
MET011,1,2,9,7,1.4285492246593865
MET011,1,2,9,8,1.8840792759021607
MET011,1,2,9,9,1.7794101155875133
MET011,1,3,0,0,1.9884696640058364
MET011,1,3,0,1,1.9905359943128571
MET011,1,3,0,2,1.2621816657833929
MET011,1,3,0,3,1.9612332801960799
MET011,1,3,0,4,1.9909932957291816
MET011,1,3,0,5,1.8720469725676416
MET011,1,3,0,6,1.7744689975009991
MET011,1,3,0,7,1.8001577070355157
MET011,1,3,0,8,1.0393699782591914
MET011,1,3,0,9,1.6931966009714925
MET011,1,3,1,0,1.7987792099341222
MET011,1,3,1,1,1.6843624690533183
MET011,1,3,1,2,1.8883557652841183
MET011,1,3,1,3,1.8742358729204271
MET011,1,3,1,4,1.8538745928774585
MET011,1,3,1,5,1.620233116614296
MET011,1,3,1,6,1.8241728049862989
MET011,1,3,1,7,1.7297408288563694
MET011,1,3,1,8,1.7918581385260952
MET011,1,3,1,9,1.4843251295196518
MET011,1,3,2,0,1.7311846494356098
MET011,1,3,2,1,1.7540074106006971
MET011,1,3,2,2,1.7363771838211153
MET011,1,3,2,3,1.9370351127291527
MET011,1,3,2,4,1.4849585062449071
MET011,1,3,2,5,1.4387468829937955
MET011,1,3,2,6,1.7040132936015835
MET011,1,3,2,7,1.6073087904409895
MET011,1,3,2,8,1.92481053191416
MET011,1,3,2,9,1.7933634475914038
MET011,1,3,3,0,1.8077529537720629
MET011,1,3,3,1,1.8390402441325744
MET011,1,3,3,2,1.4721418197817755
MET011,1,3,3,3,1.5271074748939812
MET011,1,3,3,4,1.5882863156049896
MET011,1,3,3,5,1.2265849122455468
MET011,1,3,3,6,1.2418740731888314
MET011,1,3,3,7,1.7283184715631996
MET011,1,3,3,8,1.6286515933694146
MET011,1,3,3,9,1.6608268806091979
MET011,1,3,4,0,1.8095657565664589
MET011,1,3,4,1,1.8519704687710128
MET011,1,3,4,2,1.6622453992103634
MET011,1,3,4,3,1.2327360582960902
MET011,1,3,4,4,1.075551271759744
MET011,1,3,4,5,1.3019445774615022
MET011,1,3,4,6,1.2353909974485215
MET011,1,3,4,7,1.3380025667689246
MET011,1,3,4,8,1.7219665971377274
MET011,1,3,4,9,1.5808006359339244
MET011,1,3,5,0,2.0120073407764902
MET011,1,3,5,1,1.4028510671362249
MET011,1,3,5,2,1.8189530208929841
MET011,1,3,5,3,1.6348339861764056
MET011,1,3,5,4,1.4487054906120529
MET011,1,3,5,5,1.6112419459841525
MET011,1,3,5,6,1.3374395701429007
MET011,1,3,5,7,1.4062405407653311
MET011,1,3,5,8,1.3569075342194847
MET011,1,3,5,9,1.6261075188500949
MET011,1,3,6,0,1.8940223047163509
MET011,1,3,6,1,2.0122558370358616
MET011,1,3,6,2,1.926273451026411
MET011,1,3,6,3,1.7937460535778038
MET011,1,3,6,4,1.6443454889008595
MET011,1,3,6,5,1.7182846093311386
MET011,1,3,6,6,1.6360133779310355
MET011,1,3,6,7,1.5984503796485536
MET011,1,3,6,8,1.5814363933074147
MET011,1,3,6,9,1.5201269817620791
MET011,1,3,7,0,1.7461860092061263
MET011,1,3,7,1,1.5391582210290256
MET011,1,3,7,2,1.79550773324166
MET011,1,3,7,3,1.9484903232229831
MET011,1,3,7,4,1.3784009231598362
MET011,1,3,7,5,1.5594657455507406
MET011,1,3,7,6,1.4110399843844004
MET011,1,3,7,7,1.4258973884012904
MET011,1,3,7,8,1.5231176586765514
MET011,1,3,7,9,1.8819235732880648
MET011,1,3,8,0,1.798148776029773
MET011,1,3,8,1,1.73890041090605
MET011,1,3,8,2,1.7784914175820832
MET011,1,3,8,3,1.3382878727229497
MET011,1,3,8,4,1.5067778927567683
MET011,1,3,8,5,1.7920561520080114
MET011,1,3,8,6,1.4462594460433922
MET011,1,3,8,7,1.638552366805063
MET011,1,3,8,8,1.7589514363017129
MET011,1,3,8,9,1.3788338051899267
MET011,1,3,9,0,1.6823137828068158
MET011,1,3,9,1,1.5715574678015147
MET011,1,3,9,2,1.5743618962678581
MET011,1,3,9,3,1.4773191744950869
MET011,1,3,9,4,1.5168819574219423
MET011,1,3,9,5,1.4378118321082931
MET011,1,3,9,6,1.5881990444784471
MET011,1,3,9,7,1.444808423301289
MET011,1,3,9,8,1.5892985894539085
MET011,1,3,9,9,1.8462789212461168
MET011,1,4,0,0,1.7895765319608556
MET011,1,4,0,1,2.0394924092574489
MET011,1,4,0,2,1.798280977957178
MET011,1,4,0,3,1.9265156840344564
MET011,1,4,0,4,2.0088068302301161
MET011,1,4,0,5,1.6521372661695857
MET011,1,4,0,6,1.7054372066810759
MET011,1,4,0,7,1.7400107033463661
MET011,1,4,0,8,1.7649290750905844
MET011,1,4,0,9,1.4381940062747378
MET011,1,4,1,0,1.9762307418645035
MET011,1,4,1,1,1.801878570843209
MET011,1,4,1,2,1.6328689639700438
MET011,1,4,1,3,1.786544169220438
MET011,1,4,1,4,1.8004548330391574
MET011,1,4,1,5,1.7988526521528327
MET011,1,4,1,6,1.9691936203131104
MET011,1,4,1,7,1.828177618080193
MET011,1,4,1,8,1.9536623539679323
MET011,1,4,1,9,1.616150237325469
MET011,1,4,2,0,1.6869894151972218
MET011,1,4,2,1,1.5587035780912188
MET011,1,4,2,2,1.9123350054111421
MET011,1,4,2,3,1.6724227110677523
MET011,1,4,2,4,1.6903579290507791
MET011,1,4,2,5,1.6425846805453377
MET011,1,4,2,6,1.7304646096632397
MET011,1,4,2,7,1.8059639578039832
MET011,1,4,2,8,1.2603858429982755
MET011,1,4,2,9,1.6488452665771756
MET011,1,4,3,0,1.9790776226612927
MET011,1,4,3,1,2.0730300515615241
MET011,1,4,3,2,1.049635176648634
MET011,1,4,3,3,1.7692873351300389
MET011,1,4,3,4,1.7902940090925874
MET011,1,4,3,5,1.2497666444958992
MET011,1,4,3,6,1.3554635457891837
MET011,1,4,3,7,1.1131621206870053
MET011,1,4,3,8,1.2071641664085904
MET011,1,4,3,9,1.701578788224074
MET011,1,4,4,0,2.107637237022459
MET011,1,4,4,1,1.186470506149472
MET011,1,4,4,2,1.9337875169037309
MET011,1,4,4,3,1.3430894856365827
MET011,1,4,4,4,0.97143042284383496
MET011,1,4,4,5,1.3104800813974748
MET011,1,4,4,6,1.3971696447767987
MET011,1,4,4,7,1.149859273423478
MET011,1,4,4,8,1.2833028026588378
MET011,1,4,4,9,1.6944491378188138
MET011,1,4,5,0,2.0547268414944546
MET011,1,4,5,1,2.0984886706303723
MET011,1,4,5,2,1.7717026109495402
MET011,1,4,5,3,1.5021438889346177
MET011,1,4,5,4,1.6953213834215934
MET011,1,4,5,5,1.0367334435994042
MET011,1,4,5,6,1.3227903122338649
MET011,1,4,5,7,1.4652166436201817
MET011,1,4,5,8,1.0360840822611304
MET011,1,4,5,9,1.3273421563199566
MET011,1,4,6,0,1.9676466275102764
MET011,1,4,6,1,2.0711942758011563
MET011,1,4,6,2,0.97346828533277896
MET011,1,4,6,3,1.8148145333110384
MET011,1,4,6,4,1.5457655624559028
MET011,1,4,6,5,1.4051521040089781
MET011,1,4,6,6,1.3360294072815728
MET011,1,4,6,7,1.2983738872769996
MET011,1,4,6,8,1.3211601715747552
MET011,1,4,6,9,1.7493056181240825
MET011,1,4,7,0,1.8931005455160219
MET011,1,4,7,1,1.4848971432010492
MET011,1,4,7,2,1.926740414437075
MET011,1,4,7,3,1.434099467825912
MET011,1,4,7,4,1.4650483268749932
MET011,1,4,7,5,1.5635251744375098
MET011,1,4,7,6,1.6407878751506086
MET011,1,4,7,7,1.6331450766744069
MET011,1,4,7,8,1.8938769032814355
MET011,1,4,7,9,1.4011759980693432
MET011,1,4,8,0,1.820344218579232
MET011,1,4,8,1,1.4380580528364668
MET011,1,4,8,2,1.665660156962518
MET011,1,4,8,3,1.4199703936290096
MET011,1,4,8,4,1.7668677568737472
MET011,1,4,8,5,1.2959276860949127
MET011,1,4,8,6,1.6368792979375792
MET011,1,4,8,7,1.8976330812923199
MET011,1,4,8,8,1.7449953231932096
MET011,1,4,8,9,1.6524862698882572
MET011,1,4,9,0,1.4667381833656694
MET011,1,4,9,1,1.7143469431997864
MET011,1,4,9,2,1.759338400125033
MET011,1,4,9,3,1.7747989412806251
MET011,1,4,9,4,1.3537803849175305
MET011,1,4,9,5,1.6098251074269929
MET011,1,4,9,6,1.5128335005991731
MET011,1,4,9,7,1.7481926615138821
MET011,1,4,9,8,1.8440772153654257
MET011,1,4,9,9,1.6029709492192965
MET012,1,1,0,0,1.1190363666966443
MET012,1,1,0,1,1.2968722717301879
MET012,1,1,0,2,1.4179567071032555
MET012,1,1,0,3,1.1724106218807266
MET012,1,1,0,4,1.2311576876765309
MET012,1,1,0,5,1.4336827881122105
MET012,1,1,0,6,1.2392852568168635
MET012,1,1,0,7,1.2888553531584772
MET012,1,1,0,8,1.4598516982034069
MET012,1,1,0,9,1.4970209180564611
MET012,1,1,1,0,1.3681937183528032
MET012,1,1,1,1,1.0758842304137757
MET012,1,1,1,2,1.4680397885883305
MET012,1,1,1,3,1.251269343220796
MET012,1,1,1,4,1.2893516284137414
MET012,1,1,1,5,1.1785442639331016
MET012,1,1,1,6,1.4035355024683718
MET012,1,1,1,7,1.2823690505571623
MET012,1,1,1,8,1.5904006096406711
MET012,1,1,1,9,1.4400308825200996
MET012,1,1,2,0,1.4343331976390823
MET012,1,1,2,1,1.5649182223873987
MET012,1,1,2,2,1.3633320379923572
MET012,1,1,2,3,1.1975758978486051
MET012,1,1,2,4,1.1174141359122209
MET012,1,1,2,5,1.159623250726594
MET012,1,1,2,6,1.1792964953945648
MET012,1,1,2,7,1.249082946399807
MET012,1,1,2,8,1.4128152362368711
MET012,1,1,2,9,1.3049645198257764
MET012,1,1,3,0,1.2955901027829186
MET012,1,1,3,1,1.2192192541758424
MET012,1,1,3,2,1.3266691162602284
MET012,1,1,3,3,1.0238999384228578
MET012,1,1,3,4,1.0079176337403168
MET012,1,1,3,5,0.82811468832493496
MET012,1,1,3,6,1.0745231162530828
MET012,1,1,3,7,1.209898016827643
MET012,1,1,3,8,1.296660314138425
MET012,1,1,3,9,1.1841198682736465
MET012,1,1,4,0,1.2427547900937366
MET012,1,1,4,1,1.2828110848491017
MET012,1,1,4,2,1.153780541662291
MET012,1,1,4,3,1.1077709253388202
MET012,1,1,4,4,1.0246265690881931
MET012,1,1,4,5,0.78911991181325492
MET012,1,1,4,6,0.74141585433273116
MET012,1,1,4,7,1.209000620258522
MET012,1,1,4,8,1.1899798191971591
MET012,1,1,4,9,1.1693341977448863
MET012,1,1,5,0,1.2048973167826922
MET012,1,1,5,1,1.2843601307514061
MET012,1,1,5,2,0.97337262344019182
MET012,1,1,5,3,0.91193007416131844
MET012,1,1,5,4,1.1812047789738611
MET012,1,1,5,5,0.98733444534813242
MET012,1,1,5,6,0.85876564295992153
MET012,1,1,5,7,1.1211361374371038
MET012,1,1,5,8,1.125891429117351
MET012,1,1,5,9,1.4112245444439755
MET012,1,1,6,0,1.2014976580358014
MET012,1,1,6,1,0.93661605341776677
MET012,1,1,6,2,1.0503579523279565
MET012,1,1,6,3,1.1546450826751369
MET012,1,1,6,4,1.065526611213836
MET012,1,1,6,5,1.3869077241597227
MET012,1,1,6,6,1.0734875797501915
MET012,1,1,6,7,0.95115192528908898
MET012,1,1,6,8,0.97438020545676918
MET012,1,1,6,9,1.2447297374416415
MET012,1,1,7,0,1.0707540876569257
MET012,1,1,7,1,1.2244798835617032
MET012,1,1,7,2,1.0136606916022888
MET012,1,1,7,3,1.0631106188809605
MET012,1,1,7,4,1.1442975545382386
MET012,1,1,7,5,0.87146085393636397
MET012,1,1,7,6,1.1171377887940741
MET012,1,1,7,7,1.2382611357712088
MET012,1,1,7,8,1.140593788824199
MET012,1,1,7,9,0.99079306701880876
MET012,1,1,8,0,1.0581334820123296
MET012,1,1,8,1,1.1660674394035635
MET012,1,1,8,2,1.1798877267065615
MET012,1,1,8,3,1.067038305269846
MET012,1,1,8,4,1.1577954922922116
MET012,1,1,8,5,1.1758407024164492
MET012,1,1,8,6,1.093023451527646
MET012,1,1,8,7,1.4008597355100474
MET012,1,1,8,8,1.2695569614750166
MET012,1,1,8,9,1.1470646694889526
MET012,1,1,9,0,1.0334130860024779
MET012,1,1,9,1,1.0370815336205728
MET012,1,1,9,2,1.0775634496808739
MET012,1,1,9,3,0.84841336035433756
MET012,1,1,9,4,0.95763896431514439
MET012,1,1,9,5,0.97179185423679759
MET012,1,1,9,6,1.164267164455755
MET012,1,1,9,7,1.3140640697296184
MET012,1,1,9,8,1.2413633501030086
MET012,1,1,9,9,1.1726512880867457
MET012,1,2,0,0,1.1562221674609687
MET012,1,2,0,1,1.4693624115508508
MET012,1,2,0,2,1.4089997895440416
MET012,1,2,0,3,1.359731010530232
MET012,1,2,0,4,1.3042948920355806
MET012,1,2,0,5,1.3619817946661543
MET012,1,2,0,6,1.5755186581271547
MET012,1,2,0,7,1.4229906707492723
MET012,1,2,0,8,1.5071405244155924
MET012,1,2,0,9,1.447209710945532
MET012,1,2,1,0,1.4256824770013583
MET012,1,2,1,1,1.2223641360337072
MET012,1,2,1,2,1.4656714471319323
MET012,1,2,1,3,1.4350091063784622
MET012,1,2,1,4,1.2473638145494721
MET012,1,2,1,5,1.1792345927565135
MET012,1,2,1,6,1.2471436829647164
MET012,1,2,1,7,1.2862009238470573
MET012,1,2,1,8,1.3398628661798886
MET012,1,2,1,9,1.3604201860020499
MET012,1,2,2,0,1.6154953145241653
MET012,1,2,2,1,1.3272965850204623
MET012,1,2,2,2,1.1213955501252999
MET012,1,2,2,3,1.2614539943243139
MET012,1,2,2,4,1.1605793610994948
MET012,1,2,2,5,1.1009810168738814
MET012,1,2,2,6,1.1730768581288251
MET012,1,2,2,7,1.226686965888754
MET012,1,2,2,8,1.3671912761064511
MET012,1,2,2,9,1.425482172032811
MET012,1,2,3,0,1.6368336866533508
MET012,1,2,3,1,1.5656964508083295
MET012,1,2,3,2,1.1705201085800283
MET012,1,2,3,3,1.1251288048864063
MET012,1,2,3,4,1.0911946094503917
MET012,1,2,3,5,1.0797899157113175
MET012,1,2,3,6,0.97488046504084236
MET012,1,2,3,7,0.98698780644341877
MET012,1,2,3,8,1.1139935604676712
MET012,1,2,3,9,1.4494648398777694
MET012,1,2,4,0,1.5119830939882433
MET012,1,2,4,1,1.2143839341051439
MET012,1,2,4,2,1.1620364536877139
MET012,1,2,4,3,1.256075114789885
MET012,1,2,4,4,0.87789968086500725
MET012,1,2,4,5,1.089430191769672
MET012,1,2,4,6,0.88792663145421924
MET012,1,2,4,7,0.97378504064720395
MET012,1,2,4,8,1.0830982840780554
MET012,1,2,4,9,0.99907310206960975
MET012,1,2,5,0,1.274140244024754
MET012,1,2,5,1,1.1371807178924478
MET012,1,2,5,2,1.0548880878163556
MET012,1,2,5,3,0.9355994947383276
MET012,1,2,5,4,1.2832816473057935
MET012,1,2,5,5,1.0638748613638955
MET012,1,2,5,6,0.99461282127901884
MET012,1,2,5,7,1.1605402794871589
MET012,1,2,5,8,1.2418919880013894
MET012,1,2,5,9,1.329340808465403
MET012,1,2,6,0,1.1966871463573865
MET012,1,2,6,1,1.0884465723673755
MET012,1,2,6,2,0.93792193046240202
MET012,1,2,6,3,0.86090243346922146
MET012,1,2,6,4,0.9470156917807
MET012,1,2,6,5,1.0685244066780974
MET012,1,2,6,6,1.2037696186586244
MET012,1,2,6,7,0.89422069983228847
MET012,1,2,6,8,0.97836669411639521
MET012,1,2,6,9,0.98956266746789723
MET012,1,2,7,0,1.1461748631060975
MET012,1,2,7,1,0.92318470881460601
MET012,1,2,7,2,1.0339917431527412
MET012,1,2,7,3,0.90369268299056882
MET012,1,2,7,4,1.0214837972026709
MET012,1,2,7,5,0.99956042032963999
MET012,1,2,7,6,1.2361439790973532
MET012,1,2,7,7,1.0354895764099328
MET012,1,2,7,8,1.1052675249951445
MET012,1,2,7,9,1.1062076604813915
MET012,1,2,8,0,1.0940754645785189
MET012,1,2,8,1,1.0423595565790975
MET012,1,2,8,2,1.0793908526273877
MET012,1,2,8,3,1.2311641858619156
MET012,1,2,8,4,0.94077308939384363
MET012,1,2,8,5,1.099088377860747
MET012,1,2,8,6,0.9444848414777004
MET012,1,2,8,7,0.87047115820332754
MET012,1,2,8,8,1.3030336622041754
MET012,1,2,8,9,1.1558977683949685
MET012,1,2,9,0,1.1190597247122314
MET012,1,2,9,1,1.0843082181228116
MET012,1,2,9,2,1.1481132570517121
MET012,1,2,9,3,0.83712284603932618
MET012,1,2,9,4,1.1215463126460865
MET012,1,2,9,5,0.97220066165492158
MET012,1,2,9,6,1.1107039054582211
MET012,1,2,9,7,1.2141980791250686
MET012,1,2,9,8,1.1877490207531261
MET012,1,2,9,9,1.289657407634287
MET012,1,3,0,0,0.89947076342723431
MET012,1,3,0,1,1.4538416150226774
MET012,1,3,0,2,1.2812348210065192
MET012,1,3,0,3,1.2209370200642506
MET012,1,3,0,4,1.3057055546232583
MET012,1,3,0,5,1.3174341731117998
MET012,1,3,0,6,1.4371635617333558
MET012,1,3,0,7,1.3530732920475861
MET012,1,3,0,8,1.5372051669803373
MET012,1,3,0,9,1.540395657246096
MET012,1,3,1,0,1.3408939611736514
MET012,1,3,1,1,1.1344044020401074
MET012,1,3,1,2,1.1847312218310244
MET012,1,3,1,3,1.2306007678041535
MET012,1,3,1,4,1.132588642883007
MET012,1,3,1,5,1.273567295718256
MET012,1,3,1,6,1.3995776572505212
MET012,1,3,1,7,1.371761330596988
MET012,1,3,1,8,1.4415761407250505
MET012,1,3,1,9,1.4069890970058463
MET012,1,3,2,0,1.4718024810610919
MET012,1,3,2,1,1.3862094569953636
MET012,1,3,2,2,1.1885260998586966
MET012,1,3,2,3,1.2947006461892607
MET012,1,3,2,4,1.0897332600773071
MET012,1,3,2,5,1.0989718732497431
MET012,1,3,2,6,1.141374301525399
MET012,1,3,2,7,1.2033434109571963
MET012,1,3,2,8,1.3253436146031723
MET012,1,3,2,9,1.3527966262017284
MET012,1,3,3,0,1.3897692727155413
MET012,1,3,3,1,1.2893395578090929
MET012,1,3,3,2,1.1517398921674924
MET012,1,3,3,3,0.96905600945485704
MET012,1,3,3,4,1.1236238268655012
MET012,1,3,3,5,0.80190052928016764
MET012,1,3,3,6,0.93605448884513498
MET012,1,3,3,7,1.057832309898014
MET012,1,3,3,8,1.1128585009063412
MET012,1,3,3,9,1.027345821702996
MET012,1,3,4,0,1.4741435601305712
MET012,1,3,4,1,1.3555333805385683
MET012,1,3,4,2,1.0942054888537358
MET012,1,3,4,3,1.1775974354649512
MET012,1,3,4,4,1.0103888756439403
MET012,1,3,4,5,0.94229503178332397
MET012,1,3,4,6,0.96933927452791757
MET012,1,3,4,7,1.1459812736052466
MET012,1,3,4,8,1.0962458974593812
MET012,1,3,4,9,1.016160982733429
MET012,1,3,5,0,1.613833305492985
MET012,1,3,5,1,1.2911434368163628
MET012,1,3,5,2,1.1719082629383364
MET012,1,3,5,3,0.90163076857333058
MET012,1,3,5,4,1.1023059191405884
MET012,1,3,5,5,0.95251546603988302
MET012,1,3,5,6,0.86527142262112211
MET012,1,3,5,7,0.77972031914643636
MET012,1,3,5,8,1.1107971033579249
MET012,1,3,5,9,0.95743538056914101
MET012,1,3,6,0,1.2250998750662512
MET012,1,3,6,1,1.1142488075677837
MET012,1,3,6,2,1.1630749127722309
MET012,1,3,6,3,1.1133927901782992
MET012,1,3,6,4,0.9489941088022148
MET012,1,3,6,5,1.3394733787675008
MET012,1,3,6,6,0.85336527325092348
MET012,1,3,6,7,0.93067693225341719
MET012,1,3,6,8,1.0496053440146684
MET012,1,3,6,9,0.93238962073504961
MET012,1,3,7,0,1.1911780815032371
MET012,1,3,7,1,1.1283942916881986
MET012,1,3,7,2,0.8244968104241599
MET012,1,3,7,3,0.89497944990597045
MET012,1,3,7,4,1.3936437609154395
MET012,1,3,7,5,1.0582819928204363
MET012,1,3,7,6,1.046354387049846
MET012,1,3,7,7,1.1350855873970966
MET012,1,3,7,8,1.2274627377799721
MET012,1,3,7,9,1.1068562377487574
MET012,1,3,8,0,1.087474742083079
MET012,1,3,8,1,0.9623307563926744
MET012,1,3,8,2,1.333825082756585
MET012,1,3,8,3,1.0712879042998984
MET012,1,3,8,4,0.89509962005249744
MET012,1,3,8,5,1.3946098048719131
MET012,1,3,8,6,0.83469508104977674
MET012,1,3,8,7,1.1270917750377056
MET012,1,3,8,8,1.2764341994764572
MET012,1,3,8,9,1.0029955898510523
MET012,1,3,9,0,1.0361352540674222
MET012,1,3,9,1,0.8688262237708092
MET012,1,3,9,2,1.0974781422288755
MET012,1,3,9,3,1.1213030012209708
MET012,1,3,9,4,1.0718112766730274
MET012,1,3,9,5,0.78953919806258022
MET012,1,3,9,6,1.1373902163062011
MET012,1,3,9,7,1.0288452344758905
MET012,1,3,9,8,1.1046321486967481
MET012,1,3,9,9,1.0388361884089543
MET012,1,4,0,0,1.0782445553311488
MET012,1,4,0,1,1.4757967635204017
MET012,1,4,0,2,1.3714043485496246
MET012,1,4,0,3,1.2195816877541077
MET012,1,4,0,4,1.1297925101190069
MET012,1,4,0,5,1.3155356067238166
MET012,1,4,0,6,1.1945534788867409
MET012,1,4,0,7,1.3426408790497544
MET012,1,4,0,8,1.2603029501075849
MET012,1,4,0,9,1.5149846280261796
MET012,1,4,1,0,1.3431833081208284
MET012,1,4,1,1,1.1889573602923702
MET012,1,4,1,2,1.2695346937054726
MET012,1,4,1,3,1.1277984497241769
MET012,1,4,1,4,1.1237569212716905
MET012,1,4,1,5,1.2585456602414655
MET012,1,4,1,6,1.103404857871962
MET012,1,4,1,7,1.2456874868658554
MET012,1,4,1,8,1.3719241367429422
MET012,1,4,1,9,1.2823284413668881
MET012,1,4,2,0,1.5143107821053303
MET012,1,4,2,1,1.3253725653221264
MET012,1,4,2,2,1.1678115986199269
MET012,1,4,2,3,1.2382922930759492
MET012,1,4,2,4,1.1568217334528526
MET012,1,4,2,5,1.0314946629331885
MET012,1,4,2,6,0.98933169976480062
MET012,1,4,2,7,0.99563249760282724
MET012,1,4,2,8,1.0940604390343935
MET012,1,4,2,9,1.3728099042858026
MET012,1,4,3,0,1.3350244133215301
MET012,1,4,3,1,1.3570412399600595
MET012,1,4,3,2,0.95234610750933979
MET012,1,4,3,3,1.147669513174735
MET012,1,4,3,4,1.152190856911649
MET012,1,4,3,5,0.83380419350896673
MET012,1,4,3,6,1.0115783684262478
MET012,1,4,3,7,0.84586341833804557
MET012,1,4,3,8,0.96106059844476643
MET012,1,4,3,9,1.4373809757090137
MET012,1,4,4,0,1.68581688306279
MET012,1,4,4,1,1.401403207088006
MET012,1,4,4,2,1.0501164832572392
MET012,1,4,4,3,1.2263879639384874
MET012,1,4,4,4,0.74602073841848793
MET012,1,4,4,5,0.95574735798988564
MET012,1,4,4,6,0.81963135488863315
MET012,1,4,4,7,1.1103443310169376
MET012,1,4,4,8,1.0861822259738207
MET012,1,4,4,9,0.94387346398125305
MET012,1,4,5,0,1.3766976442847936
MET012,1,4,5,1,1.2691208305001769
MET012,1,4,5,2,1.1159048138357917
MET012,1,4,5,3,1.1287344760821174
MET012,1,4,5,4,1.2514655237253804
MET012,1,4,5,5,0.78693046783210974
MET012,1,4,5,6,1.0470689139734508
MET012,1,4,5,7,1.1349143426473998
MET012,1,4,5,8,0.96809443630307024
MET012,1,4,5,9,0.87763411257310908
MET012,1,4,6,0,1.2960772540466412
MET012,1,4,6,1,1.1830812750236834
MET012,1,4,6,2,0.94742928002212057
MET012,1,4,6,3,1.0830499952004264
MET012,1,4,6,4,1.0054937185622801
MET012,1,4,6,5,1.2322954503719643
MET012,1,4,6,6,1.0282286101614351
MET012,1,4,6,7,1.0779339977103679
MET012,1,4,6,8,0.84700809413457434
MET012,1,4,6,9,1.0702622685241721
MET012,1,4,7,0,1.2837037303765788
MET012,1,4,7,1,1.0233502466510438
MET012,1,4,7,2,0.97262599479465806
MET012,1,4,7,3,1.008328724016442
MET012,1,4,7,4,1.0831993420977115
MET012,1,4,7,5,0.9504535950409696
MET012,1,4,7,6,0.9477776611572174
MET012,1,4,7,7,1.0788429703839264
MET012,1,4,7,8,0.95356251343653076
MET012,1,4,7,9,1.1745035257845386
MET012,1,4,8,0,1.2538592960680597
MET012,1,4,8,1,0.97966174905353964
MET012,1,4,8,2,0.88501331075939238
MET012,1,4,8,3,0.99352796133659715
MET012,1,4,8,4,0.92014520183839799
MET012,1,4,8,5,1.11010097428932
MET012,1,4,8,6,0.9205420642026374
MET012,1,4,8,7,1.0210770225079142
MET012,1,4,8,8,1.3237539880953813
MET012,1,4,8,9,0.9648422617775404
MET012,1,4,9,0,1.1491316162450822
MET012,1,4,9,1,1.1251518175532931
MET012,1,4,9,2,1.0147917814935927
MET012,1,4,9,3,0.9456110460434366
MET012,1,4,9,4,0.9242305207364504
MET012,1,4,9,5,0.99675382903456045
MET012,1,4,9,6,1.2577262490054262
MET012,1,4,9,7,1.2922609738627768
MET012,1,4,9,8,1.1489090647639619
MET012,1,4,9,9,1.1532657183436503
MET012,2,1,0,0,1.4826321453322338
MET012,2,1,0,1,1.6805984767907072
MET012,2,1,0,2,1.7675543670042708
MET012,2,1,0,3,1.4705573641873535
MET012,2,1,0,4,1.5528975763434736
MET012,2,1,0,5,1.5434423568069515
MET012,2,1,0,6,1.6109462155420686
MET012,2,1,0,7,1.5106742278439853
MET012,2,1,0,8,1.4667101039703836
MET012,2,1,0,9,1.7794804161634341
MET012,2,1,1,0,1.7206513139312123
MET012,2,1,1,1,1.5316147271391931
MET012,2,1,1,2,1.6416998312383979
MET012,2,1,1,3,1.6047093696506682
MET012,2,1,1,4,1.3593135107360499
MET012,2,1,1,5,1.486870791980706
MET012,2,1,1,6,1.2196304773427529
MET012,2,1,1,7,1.4103626329000849
MET012,2,1,1,8,1.7575963881841563
MET012,2,1,1,9,1.5800028667823689
MET012,2,1,2,0,1.8077076460242685
MET012,2,1,2,1,1.6681148349588844
MET012,2,1,2,2,1.4441278155488777
MET012,2,1,2,3,1.4246536072555345
MET012,2,1,2,4,1.328164285783247
MET012,2,1,2,5,1.189892024720143
MET012,2,1,2,6,1.0448447025957794
MET012,2,1,2,7,0.99807975492875256
MET012,2,1,2,8,1.37793113422553
MET012,2,1,2,9,1.7279563445850554
MET012,2,1,3,0,1.4995467012414825
MET012,2,1,3,1,1.4898355195936146
MET012,2,1,3,2,1.3215299283258637
MET012,2,1,3,3,1.2155470107061264
MET012,2,1,3,4,1.2317171447414772
MET012,2,1,3,5,1.1101868870213367
MET012,2,1,3,6,1.189767079179288
MET012,2,1,3,7,0.99555476006583077
MET012,2,1,3,8,1.2378901944759746
MET012,2,1,3,9,1.5387391218683759
MET012,2,1,4,0,1.6858175984421186
MET012,2,1,4,1,1.4875301050989511
MET012,2,1,4,2,1.181969535754464
MET012,2,1,4,3,1.2304986395584181
MET012,2,1,4,4,0.8687788755667567
MET012,2,1,4,5,1.0054472905067691
MET012,2,1,4,6,0.84857929385026376
MET012,2,1,4,7,1.1914188151246603
MET012,2,1,4,8,1.1717734973295564
MET012,2,1,4,9,1.1108707097213146
MET012,2,1,5,0,1.6302710360330259
MET012,2,1,5,1,1.2424372588535328
MET012,2,1,5,2,1.2024290483375639
MET012,2,1,5,3,1.0071697463530818
MET012,2,1,5,4,1.3732875487721026
MET012,2,1,5,5,1.038683966595062
MET012,2,1,5,6,1.085323216438925
MET012,2,1,5,7,0.87230226409663947
MET012,2,1,5,8,1.2585941412661463
MET012,2,1,5,9,1.1587670446375884
MET012,2,1,6,0,1.456957882927387
MET012,2,1,6,1,1.3166239432636695
MET012,2,1,6,2,1.1502654717444971
MET012,2,1,6,3,1.0881824597308944
MET012,2,1,6,4,1.0538704597943778
MET012,2,1,6,5,1.4044564310580436
MET012,2,1,6,6,0.978441776501071
MET012,2,1,6,7,0.86807734016443938
MET012,2,1,6,8,1.1603171831590504
MET012,2,1,6,9,0.92862995803794279
MET012,2,1,7,0,1.3162370437426081
MET012,2,1,7,1,1.2994818619449526
MET012,2,1,7,2,1.0026829149366181
MET012,2,1,7,3,1.0958426602043945
MET012,2,1,7,4,1.1812314645879531
MET012,2,1,7,5,1.0166301852449298
MET012,2,1,7,6,1.1695098454001036
MET012,2,1,7,7,1.1514736513888879
MET012,2,1,7,8,1.1768554061960299
MET012,2,1,7,9,1.1291891625022767
MET012,2,1,8,0,1.058903310330201
MET012,2,1,8,1,1.0913936541376337
MET012,2,1,8,2,1.0952361853368064
MET012,2,1,8,3,1.0717672247837626
MET012,2,1,8,4,0.87159595459160966
MET012,2,1,8,5,1.1745535517428181
MET012,2,1,8,6,1.0815811289860155
MET012,2,1,8,7,1.1731566159262212
MET012,2,1,8,8,1.0725779016071375
MET012,2,1,8,9,1.1944076940601758
MET012,2,1,9,0,1.1348848458877383
MET012,2,1,9,1,1.2322963630306596
MET012,2,1,9,2,1.0440319067525348
MET012,2,1,9,3,0.92107497649493275
MET012,2,1,9,4,0.91536963568581775
MET012,2,1,9,5,0.98616019801265964
MET012,2,1,9,6,0.88347793398612406
MET012,2,1,9,7,1.1167485024919248
MET012,2,1,9,8,1.3077693141930518
MET012,2,1,9,9,1.3542404910938055
MET012,2,2,0,0,1.1520164386970335
MET012,2,2,0,1,1.2696650625395089
MET012,2,2,0,2,1.3627317716233331
MET012,2,2,0,3,1.2003117794157958
MET012,2,2,0,4,1.1387647485767858
MET012,2,2,0,5,1.1746268008640188
MET012,2,2,0,6,1.2503145540302036
MET012,2,2,0,7,1.1585025883064592
MET012,2,2,0,8,1.0455752130252804
MET012,2,2,0,9,1.1893279710546398
MET012,2,2,1,0,1.2752957551769
MET012,2,2,1,1,1.1045050742814349
MET012,2,2,1,2,1.4391292313852615
MET012,2,2,1,3,1.1660306016338085
MET012,2,2,1,4,0.98817889741247278
MET012,2,2,1,5,1.3047524547592686
MET012,2,2,1,6,1.1608274868794193
MET012,2,2,1,7,1.0814708931908197
MET012,2,2,1,8,1.296265354063598
MET012,2,2,1,9,1.372094906430783
MET012,2,2,2,0,1.4773640454824328
MET012,2,2,2,1,1.0908337121825038
MET012,2,2,2,2,1.246112455237032
MET012,2,2,2,3,1.1604523036005634
MET012,2,2,2,4,1.0439872260640306
MET012,2,2,2,5,0.9029249018008072
MET012,2,2,2,6,0.90502241100933878
MET012,2,2,2,7,0.92828449278909675
MET012,2,2,2,8,1.2422799590720248
MET012,2,2,2,9,1.0728159905925123
MET012,2,2,3,0,1.3235400045288834
MET012,2,2,3,1,1.2036860298481016
MET012,2,2,3,2,0.94793079130436997
MET012,2,2,3,3,1.126305693987355
MET012,2,2,3,4,1.1092518663557047
MET012,2,2,3,5,0.86412080855717899
MET012,2,2,3,6,0.99706332515565566
MET012,2,2,3,7,0.90484138536271863
MET012,2,2,3,8,1.0852152126032328
MET012,2,2,3,9,1.0863279935905796
MET012,2,2,4,0,1.229630355216575
MET012,2,2,4,1,1.2206716907155712
MET012,2,2,4,2,0.95836260528016604
MET012,2,2,4,3,1.0959266654806961
MET012,2,2,4,4,1.0159252297946035
MET012,2,2,4,5,0.89018599186792369
MET012,2,2,4,6,0.78449764120015864
MET012,2,2,4,7,0.90930390058485122
MET012,2,2,4,8,0.93832567723409399
MET012,2,2,4,9,0.90721824402384577
MET012,2,2,5,0,1.3404039422952998
MET012,2,2,5,1,1.0475304092568185
MET012,2,2,5,2,1.0157721592768141
MET012,2,2,5,3,0.92027846299791283
MET012,2,2,5,4,1.1442498258667506
MET012,2,2,5,5,1.0136827718413046
MET012,2,2,5,6,0.86172072551800882
MET012,2,2,5,7,1.0217430281062825
MET012,2,2,5,8,1.0827728743168381
MET012,2,2,5,9,1.1522417876478763
MET012,2,2,6,0,1.1260812544593204
MET012,2,2,6,1,0.77250910202820755
MET012,2,2,6,2,0.96869120417308785
MET012,2,2,6,3,1.0045980578720279
MET012,2,2,6,4,0.98617829996449824
MET012,2,2,6,5,1.0660324331684281
MET012,2,2,6,6,1.1941297909273274
MET012,2,2,6,7,1.0562956471780629
MET012,2,2,6,8,1.1657452464925515
MET012,2,2,6,9,1.0377271711657794
MET012,2,2,7,0,1.029157176238074
MET012,2,2,7,1,0.92237711652226639
MET012,2,2,7,2,0.84631043868429123
MET012,2,2,7,3,0.9284000729087728
MET012,2,2,7,4,1.1192769819218895
MET012,2,2,7,5,0.80183138513332486
MET012,2,2,7,6,1.0594452023869243
MET012,2,2,7,7,1.1607780343406311
MET012,2,2,7,8,0.98055299424836495
MET012,2,2,7,9,0.90127260579879076
MET012,2,2,8,0,0.97377739106653838
MET012,2,2,8,1,0.90632215097080404
MET012,2,2,8,2,1.1733076642223654
MET012,2,2,8,3,0.89070131114986351
MET012,2,2,8,4,0.75974220576766827
MET012,2,2,8,5,1.0900034702566681
MET012,2,2,8,6,0.94235161440297077
MET012,2,2,8,7,0.89732302217969806
MET012,2,2,8,8,0.91193155450049301
MET012,2,2,8,9,0.96889787387831094
MET012,2,2,9,0,0.84044606114816067
MET012,2,2,9,1,0.98522894645148285
MET012,2,2,9,2,0.98326619673986559
MET012,2,2,9,3,0.80307452075587538
MET012,2,2,9,4,1.0153922615866686
MET012,2,2,9,5,1.017664321951157
MET012,2,2,9,6,1.0846453527574969
MET012,2,2,9,7,1.059295331022015
MET012,2,2,9,8,1.0957807706422904
MET012,2,2,9,9,1.1577352993889487
MET012,2,3,0,0,1.1837383114528419
MET012,2,3,0,1,1.0990073401878999
MET012,2,3,0,2,1.2193624991413134
MET012,2,3,0,3,1.1450010367525698
MET012,2,3,0,4,1.0008176367245565
MET012,2,3,0,5,1.0646775841142395
MET012,2,3,0,6,0.94825206891604297
MET012,2,3,0,7,1.1129910047836098
MET012,2,3,0,8,1.2190508651185283
MET012,2,3,0,9,1.174464714784645
MET012,2,3,1,0,1.0230098506978671
MET012,2,3,1,1,1.0540033982457904
MET012,2,3,1,2,1.1881323885871831
MET012,2,3,1,3,1.1243372870174972
MET012,2,3,1,4,1.1258825252090616
MET012,2,3,1,5,1.1226500089564362
MET012,2,3,1,6,1.0018357742187152
MET012,2,3,1,7,1.1548494864210992
MET012,2,3,1,8,1.3912418026252025
MET012,2,3,1,9,1.2741107005890322
MET012,2,3,2,0,1.137319948536057
MET012,2,3,2,1,1.2335923168124134
MET012,2,3,2,2,1.024673942571781
MET012,2,3,2,3,1.1373936918225298
MET012,2,3,2,4,0.94580828047847443
MET012,2,3,2,5,0.95596601290539163
MET012,2,3,2,6,1.0392751381246677
MET012,2,3,2,7,1.0137427885696757
MET012,2,3,2,8,1.1207359370695782
MET012,2,3,2,9,1.3238109981604449
MET012,2,3,3,0,1.3612005798218365
MET012,2,3,3,1,1.0747625518898307
MET012,2,3,3,2,0.97861131395708523
MET012,2,3,3,3,0.92257075802297162
MET012,2,3,3,4,0.99573183394656839
MET012,2,3,3,5,0.89703343244301614
MET012,2,3,3,6,0.94085713864293996
MET012,2,3,3,7,1.0780418729514183
MET012,2,3,3,8,0.96773885683200922
MET012,2,3,3,9,0.96877587344306915
MET012,2,3,4,0,1.2334583722328625
MET012,2,3,4,1,1.0953732215744023
MET012,2,3,4,2,1.1497638250091096
MET012,2,3,4,3,0.90536136922069976
MET012,2,3,4,4,1.1265569870123435
MET012,2,3,4,5,0.86390609598769674
MET012,2,3,4,6,0.93806876284585838
MET012,2,3,4,7,1.1028005390407525
MET012,2,3,4,8,0.83523375668401245
MET012,2,3,4,9,1.0230384417851426
MET012,2,3,5,0,1.2438962190514466
MET012,2,3,5,1,1.1605078547191321
MET012,2,3,5,2,0.96285731238006778
MET012,2,3,5,3,0.83614366661517103
MET012,2,3,5,4,1.2750271714068786
MET012,2,3,5,5,0.93292575213782836
MET012,2,3,5,6,0.77993549976219312
MET012,2,3,5,7,0.82177626876179499
MET012,2,3,5,8,0.93564113210561062
MET012,2,3,5,9,1.173951925113589
MET012,2,3,6,0,1.2735019915101216
MET012,2,3,6,1,0.9831436402071656
MET012,2,3,6,2,0.87789561865956423
MET012,2,3,6,3,1.0455414892882444
MET012,2,3,6,4,0.80410559337544008
MET012,2,3,6,5,0.99965288189773438
MET012,2,3,6,6,1.0051116407455285
MET012,2,3,6,7,0.89638465723423466
MET012,2,3,6,8,1.0170825742637053
MET012,2,3,6,9,1.0743302144567459
MET012,2,3,7,0,1.0404566878360644
MET012,2,3,7,1,1.119501935083304
MET012,2,3,7,2,1.0310526007507002
MET012,2,3,7,3,0.94753510636197558
MET012,2,3,7,4,1.0889643437479053
MET012,2,3,7,5,0.82248258621093373
MET012,2,3,7,6,1.0682708234237352
MET012,2,3,7,7,1.0956010942152972
MET012,2,3,7,8,1.0231036686506381
MET012,2,3,7,9,0.99809723784512017
MET012,2,3,8,0,1.1306796474183047
MET012,2,3,8,1,1.1695042142531409
MET012,2,3,8,2,0.8938183927862664
MET012,2,3,8,3,0.96291897897484724
MET012,2,3,8,4,0.89189613711497262
MET012,2,3,8,5,1.0393591008657299
MET012,2,3,8,6,1.0776121218098331
MET012,2,3,8,7,1.0800370841286979
MET012,2,3,8,8,1.3180047253316616
MET012,2,3,8,9,1.1973171167674517
MET012,2,3,9,0,1.051965472166442
MET012,2,3,9,1,0.98250136632022844
MET012,2,3,9,2,0.85892105946885844
MET012,2,3,9,3,1.0716119503898645
MET012,2,3,9,4,0.95506649480846484
MET012,2,3,9,5,0.92679078514273405
MET012,2,3,9,6,1.0536849460953368
MET012,2,3,9,7,1.1241789985901971
MET012,2,3,9,8,1.2394011906123872
MET012,2,3,9,9,1.1015978956316641
MET012,2,4,0,0,1.0017118968857135
MET012,2,4,0,1,1.2558881395023671
MET012,2,4,0,2,1.2683446961269629
MET012,2,4,0,3,1.1437674291970381
MET012,2,4,0,4,1.0713192212228848
MET012,2,4,0,5,1.2208383756601418
MET012,2,4,0,6,1.2891631897875362
MET012,2,4,0,7,1.3409674418420441
MET012,2,4,0,8,1.0917410583491629
MET012,2,4,0,9,1.2004657361530151
MET012,2,4,1,0,1.308393514373972
MET012,2,4,1,1,0.95780641311796
MET012,2,4,1,2,1.279173064263375
MET012,2,4,1,3,1.14291833367045
MET012,2,4,1,4,1.1567146421063448
MET012,2,4,1,5,1.1100254037347668
MET012,2,4,1,6,1.0300444577440615
MET012,2,4,1,7,0.96398396314539003
MET012,2,4,1,8,1.2267145292704389
MET012,2,4,1,9,1.0379652089683542
MET012,2,4,2,0,1.2705678178599964
MET012,2,4,2,1,1.0606641948836404
MET012,2,4,2,2,1.1679635576488561
MET012,2,4,2,3,1.0658980112897689
MET012,2,4,2,4,0.97048440636738142
MET012,2,4,2,5,0.80225884874609732
MET012,2,4,2,6,0.87104728272570953
MET012,2,4,2,7,1.0379045545124641
MET012,2,4,2,8,1.1099259668900574
MET012,2,4,2,9,1.2653855826268725
MET012,2,4,3,0,1.4695748757514997
MET012,2,4,3,1,1.1846264518271417
MET012,2,4,3,2,1.0790175370904465
MET012,2,4,3,3,1.0352677345977437
MET012,2,4,3,4,1.0484765106311842
MET012,2,4,3,5,1.0201799340865447
MET012,2,4,3,6,0.81608750750489922
MET012,2,4,3,7,0.93732069956516284
MET012,2,4,3,8,0.85794707944365567
MET012,2,4,3,9,1.1206711156476197
MET012,2,4,4,0,1.3603297432416903
MET012,2,4,4,1,1.455494422571022
MET012,2,4,4,2,1.1131178776840498
MET012,2,4,4,3,0.99005546453765758
MET012,2,4,4,4,0.95171462740704305
MET012,2,4,4,5,0.78986573690860773
MET012,2,4,4,6,0.81806863149421871
MET012,2,4,4,7,0.97341056711749596
MET012,2,4,4,8,0.93750070006282715
MET012,2,4,4,9,0.96092091496411958
MET012,2,4,5,0,1.4149565047629815
MET012,2,4,5,1,0.98326269562950841
MET012,2,4,5,2,0.91296822659680599
MET012,2,4,5,3,0.84217551388236334
MET012,2,4,5,4,1.1298179723033444
MET012,2,4,5,5,1.0751614951409461
MET012,2,4,5,6,1.0173752635346809
MET012,2,4,5,7,0.98970819138965005
MET012,2,4,5,8,1.2583880028565797
MET012,2,4,5,9,0.95877630440263339
MET012,2,4,6,0,1.1233958427277022
MET012,2,4,6,1,0.9972390962048584
MET012,2,4,6,2,1.0403269011462657
MET012,2,4,6,3,0.94335873827109162
MET012,2,4,6,4,0.83680153158654424
MET012,2,4,6,5,1.1153856260850421
MET012,2,4,6,6,0.80148002712175737
MET012,2,4,6,7,0.72252118999621451
MET012,2,4,6,8,0.89772583595983624
MET012,2,4,6,9,1.0082625055142549
MET012,2,4,7,0,1.028136361453865
MET012,2,4,7,1,0.94667098252017456
MET012,2,4,7,2,0.98457502049385959
MET012,2,4,7,3,1.0480929834364314
MET012,2,4,7,4,1.0491438621987768
MET012,2,4,7,5,0.85856992673192112
MET012,2,4,7,6,1.1141364239590967
MET012,2,4,7,7,0.86965861572629233
MET012,2,4,7,8,0.79361954953279745
MET012,2,4,7,9,0.91152117533268817
MET012,2,4,8,0,0.90428750596455043
MET012,2,4,8,1,0.97570501662065856
MET012,2,4,8,2,1.0781214290943806
MET012,2,4,8,3,0.98243788280813082
MET012,2,4,8,4,1.0051872077330763
MET012,2,4,8,5,0.86105227555198105
MET012,2,4,8,6,0.8964312806311987
MET012,2,4,8,7,0.95210776288736243
MET012,2,4,8,8,1.039258829219643
MET012,2,4,8,9,1.0687184597716255
MET012,2,4,9,0,0.86334871758716969
MET012,2,4,9,1,1.1500838714579271
MET012,2,4,9,2,0.78715769722918272
MET012,2,4,9,3,0.95219438648548382
MET012,2,4,9,4,1.0264817175288032
MET012,2,4,9,5,0.88051881071154181
MET012,2,4,9,6,0.99438870509594601
MET012,2,4,9,7,0.95618426173979321
MET012,2,4,9,8,1.2426493284104181
MET012,2,4,9,9,0.99813584319091442
MET015,1,1,0,0,1.4397845204711082
MET015,1,1,0,1,1.4146273008771468
MET015,1,1,0,2,1.4102987852932551
MET015,1,1,0,3,1.2885609001547949
MET015,1,1,0,4,1.2166021003940688
MET015,1,1,0,5,1.4410404976353188
MET015,1,1,0,6,1.2168817745851248
MET015,1,1,0,7,1.3033905215316364
MET015,1,1,0,8,1.1122605510297741
MET015,1,1,0,9,0.91272114945985183
MET015,1,1,1,0,1.3605570533597593
MET015,1,1,1,1,1.3900533480936583
MET015,1,1,1,2,1.269754537173597
MET015,1,1,1,3,1.3166104994965526
MET015,1,1,1,4,1.2844678150766999
MET015,1,1,1,5,1.2836082850100192
MET015,1,1,1,6,1.2187987934728275
MET015,1,1,1,7,1.2337612917748
MET015,1,1,1,8,0.98665798269793603
MET015,1,1,1,9,1.1727605624691011
MET015,1,1,2,0,1.4230873446899794
MET015,1,1,2,1,1.0798697014638734
MET015,1,1,2,2,1.3559261437649262
MET015,1,1,2,3,1.3599540748142165
MET015,1,1,2,4,1.3683652371532458
MET015,1,1,2,5,1.0817616055189865
MET015,1,1,2,6,1.1200561584125741
MET015,1,1,2,7,1.1610282344969345
MET015,1,1,2,8,1.1256568749542482
MET015,1,1,2,9,1.2260424427037422
MET015,1,1,3,0,1.2929251145505141
MET015,1,1,3,1,1.3601113643910971
MET015,1,1,3,2,1.4812036508409956
MET015,1,1,3,3,1.0620106647996217
MET015,1,1,3,4,1.2201514243286216
MET015,1,1,3,5,1.2296982654975379
MET015,1,1,3,6,0.84750664102433437
MET015,1,1,3,7,1.036781427465185
MET015,1,1,3,8,1.1983312555672649
MET015,1,1,3,9,1.1845802269892891
MET015,1,1,4,0,1.1461406200241215
MET015,1,1,4,1,1.4258229343989866
MET015,1,1,4,2,1.0193594355573203
MET015,1,1,4,3,1.1954092967569323
MET015,1,1,4,4,1.2203350846570451
MET015,1,1,4,5,0.8168821419153246
MET015,1,1,4,6,1.0740115509621913
MET015,1,1,4,7,1.2016119558717351
MET015,1,1,4,8,1.3525595607407803
MET015,1,1,4,9,1.3357697479181725
MET015,1,1,5,0,1.3122789827100223
MET015,1,1,5,1,1.3133878266718229
MET015,1,1,5,2,1.144960002339219
MET015,1,1,5,3,1.1917550785262034
MET015,1,1,5,4,0.91144818151326723
MET015,1,1,5,5,0.82158124681591482
MET015,1,1,5,6,1.3270934218977408
MET015,1,1,5,7,1.2041417868770281
MET015,1,1,5,8,1.3104490595708158
MET015,1,1,5,9,1.2632831734146293
MET015,1,1,6,0,1.2935756461739578
MET015,1,1,6,1,1.0705293643910734
MET015,1,1,6,2,1.0797567160268375
MET015,1,1,6,3,0.91368108160780925
MET015,1,1,6,4,0.88584708376114651
MET015,1,1,6,5,1.4813531903754309
MET015,1,1,6,6,1.227965913861174
MET015,1,1,6,7,1.2722411899200896
MET015,1,1,6,8,1.1999802171437437
MET015,1,1,6,9,1.30402191271207
MET015,1,1,7,0,1.2308021042566517
MET015,1,1,7,1,1.1634759337370957
MET015,1,1,7,2,1.0289463777747314
MET015,1,1,7,3,0.84279759791603859
MET015,1,1,7,4,1.2045138427966122
MET015,1,1,7,5,1.1642472875807142
MET015,1,1,7,6,1.3810148144406864
MET015,1,1,7,7,1.3098249462299181
MET015,1,1,7,8,1.3952929834274512
MET015,1,1,7,9,1.4520260790376269
MET015,1,1,8,0,1.0122248000194642
MET015,1,1,8,1,0.90862661368304765
MET015,1,1,8,2,1.0131970306013225
MET015,1,1,8,3,1.0187166639561718
MET015,1,1,8,4,1.384791781203873
MET015,1,1,8,5,1.1629367757367226
MET015,1,1,8,6,1.3742228116210791
MET015,1,1,8,7,1.0983228498262083
MET015,1,1,8,8,1.4292547026343403
MET015,1,1,8,9,1.1547884948461771
MET015,1,1,9,0,1.1505981575085829
MET015,1,1,9,1,1.1220423554619201
MET015,1,1,9,2,1.1482564747282271
MET015,1,1,9,3,1.2621485864429849
MET015,1,1,9,4,1.4082649257899762
MET015,1,1,9,5,1.2293132529364477
MET015,1,1,9,6,0.9380165359617868
MET015,1,1,9,7,1.3884715179716609
MET015,1,1,9,8,1.3951393792224518
MET015,1,1,9,9,1.4552387062879999
MET015,1,2,0,0,1.2976168755750248
MET015,1,2,0,1,1.6188592830768858
MET015,1,2,0,2,1.1744285195987914
MET015,1,2,0,3,1.0911490535279271
MET015,1,2,0,4,1.1591207491218607
MET015,1,2,0,5,1.4709415684222538
MET015,1,2,0,6,1.4574814236206814
MET015,1,2,0,7,1.1576232006852374
MET015,1,2,0,8,0.95186930262029479
MET015,1,2,0,9,0.8062657681109815
MET015,1,2,1,0,1.4438621392315505
MET015,1,2,1,1,1.2424977940048088
MET015,1,2,1,2,1.2951307595766544
MET015,1,2,1,3,1.481973502731035
MET015,1,2,1,4,1.4338535550677924
MET015,1,2,1,5,1.4613771220015697
MET015,1,2,1,6,1.28975805404218
MET015,1,2,1,7,1.1382804491838134
MET015,1,2,1,8,0.97390353328466484
MET015,1,2,1,9,1.1088418589477684
MET015,1,2,2,0,1.5287010572888922
MET015,1,2,2,1,1.2479787317079476
MET015,1,2,2,2,1.3996157097301567
MET015,1,2,2,3,1.3255046208912744
MET015,1,2,2,4,1.2491214259558101
MET015,1,2,2,5,1.253702629512307
MET015,1,2,2,6,1.1786273625075456
MET015,1,2,2,7,0.96761113401419918
MET015,1,2,2,8,0.99188663136055699
MET015,1,2,2,9,1.206968562704265
MET015,1,2,3,0,1.3501837866086466
MET015,1,2,3,1,1.455431931454936
MET015,1,2,3,2,1.1405720970279705
MET015,1,2,3,3,1.3066144075466104
MET015,1,2,3,4,1.2902941133624362
MET015,1,2,3,5,0.97821305291435123
MET015,1,2,3,6,1.0556522458947382
MET015,1,2,3,7,0.94790653592872576
MET015,1,2,3,8,1.371203164161392
MET015,1,2,3,9,1.109201668654122
MET015,1,2,4,0,1.2187914378446552
MET015,1,2,4,1,1.3338681773445626
MET015,1,2,4,2,1.4674547820789894
MET015,1,2,4,3,1.3303584679713276
MET015,1,2,4,4,1.2142891479385065
MET015,1,2,4,5,0.88946905924237407
MET015,1,2,4,6,1.3200902231103111
MET015,1,2,4,7,1.3869458042311438
MET015,1,2,4,8,1.5456402983564093
MET015,1,2,4,9,1.2327828992432599
MET015,1,2,5,0,1.0418349937909386
MET015,1,2,5,1,1.2523046941265468
MET015,1,2,5,2,1.3547737798562327
MET015,1,2,5,3,0.91987585832137597
MET015,1,2,5,4,0.874593389376076
MET015,1,2,5,5,1.1324360709786918
MET015,1,2,5,6,0.9814516283771928
MET015,1,2,5,7,1.4617310616139738
MET015,1,2,5,8,1.2725201687820098
MET015,1,2,5,9,1.3977053232708658
MET015,1,2,6,0,1.253929199684612
MET015,1,2,6,1,0.89513916936842841
MET015,1,2,6,2,1.2422673563894358
MET015,1,2,6,3,0.90437827472132204
MET015,1,2,6,4,1.0083753830418249
MET015,1,2,6,5,1.0707319028253328
MET015,1,2,6,6,1.3795857146292869
MET015,1,2,6,7,1.1864858703350578
MET015,1,2,6,8,1.2165128947508528
MET015,1,2,6,9,1.4042629161229261
MET015,1,2,7,0,1.2486135605800055
MET015,1,2,7,1,1.0401351814682234
MET015,1,2,7,2,0.87709978594854432
MET015,1,2,7,3,1.1306687856489039
MET015,1,2,7,4,1.1410541991465202
MET015,1,2,7,5,1.2678860435111388
MET015,1,2,7,6,1.5753165987613631
MET015,1,2,7,7,1.5352955449519825
MET015,1,2,7,8,1.2989214578047441
MET015,1,2,7,9,1.41183761476565
MET015,1,2,8,0,1.1016707347005661
MET015,1,2,8,1,0.94745598701378442
MET015,1,2,8,2,0.99040109290435563
MET015,1,2,8,3,1.1322179938294257
MET015,1,2,8,4,1.243532238731009
MET015,1,2,8,5,1.3615338412934883
MET015,1,2,8,6,1.4282512654452673
MET015,1,2,8,7,1.433476977337391
MET015,1,2,8,8,1.4282212773684917
MET015,1,2,8,9,1.2937379579626311
MET015,1,2,9,0,0.93435968921610701
MET015,1,2,9,1,0.94023489067039079
MET015,1,2,9,2,1.1012331375883282
MET015,1,2,9,3,1.1828425462164411
MET015,1,2,9,4,1.1484174136364884
MET015,1,2,9,5,1.1710508160515625
MET015,1,2,9,6,1.6236680604273179
MET015,1,2,9,7,1.492063607881809
MET015,1,2,9,8,1.4991701920460192
MET015,1,2,9,9,1.3667030269460714
MET015,1,3,0,0,1.364358111078755
MET015,1,3,0,1,1.4313058308419817
MET015,1,3,0,2,1.3184869669338672
MET015,1,3,0,3,1.005590111733166
MET015,1,3,0,4,1.1883760045495566
MET015,1,3,0,5,1.4646030897136435
MET015,1,3,0,6,1.2273432848639236
MET015,1,3,0,7,1.2699838162356889
MET015,1,3,0,8,1.1604185850233306
MET015,1,3,0,9,1.1179929897251546
MET015,1,3,1,0,1.3895375232021676
MET015,1,3,1,1,1.1497596304020312
MET015,1,3,1,2,1.199620631106012
MET015,1,3,1,3,1.007076728097309
MET015,1,3,1,4,1.4443940458632942
MET015,1,3,1,5,1.4980748596519975
MET015,1,3,1,6,1.2836905651825177
MET015,1,3,1,7,1.0325421272627775
MET015,1,3,1,8,1.2517545844728599
MET015,1,3,1,9,1.0132862452517384
MET015,1,3,2,0,1.3002828953022989
MET015,1,3,2,1,1.2436834132864756
MET015,1,3,2,2,1.3847224483656189
MET015,1,3,2,3,1.4876600209819919
MET015,1,3,2,4,1.1286743106253341
MET015,1,3,2,5,1.2309228554244551
MET015,1,3,2,6,1.2762262566755187
MET015,1,3,2,7,0.94252302452120995
MET015,1,3,2,8,1.1940017149309974
MET015,1,3,2,9,1.1531105885751185
MET015,1,3,3,0,1.235653696325828
MET015,1,3,3,1,1.3091869083518943
MET015,1,3,3,2,1.0321133182541449
MET015,1,3,3,3,1.226806555822612
MET015,1,3,3,4,1.2004081517965672
MET015,1,3,3,5,1.0258760012085406
MET015,1,3,3,6,1.0139326443765333
MET015,1,3,3,7,1.2678884654536324
MET015,1,3,3,8,1.2323812607800966
MET015,1,3,3,9,1.2525387971344166
MET015,1,3,4,0,1.2788708858333309
MET015,1,3,4,1,1.2835317765200966
MET015,1,3,4,2,1.1357705599212844
MET015,1,3,4,3,1.2433309369867374
MET015,1,3,4,4,1.2914895814282965
MET015,1,3,4,5,0.90301906408485999
MET015,1,3,4,6,1.1032821110415525
MET015,1,3,4,7,1.2372340927958962
MET015,1,3,4,8,1.1410030584003026
MET015,1,3,4,9,1.3235003283760094
MET015,1,3,5,0,1.1708495121671227
MET015,1,3,5,1,1.4099937913653431
MET015,1,3,5,2,1.2766987506171747
MET015,1,3,5,3,1.1481064671310679
MET015,1,3,5,4,0.9536232436790758
MET015,1,3,5,5,1.2082971992425295
MET015,1,3,5,6,1.1378100065719938
MET015,1,3,5,7,1.3361824100390265
MET015,1,3,5,8,1.4328817219782126
MET015,1,3,5,9,1.3759243822900262
MET015,1,3,6,0,1.3334678859758158
MET015,1,3,6,1,1.3011849379819158
MET015,1,3,6,2,0.97519780084992336
MET015,1,3,6,3,1.0576347225965392
MET015,1,3,6,4,1.0861529747493739
MET015,1,3,6,5,1.4792632692768903
MET015,1,3,6,6,1.3929936765910085
MET015,1,3,6,7,1.3538958482653862
MET015,1,3,6,8,1.4601633499259106
MET015,1,3,6,9,1.2159549336670672
MET015,1,3,7,0,1.0946671277815172
MET015,1,3,7,1,1.2001069907109236
MET015,1,3,7,2,1.1456208052246957
MET015,1,3,7,3,1.157518047720099
MET015,1,3,7,4,1.1826201041272386
MET015,1,3,7,5,1.1537944425621758
MET015,1,3,7,6,1.3500419641957857
MET015,1,3,7,7,1.1252680862129605
MET015,1,3,7,8,1.285319483382215
MET015,1,3,7,9,0.95079509014318797
MET015,1,3,8,0,1.1058325934317139
MET015,1,3,8,1,1.2869533117071372
MET015,1,3,8,2,1.0258077196925148
MET015,1,3,8,3,1.3155440551916311
MET015,1,3,8,4,1.2348099671313126
MET015,1,3,8,5,1.3308764776168429
MET015,1,3,8,6,1.3355038193426465
MET015,1,3,8,7,1.2875466770194348
MET015,1,3,8,8,1.1851077506577257
MET015,1,3,8,9,1.0279970242673968
MET015,1,3,9,0,1.0376642439528816
MET015,1,3,9,1,0.93239671795214341
MET015,1,3,9,2,1.1232746088704544
MET015,1,3,9,3,1.2037981836668132
MET015,1,3,9,4,1.4147667579725354
MET015,1,3,9,5,1.2990702638989575
MET015,1,3,9,6,1.338288895360408
MET015,1,3,9,7,1.2121129091261726
MET015,1,3,9,8,1.1407496521545919
MET015,1,3,9,9,1.231089145608389
MET015,1,4,0,0,1.6016314634869231
MET015,1,4,0,1,1.3813968056673684
MET015,1,4,0,2,1.3478013216905389
MET015,1,4,0,3,1.1974736307289404
MET015,1,4,0,4,1.3972452949149867
MET015,1,4,0,5,1.2400037919455174
MET015,1,4,0,6,1.3174807660243919
MET015,1,4,0,7,1.3630948538358232
MET015,1,4,0,8,1.1781139517466217
MET015,1,4,0,9,1.2053484704970838
MET015,1,4,1,0,1.4582065427008863
MET015,1,4,1,1,1.3572573729921218
MET015,1,4,1,2,1.3422495964505672
MET015,1,4,1,3,1.2348695911053873
MET015,1,4,1,4,1.2551724534919482
MET015,1,4,1,5,1.3858662187380431
MET015,1,4,1,6,1.4902752153957488
MET015,1,4,1,7,0.88097612102954426
MET015,1,4,1,8,1.1089662691070676
MET015,1,4,1,9,0.99630376283884203
MET015,1,4,2,0,1.1654110005694689
MET015,1,4,2,1,1.3615801823571383
MET015,1,4,2,2,1.4491815368715335
MET015,1,4,2,3,1.2947126198745516
MET015,1,4,2,4,1.1126512192526907
MET015,1,4,2,5,1.1927021133265043
MET015,1,4,2,6,1.22058084887754
MET015,1,4,2,7,0.79608082958391269
MET015,1,4,2,8,1.0242887617959386
MET015,1,4,2,9,1.0684675264437946
MET015,1,4,3,0,1.6853960596962387
MET015,1,4,3,1,1.2250454409264038
MET015,1,4,3,2,0.95813321745510005
MET015,1,4,3,3,1.1812276238205319
MET015,1,4,3,4,1.3123176410246671
MET015,1,4,3,5,1.1553611663122203
MET015,1,4,3,6,0.88422813468790096
MET015,1,4,3,7,0.86331487889137093
MET015,1,4,3,8,0.85762638657328205
MET015,1,4,3,9,1.1060891294710364
MET015,1,4,4,0,1.2433555863886669
MET015,1,4,4,1,1.1562549576417605
MET015,1,4,4,2,0.90033361359287734
MET015,1,4,4,3,1.2818360833344904
MET015,1,4,4,4,0.9557255959219324
MET015,1,4,4,5,0.81454521827030435
MET015,1,4,4,6,1.1666921726640025
MET015,1,4,4,7,1.2493610103391657
MET015,1,4,4,8,1.0895283141647465
MET015,1,4,4,9,1.0776789566289742
MET015,1,4,5,0,0.88724909113894246
MET015,1,4,5,1,1.0720228089877044
MET015,1,4,5,2,1.2822878687633446
MET015,1,4,5,3,1.0084922594302961
MET015,1,4,5,4,0.96670645601087402
MET015,1,4,5,5,1.1309408885008296
MET015,1,4,5,6,1.2198992768163404
MET015,1,4,5,7,1.0004276833804535
MET015,1,4,5,8,0.93969900080636082
MET015,1,4,5,9,1.0333270678636868
MET015,1,4,6,0,1.2188737067406112
MET015,1,4,6,1,1.217801544405573
MET015,1,4,6,2,0.98011115953263639
MET015,1,4,6,3,1.031573031997945
MET015,1,4,6,4,0.99638153259667583
MET015,1,4,6,5,1.2441699741526664
MET015,1,4,6,6,1.0981233567515634
MET015,1,4,6,7,1.0927511140018435
MET015,1,4,6,8,0.98060888357951403
MET015,1,4,6,9,1.1355895729456511
MET015,1,4,7,0,1.0819239792423661
MET015,1,4,7,1,1.1271196820661529
MET015,1,4,7,2,0.96021857249829379
MET015,1,4,7,3,1.1567444811906062
MET015,1,4,7,4,1.1807550777209737
MET015,1,4,7,5,0.94043389016365919
MET015,1,4,7,6,0.99816017391903877
MET015,1,4,7,7,1.1111931559679034
MET015,1,4,7,8,0.98109406301716195
MET015,1,4,7,9,1.0227212831461676
MET015,1,4,8,0,1.1623459789625701
MET015,1,4,8,1,1.1445895933620296
MET015,1,4,8,2,0.98010807743327355
MET015,1,4,8,3,1.0469585815659033
MET015,1,4,8,4,1.2376771427001148
MET015,1,4,8,5,1.0264102216674411
MET015,1,4,8,6,0.99446053431088877
MET015,1,4,8,7,1.0510050199140266
MET015,1,4,8,8,1.114501781023685
MET015,1,4,8,9,1.2300433598033105
MET015,1,4,9,0,0.9681657282688676
MET015,1,4,9,1,1.0456373646497441
MET015,1,4,9,2,1.1693275274712056
MET015,1,4,9,3,0.9830729941723676
MET015,1,4,9,4,0.98430713386002755
MET015,1,4,9,5,1.1312850834086461
MET015,1,4,9,6,1.3409225451731317
MET015,1,4,9,7,1.039974989032616
MET015,1,4,9,8,1.0533254010267667
MET015,1,4,9,9,0.99404986665969841
MET016,1,1,0,0,1.2973128682977877
MET016,1,1,0,1,1.3070498715082093
MET016,1,1,0,2,1.5136834275937836
MET016,1,1,0,3,1.3068811028247111
MET016,1,1,0,4,1.1448741440473484
MET016,1,1,0,5,1.1264645030343312
MET016,1,1,0,6,1.3818699319233381
MET016,1,1,0,7,1.2139100911441436
MET016,1,1,0,8,1.3356469159740958
MET016,1,1,0,9,1.1422394851055735
MET016,1,1,1,0,1.4990885600751904
MET016,1,1,1,1,1.2713514768475098
MET016,1,1,1,2,1.4648448575467361
MET016,1,1,1,3,1.1510599733836271
MET016,1,1,1,4,1.1263140772134763
MET016,1,1,1,5,1.324862251627106
MET016,1,1,1,6,1.4004346018965592
MET016,1,1,1,7,1.2292550714038113
MET016,1,1,1,8,1.0992304058884459
MET016,1,1,1,9,1.2245780318694082
MET016,1,1,2,0,1.5382654733651526
MET016,1,1,2,1,1.1630208125765451
MET016,1,1,2,2,1.4752392615873111
MET016,1,1,2,3,1.0646356378656576
MET016,1,1,2,4,1.3874692885872799
MET016,1,1,2,5,1.0937865944037459
MET016,1,1,2,6,1.1699209028269311
MET016,1,1,2,7,0.96871602103340537
MET016,1,1,2,8,1.0322467529520478
MET016,1,1,2,9,1.0220025918434548
MET016,1,1,3,0,1.0743072716308106
MET016,1,1,3,1,1.2053662604608
MET016,1,1,3,2,1.0360988644925571
MET016,1,1,3,3,1.1277548858689972
MET016,1,1,3,4,0.75598191933298509
MET016,1,1,3,5,0.74188741951761816
MET016,1,1,3,6,0.91147155910488376
MET016,1,1,3,7,0.88271838868268004
MET016,1,1,3,8,0.78310486067859619
MET016,1,1,3,9,0.81467018631555554
MET016,1,1,4,0,0.79198851675156812
MET016,1,1,4,1,0.8724975188663221
MET016,1,1,4,2,0.84680609412535146
MET016,1,1,4,3,0.80554348044993962
MET016,1,1,4,4,0.70956801749594078
MET016,1,1,4,5,0.86604597895222346
MET016,1,1,4,6,0.89480757970656044
MET016,1,1,4,7,0.91091094529452821
MET016,1,1,4,8,0.76968264103531925
MET016,1,1,4,9,0.88366174451032908
MET016,1,1,5,0,0.65844249637250074
MET016,1,1,5,1,0.90490128577204321
MET016,1,1,5,2,0.949882557404093
MET016,1,1,5,3,1.0012506089886173
MET016,1,1,5,4,0.83704011697171754
MET016,1,1,5,5,0.96262361511391203
MET016,1,1,5,6,1.0906585309890309
MET016,1,1,5,7,1.1069070828255074
MET016,1,1,5,8,1.1306542847026022
MET016,1,1,5,9,1.0639478167908276
MET016,1,1,6,0,1.0319307973651095
MET016,1,1,6,1,0.95240685549328064
MET016,1,1,6,2,0.87551430705750766
MET016,1,1,6,3,1.1542579330476697
MET016,1,1,6,4,1.1164997783094126
MET016,1,1,6,5,1.0528540836970739
MET016,1,1,6,6,1.1990325631909964
MET016,1,1,6,7,0.99953929526848762
MET016,1,1,6,8,1.1335026139096298
MET016,1,1,6,9,0.94713252515200197
MET016,1,1,7,0,1.1835624842230781
MET016,1,1,7,1,1.1398899874080282
MET016,1,1,7,2,1.2785641952368614
MET016,1,1,7,3,1.1095167291099632
MET016,1,1,7,4,1.3282394929502557
MET016,1,1,7,5,1.1850057200078123
MET016,1,1,7,6,1.19132889697745
MET016,1,1,7,7,1.1769884256200169
MET016,1,1,7,8,1.0615924655659807
MET016,1,1,7,9,1.2683912603653549
MET016,1,1,8,0,1.1607305483436083
MET016,1,1,8,1,1.2363860309945855
MET016,1,1,8,2,1.091048263562937
MET016,1,1,8,3,1.3613069343200339
MET016,1,1,8,4,1.2346256897043435
MET016,1,1,8,5,0.93244124336176182
MET016,1,1,8,6,1.1589403168125401
MET016,1,1,8,7,1.1291599280222135
MET016,1,1,8,8,1.0381025182357675
MET016,1,1,8,9,1.0935849667856052
MET016,1,1,9,0,1.0979758306986114
MET016,1,1,9,1,1.1200634958277658
MET016,1,1,9,2,1.2130633064906993
MET016,1,1,9,3,1.2232579766721561
MET016,1,1,9,4,1.1459187977002718
MET016,1,1,9,5,1.080175171091134
MET016,1,1,9,6,1.098868620312258
MET016,1,1,9,7,1.5030753510560009
MET016,1,1,9,8,1.128005788104304
MET016,1,1,9,9,1.2146971028299991
MET016,1,2,0,0,1.3452535068248002
MET016,1,2,0,1,1.5844918018888925
MET016,1,2,0,2,1.4792462589117603
MET016,1,2,0,3,1.1247008808564705
MET016,1,2,0,4,1.5901058098552383
MET016,1,2,0,5,1.2605710991606141
MET016,1,2,0,6,1.4993156707425721
MET016,1,2,0,7,1.144840180041375
MET016,1,2,0,8,1.1160182604995683
MET016,1,2,0,9,1.4781874860223221
MET016,1,2,1,0,1.4879651785424053
MET016,1,2,1,1,1.2628358379147984
MET016,1,2,1,2,1.3991038729337897
MET016,1,2,1,3,1.2521336867722637
MET016,1,2,1,4,1.3712866457123418
MET016,1,2,1,5,1.1857862670920789
MET016,1,2,1,6,1.276021633675352
MET016,1,2,1,7,1.2773022254919213
MET016,1,2,1,8,1.2603115235327351
MET016,1,2,1,9,1.1116039547609695
MET016,1,2,2,0,1.4507020668111601
MET016,1,2,2,1,1.283902639277233
MET016,1,2,2,2,1.1201391758187096
MET016,1,2,2,3,1.2797442434879729
MET016,1,2,2,4,1.1289255545243366
MET016,1,2,2,5,1.2370457363924234
MET016,1,2,2,6,1.0026661265805985
MET016,1,2,2,7,1.0862278477375915
MET016,1,2,2,8,0.98265108751218677
MET016,1,2,2,9,0.79981653361105742
MET016,1,2,3,0,1.1140712677114049
MET016,1,2,3,1,1.2420793394367362
MET016,1,2,3,2,1.2539660508177823
MET016,1,2,3,3,1.1358590449656238
MET016,1,2,3,4,1.0638913538128176
MET016,1,2,3,5,1.0186608212878732
MET016,1,2,3,6,0.86931734079355982
MET016,1,2,3,7,0.83594950460477724
MET016,1,2,3,8,0.76636233715366953
MET016,1,2,3,9,0.80924360183010025
MET016,1,2,4,0,0.98295259884147845
MET016,1,2,4,1,0.82026077866810521
MET016,1,2,4,2,1.0057592014548011
MET016,1,2,4,3,0.82497442639754581
MET016,1,2,4,4,0.66727228190014942
MET016,1,2,4,5,0.85523042910618463
MET016,1,2,4,6,0.75212449306435458
MET016,1,2,4,7,1.043970301385974
MET016,1,2,4,8,0.93099543206933322
MET016,1,2,4,9,0.84952212439613828
MET016,1,2,5,0,0.91794587412541118
MET016,1,2,5,1,0.94361804551355044
MET016,1,2,5,2,1.1806108545141296
MET016,1,2,5,3,0.6909266190008817
MET016,1,2,5,4,0.86974417414007021
MET016,1,2,5,5,0.85931085518663608
MET016,1,2,5,6,1.0615169396755879
MET016,1,2,5,7,1.0442827769953646
MET016,1,2,5,8,1.1053153813374688
MET016,1,2,5,9,1.1408035766420466
MET016,1,2,6,0,1.3970385447554616
MET016,1,2,6,1,1.0392972989233795
MET016,1,2,6,2,1.2930264678354042
MET016,1,2,6,3,1.3619431424428201
MET016,1,2,6,4,1.074723723028213
MET016,1,2,6,5,1.1030284549008571
MET016,1,2,6,6,1.1662173321086045
MET016,1,2,6,7,1.0497086206434636
MET016,1,2,6,8,0.99644798496323361
MET016,1,2,6,9,1.1186249572034821
MET016,1,2,7,0,0.98776477588176481
MET016,1,2,7,1,1.1680019141566569
MET016,1,2,7,2,1.2266894940884343
MET016,1,2,7,3,1.1544440501352786
MET016,1,2,7,4,1.1087147108372739
MET016,1,2,7,5,1.4566447358807111
MET016,1,2,7,6,1.1036236473602394
MET016,1,2,7,7,1.470260936279806
MET016,1,2,7,8,1.3590195998161445
MET016,1,2,7,9,1.1623145773711523
MET016,1,2,8,0,1.1256886756191515
MET016,1,2,8,1,1.197054212084073
MET016,1,2,8,2,1.2787633178129181
MET016,1,2,8,3,1.4705481206604647
MET016,1,2,8,4,1.4474081157514771
MET016,1,2,8,5,1.1255804528408959
MET016,1,2,8,6,1.4334084573408117
MET016,1,2,8,7,1.1992061371423997
MET016,1,2,8,8,1.2357826207100779
MET016,1,2,8,9,1.2641468939793501
MET016,1,2,9,0,1.5043724754821808
MET016,1,2,9,1,1.4612038679064925
MET016,1,2,9,2,1.1913296102868214
MET016,1,2,9,3,1.4324529961528549
MET016,1,2,9,4,1.2337929283632976
MET016,1,2,9,5,1.3757139367399909
MET016,1,2,9,6,1.3996452435719908
MET016,1,2,9,7,1.2542931463675351
MET016,1,2,9,8,1.2617256590978814
MET016,1,2,9,9,1.4878007939492868
MET016,1,3,0,0,1.4156493402722448
MET016,1,3,0,1,1.3487734969074978
MET016,1,3,0,2,1.6369755704884787
MET016,1,3,0,3,1.4008301693144225
MET016,1,3,0,4,1.4481596232463734
MET016,1,3,0,5,1.5068617191873359
MET016,1,3,0,6,1.1250929798575635
MET016,1,3,0,7,1.1306663978933531
MET016,1,3,0,8,1.2154888153326198
MET016,1,3,0,9,1.0660225823059557
MET016,1,3,1,0,1.3800242449815676
MET016,1,3,1,1,1.3099469740274297
MET016,1,3,1,2,1.5400344513219668
MET016,1,3,1,3,1.5115149265316437
MET016,1,3,1,4,1.2866323020849912
MET016,1,3,1,5,1.2316347852442635
MET016,1,3,1,6,1.3685698233416574
MET016,1,3,1,7,1.17339532159402
MET016,1,3,1,8,1.4296560616060785
MET016,1,3,1,9,1.1669604299059204
MET016,1,3,2,0,1.5304583126326117
MET016,1,3,2,1,1.4723310898816888
MET016,1,3,2,2,1.3821227520152426
MET016,1,3,2,3,1.3449255455888307
MET016,1,3,2,4,1.2401563894095329
MET016,1,3,2,5,1.1796307760186022
MET016,1,3,2,6,1.1387845133673673
MET016,1,3,2,7,1.0980975807223501
MET016,1,3,2,8,0.83927392395309652
MET016,1,3,2,9,0.80660094754475142
MET016,1,3,3,0,1.3499184662195769
MET016,1,3,3,1,1.2755167290409819
MET016,1,3,3,2,0.9950207521613732
MET016,1,3,3,3,1.0504852936715781
MET016,1,3,3,4,1.0454460589592811
MET016,1,3,3,5,0.85381631345143649
MET016,1,3,3,6,0.70806363247886883
MET016,1,3,3,7,0.7726261617535084
MET016,1,3,3,8,0.83446330342266217
MET016,1,3,3,9,0.74194977523754035
MET016,1,3,4,0,0.83614481524387663
MET016,1,3,4,1,0.78088784033786873
MET016,1,3,4,2,0.79932250267816918
MET016,1,3,4,3,0.86632741202577346
MET016,1,3,4,4,0.81350456976065222
MET016,1,3,4,5,0.82005169406548106
MET016,1,3,4,6,0.86926726347737715
MET016,1,3,4,7,0.88838063942481416
MET016,1,3,4,8,0.93685838378750075
MET016,1,3,4,9,0.85921030578662572
MET016,1,3,5,0,0.94591394329924716
MET016,1,3,5,1,0.79099374412128198
MET016,1,3,5,2,0.8812346391377387
MET016,1,3,5,3,0.88722550167736358
MET016,1,3,5,4,0.87125072538123727
MET016,1,3,5,5,1.0050653165850325
MET016,1,3,5,6,0.87000283569028269
MET016,1,3,5,7,0.99719783963385678
MET016,1,3,5,8,0.98568718540829636
MET016,1,3,5,9,1.1199481487533041
MET016,1,3,6,0,1.1363986521347715
MET016,1,3,6,1,1.0757282309991736
MET016,1,3,6,2,1.2146242526799214
MET016,1,3,6,3,1.053311760445542
MET016,1,3,6,4,1.0596166195032111
MET016,1,3,6,5,1.035980747803001
MET016,1,3,6,6,1.1478658645763171
MET016,1,3,6,7,0.90738398624801275
MET016,1,3,6,8,0.92276994981043603
MET016,1,3,6,9,1.2952196758518602
MET016,1,3,7,0,1.1725730396262231
MET016,1,3,7,1,1.0394855978627695
MET016,1,3,7,2,1.0958088286715963
MET016,1,3,7,3,1.1219083311714435
MET016,1,3,7,4,1.1085369814121773
MET016,1,3,7,5,1.1660930396298654
MET016,1,3,7,6,1.1200017851572996
MET016,1,3,7,7,0.86012134777496474
MET016,1,3,7,8,1.4028778304708569
MET016,1,3,7,9,1.3680452096294984
MET016,1,3,8,0,1.2799423555567089
MET016,1,3,8,1,1.3740782147473607
MET016,1,3,8,2,1.0884504230121446
MET016,1,3,8,3,1.0298330877087785
MET016,1,3,8,4,1.096821663586748
MET016,1,3,8,5,1.1802098792383615
MET016,1,3,8,6,1.0624797572298872
MET016,1,3,8,7,1.1402218427685449
MET016,1,3,8,8,1.1009782722880426
MET016,1,3,8,9,1.1834585709028651
MET016,1,3,9,0,1.2967692298846138
MET016,1,3,9,1,1.2933405144665653
MET016,1,3,9,2,1.3059444431554654
MET016,1,3,9,3,1.2224190924252265
MET016,1,3,9,4,1.0458381295781098
MET016,1,3,9,5,1.0566602868986663
MET016,1,3,9,6,1.109551009611828
MET016,1,3,9,7,1.2338250552181096
MET016,1,3,9,8,1.277560829076211
MET016,1,3,9,9,1.2724739019434299
MET016,1,4,0,0,1.4649634266515972
MET016,1,4,0,1,1.4626369505674937
MET016,1,4,0,2,1.4109715202981592
MET016,1,4,0,3,1.5098508896353471
MET016,1,4,0,4,1.5411808330629764
MET016,1,4,0,5,1.4162490099781988
MET016,1,4,0,6,1.3934792357437089
MET016,1,4,0,7,1.0947049123215764
MET016,1,4,0,8,1.2663067107005279
MET016,1,4,0,9,1.2191315373181459
MET016,1,4,1,0,1.4812403854303544
MET016,1,4,1,1,1.5054874670111444
MET016,1,4,1,2,1.5338915347461226
MET016,1,4,1,3,1.257694042294724
MET016,1,4,1,4,1.1527752716181701
MET016,1,4,1,5,1.3666818268974841
MET016,1,4,1,6,0.98607699081419775
MET016,1,4,1,7,1.2837015608289
MET016,1,4,1,8,0.98979948452903477
MET016,1,4,1,9,1.1490028796733391
MET016,1,4,2,0,1.5033514607673517
MET016,1,4,2,1,1.4978543366253745
MET016,1,4,2,2,1.2967485670921637
MET016,1,4,2,3,1.1988395235224505
MET016,1,4,2,4,1.3584413317877235
MET016,1,4,2,5,1.0998919591597427
MET016,1,4,2,6,1.0786318231960714
MET016,1,4,2,7,0.97420279700891721
MET016,1,4,2,8,0.8570896598791351
MET016,1,4,2,9,1.0332116552415167
MET016,1,4,3,0,1.1835091051557456
MET016,1,4,3,1,1.2522021921604205
MET016,1,4,3,2,1.142038718819488
MET016,1,4,3,3,0.97653190553978764
MET016,1,4,3,4,0.93612352206454696
MET016,1,4,3,5,0.87381057313715105
MET016,1,4,3,6,0.75836387571849384
MET016,1,4,3,7,0.75465015099279142
MET016,1,4,3,8,0.68464782871137453
MET016,1,4,3,9,0.90445269594561517
MET016,1,4,4,0,0.86341679054520615
MET016,1,4,4,1,0.93933176455157663
MET016,1,4,4,2,0.7431963999458322
MET016,1,4,4,3,0.76083260884196302
MET016,1,4,4,4,0.71211346652219232
MET016,1,4,4,5,0.72104702256674513
MET016,1,4,4,6,0.92620071815251082
MET016,1,4,4,7,0.90710487213051316
MET016,1,4,4,8,0.86572174890605003
MET016,1,4,4,9,0.690148107100231
MET016,1,4,5,0,0.79799742613694502
MET016,1,4,5,1,0.86383727680034905
MET016,1,4,5,2,0.9574808846231444
MET016,1,4,5,3,0.97168403714068363
MET016,1,4,5,4,0.87809364373670207
MET016,1,4,5,5,0.8860625943194792
MET016,1,4,5,6,0.87157287312940945
MET016,1,4,5,7,0.78800639849460385
MET016,1,4,5,8,0.98419523392921882
MET016,1,4,5,9,1.0605341434347393
MET016,1,4,6,0,1.1151275408739112
MET016,1,4,6,1,0.8787109251987455
MET016,1,4,6,2,1.019633812956946
MET016,1,4,6,3,0.98182973081453861
MET016,1,4,6,4,1.0295274873540214
MET016,1,4,6,5,0.87984232254038419
MET016,1,4,6,6,1.0919450134445403
MET016,1,4,6,7,0.95254193801223319
MET016,1,4,6,8,1.0948454210961167
MET016,1,4,6,9,1.0288017137734622
MET016,1,4,7,0,1.2582534217883328
MET016,1,4,7,1,1.1299101199555637
MET016,1,4,7,2,1.185861880134278
MET016,1,4,7,3,1.1145677113708812
MET016,1,4,7,4,1.0761766488365367
MET016,1,4,7,5,1.1018171465368691
MET016,1,4,7,6,1.0317458973136191
MET016,1,4,7,7,0.76666071676267011
MET016,1,4,7,8,1.1851723394184024
MET016,1,4,7,9,1.0107128145101378
MET016,1,4,8,0,0.94496444794192125
MET016,1,4,8,1,1.2542517286770889
MET016,1,4,8,2,1.0505373991778213
MET016,1,4,8,3,1.145023716594858
MET016,1,4,8,4,1.2740395125238591
MET016,1,4,8,5,1.1596693626576164
MET016,1,4,8,6,1.138317266481959
MET016,1,4,8,7,1.0676556623713684
MET016,1,4,8,8,0.94191822587269125
MET016,1,4,8,9,0.9503806415676106
MET016,1,4,9,0,1.1561031501765813
MET016,1,4,9,1,1.0958765409181142
MET016,1,4,9,2,1.1581742061137796
MET016,1,4,9,3,1.077646131918331
MET016,1,4,9,4,1.0915450067848471
MET016,1,4,9,5,1.013731814809854
MET016,1,4,9,6,1.2105050737946654
MET016,1,4,9,7,1.0259301444471856
MET016,1,4,9,8,1.027831403928293
MET016,1,4,9,9,0.92389954137680075
MET016,2,1,0,0,1.3593157916919971
MET016,2,1,0,1,1.5567699090923239
MET016,2,1,0,2,1.4702306181483764
MET016,2,1,0,3,1.3953437873917276
MET016,2,1,0,4,1.4407541045225754
MET016,2,1,0,5,1.4722204601452973
MET016,2,1,0,6,1.3590555875806312
MET016,2,1,0,7,1.1922777438066798
MET016,2,1,0,8,1.3399334281931561
MET016,2,1,0,9,1.2112900630385546
MET016,2,1,1,0,1.5145723839614824
MET016,2,1,1,1,1.4488524771325424
MET016,2,1,1,2,1.2840768405718119
MET016,2,1,1,3,1.4672738724213441
MET016,2,1,1,4,1.3733415809936254
MET016,2,1,1,5,1.3339824094859345
MET016,2,1,1,6,1.3171295375532266
MET016,2,1,1,7,1.157184769372221
MET016,2,1,1,8,1.2111958681342765
MET016,2,1,1,9,1.1645386550046339
MET016,2,1,2,0,1.2678679582320771
MET016,2,1,2,1,1.2414821921463901
MET016,2,1,2,2,1.3325610728095634
MET016,2,1,2,3,1.2790447361652379
MET016,2,1,2,4,1.1080231774255005
MET016,2,1,2,5,1.2633897244535726
MET016,2,1,2,6,0.96542997783549755
MET016,2,1,2,7,1.1434917207992212
MET016,2,1,2,8,0.99901913399066355
MET016,2,1,2,9,0.81604294290016821
MET016,2,1,3,0,1.2212193191716336
MET016,2,1,3,1,0.97698718157121078
MET016,2,1,3,2,1.1509238965274222
MET016,2,1,3,3,1.0473103148262928
MET016,2,1,3,4,1.1637779238203585
MET016,2,1,3,5,1.0139274151550941
MET016,2,1,3,6,0.83798523407023362
MET016,2,1,3,7,0.85805545547783224
MET016,2,1,3,8,0.76247495672788523
MET016,2,1,3,9,0.71187271750012793
MET016,2,1,4,0,0.89434729705621918
MET016,2,1,4,1,0.89339198543579568
MET016,2,1,4,2,0.90829459597914963
MET016,2,1,4,3,1.0542765424835523
MET016,2,1,4,4,0.99080017434693879
MET016,2,1,4,5,0.83297579877817773
MET016,2,1,4,6,0.73702117151300273
MET016,2,1,4,7,0.864927864234312
MET016,2,1,4,8,0.81388702088063636
MET016,2,1,4,9,0.86798262269013826
MET016,2,1,5,0,1.0933568341023272
MET016,2,1,5,1,0.80373407802750796
MET016,2,1,5,2,1.0581617387672011
MET016,2,1,5,3,1.0887723169094612
MET016,2,1,5,4,0.99192374522978444
MET016,2,1,5,5,0.96472496521721918
MET016,2,1,5,6,0.91891695965092179
MET016,2,1,5,7,0.78526595563600499
MET016,2,1,5,8,1.1745724707625549
MET016,2,1,5,9,1.0802087211030815
MET016,2,1,6,0,1.0986580803824226
MET016,2,1,6,1,1.0909778362114104
MET016,2,1,6,2,0.90456025402309104
MET016,2,1,6,3,0.95086166847005182
MET016,2,1,6,4,1.2269085429511022
MET016,2,1,6,5,0.96023887410220765
MET016,2,1,6,6,0.64267565459406983
MET016,2,1,6,7,0.9531393432663432
MET016,2,1,6,8,1.1687176219818869
MET016,2,1,6,9,1.0633981117466194
MET016,2,1,7,0,1.1071020412754491
MET016,2,1,7,1,0.92911633387733439
MET016,2,1,7,2,1.011265592976718
MET016,2,1,7,3,1.1173304929246464
MET016,2,1,7,4,1.163926319608628
MET016,2,1,7,5,1.3001523101232189
MET016,2,1,7,6,0.8186845028319929
MET016,2,1,7,7,1.3993430789389272
MET016,2,1,7,8,1.0881524049734363
MET016,2,1,7,9,1.099940609298685
MET016,2,1,8,0,1.1709455518555949
MET016,2,1,8,1,1.0534336037815055
MET016,2,1,8,2,1.2154657002088269
MET016,2,1,8,3,1.0483920841580845
MET016,2,1,8,4,1.1461357387670226
MET016,2,1,8,5,0.90417492050331116
MET016,2,1,8,6,1.1927403808867911
MET016,2,1,8,7,1.343372411021718
MET016,2,1,8,8,0.99976319082252862
MET016,2,1,8,9,1.2938846629413372
MET016,2,1,9,0,1.0818616367187259
MET016,2,1,9,1,1.1123063767678247
MET016,2,1,9,2,1.095504118021563
MET016,2,1,9,3,0.88841596915969123
MET016,2,1,9,4,1.0143631614424289
MET016,2,1,9,5,1.2755345299201983
MET016,2,1,9,6,1.1975602205480196
MET016,2,1,9,7,1.0290115801498525
MET016,2,1,9,8,1.2133633145108371
MET016,2,1,9,9,1.0628219524471667
MET016,2,2,0,0,1.2792541875089511
MET016,2,2,0,1,1.3997633153013973
MET016,2,2,0,2,1.4626319254822753
MET016,2,2,0,3,1.2525238216793209
MET016,2,2,0,4,1.3934030977324183
MET016,2,2,0,5,1.2287943595393356
MET016,2,2,0,6,1.1259392596078688
MET016,2,2,0,7,1.1463936944812478
MET016,2,2,0,8,1.1347117888542568
MET016,2,2,0,9,1.2425410304535445
MET016,2,2,1,0,1.5193937567046836
MET016,2,2,1,1,1.3929555557308522
MET016,2,2,1,2,1.0994757252387657
MET016,2,2,1,3,1.2026446167022058
MET016,2,2,1,4,1.2675618014920755
MET016,2,2,1,5,1.3801462540721985
MET016,2,2,1,6,1.1346307667442597
MET016,2,2,1,7,1.0971710841691664
MET016,2,2,1,8,1.1994103342667537
MET016,2,2,1,9,0.94713563335237161
MET016,2,2,2,0,1.3338521804246091
MET016,2,2,2,1,1.2314085636351586
MET016,2,2,2,2,1.1332358667782449
MET016,2,2,2,3,1.1993254081785201
MET016,2,2,2,4,1.0956022503173484
MET016,2,2,2,5,0.95270267026180255
MET016,2,2,2,6,1.0084327981008807
MET016,2,2,2,7,1.1010150047676648
MET016,2,2,2,8,0.86678050416996077
MET016,2,2,2,9,1.1960951631604329
MET016,2,2,3,0,1.1630240792261894
MET016,2,2,3,1,1.0281811096801043
MET016,2,2,3,2,0.90220451531816603
MET016,2,2,3,3,0.74925085634686872
MET016,2,2,3,4,0.61932998027256148
MET016,2,2,3,5,0.77495958759183059
MET016,2,2,3,6,1.0257670468615461
MET016,2,2,3,7,0.69858240332539612
MET016,2,2,3,8,0.83363108569096922
MET016,2,2,3,9,0.86373757076594659
MET016,2,2,4,0,1.0186085864948839
MET016,2,2,4,1,0.7309708268306464
MET016,2,2,4,2,0.86312945509058703
MET016,2,2,4,3,0.8527043730100704
MET016,2,2,4,4,0.91326034045572124
MET016,2,2,4,5,0.98306317948251076
MET016,2,2,4,6,0.72066247795253879
MET016,2,2,4,7,0.95857722628291875
MET016,2,2,4,8,0.77119253582222924
MET016,2,2,4,9,0.71642193413492405
MET016,2,2,5,0,0.8359869393762166
MET016,2,2,5,1,0.68672863671990925
MET016,2,2,5,2,0.84247545719511052
MET016,2,2,5,3,0.93364658739672501
MET016,2,2,5,4,0.90744882366817359
MET016,2,2,5,5,1.0676548036129749
MET016,2,2,5,6,0.88764708932912928
MET016,2,2,5,7,1.0353062903162236
MET016,2,2,5,8,0.8342014762224651
MET016,2,2,5,9,0.94154768179691595
MET016,2,2,6,0,0.72336851645599654
MET016,2,2,6,1,0.86277371962405347
MET016,2,2,6,2,0.95387594288534683
MET016,2,2,6,3,0.9789137819519792
MET016,2,2,6,4,0.97060602698517962
MET016,2,2,6,5,1.0044452023796226
MET016,2,2,6,6,1.1167738567543437
MET016,2,2,6,7,0.95374019214407879
MET016,2,2,6,8,1.0026125713316767
MET016,2,2,6,9,0.96194504605715558
MET016,2,2,7,0,1.0002903044619853
MET016,2,2,7,1,1.0766606607722038
MET016,2,2,7,2,1.0183818753030549
MET016,2,2,7,3,1.1169955063266841
MET016,2,2,7,4,1.0306714645986339
MET016,2,2,7,5,0.84005816510051246
MET016,2,2,7,6,0.94536248980570081
MET016,2,2,7,7,1.0225447691921108
MET016,2,2,7,8,1.0668395918863187
MET016,2,2,7,9,1.0594551205522489
MET016,2,2,8,0,0.96925598457360962
MET016,2,2,8,1,0.9724710975666272
MET016,2,2,8,2,1.0127602838873928
MET016,2,2,8,3,1.0568297951886889
MET016,2,2,8,4,0.97830300978450002
MET016,2,2,8,5,1.1646536670452765
MET016,2,2,8,6,0.95400302353530297
MET016,2,2,8,7,1.1313475430939224
MET016,2,2,8,8,1.0189110525211469
MET016,2,2,8,9,0.99826154835012559
MET016,2,2,9,0,1.0415796584463348
MET016,2,2,9,1,0.98791084940695195
MET016,2,2,9,2,0.86413657291351176
MET016,2,2,9,3,0.96918597497861525
MET016,2,2,9,4,0.98394712607764356
MET016,2,2,9,5,1.0608039775007088
MET016,2,2,9,6,1.2116016444219233
MET016,2,2,9,7,0.89264597342838992
MET016,2,2,9,8,0.97557817653222401
MET016,2,2,9,9,1.245292860860493
MET016,2,3,0,0,1.3969925948219388
MET016,2,3,0,1,1.3786740750687778
MET016,2,3,0,2,1.4130536919897625
MET016,2,3,0,3,1.1375975782189676
MET016,2,3,0,4,1.3069597251713805
MET016,2,3,0,5,1.3113915141932742
MET016,2,3,0,6,1.3048180782284964
MET016,2,3,0,7,1.4818557012139713
MET016,2,3,0,8,1.1689499508658874
MET016,2,3,0,9,1.0343418370846369
MET016,2,3,1,0,1.4334637404564847
MET016,2,3,1,1,1.1922137819095795
MET016,2,3,1,2,1.2451062295222697
MET016,2,3,1,3,1.1975212887393289
MET016,2,3,1,4,1.4876630741361718
MET016,2,3,1,5,1.0556231479045874
MET016,2,3,1,6,1.1384113649503069
MET016,2,3,1,7,1.1567012582288023
MET016,2,3,1,8,1.1047926244578383
MET016,2,3,1,9,1.1655870984618242
MET016,2,3,2,0,1.1880324680864611
MET016,2,3,2,1,1.2701631874551562
MET016,2,3,2,2,1.2052034717039477
MET016,2,3,2,3,1.3984665142033037
MET016,2,3,2,4,1.0953910386442531
MET016,2,3,2,5,1.2386940084412346
MET016,2,3,2,6,1.0120310223751097
MET016,2,3,2,7,0.96924752367087563
MET016,2,3,2,8,0.88519327355417132
MET016,2,3,2,9,1.0837838336291847
MET016,2,3,3,0,1.2653098034773791
MET016,2,3,3,1,1.2454033699199167
MET016,2,3,3,2,1.2129807668174577
MET016,2,3,3,3,0.99599971124325737
MET016,2,3,3,4,0.98056748649602499
MET016,2,3,3,5,1.0884540959884283
MET016,2,3,3,6,0.89132879032811563
MET016,2,3,3,7,0.72127023809026214
MET016,2,3,3,8,0.85195311527561413
MET016,2,3,3,9,0.66154843799017815
MET016,2,3,4,0,0.9238236443384138
MET016,2,3,4,1,0.87992705762261325
MET016,2,3,4,2,0.85698274132063645
MET016,2,3,4,3,0.80304117956104604
MET016,2,3,4,4,0.75147469011621004
MET016,2,3,4,5,0.73745928269832861
MET016,2,3,4,6,0.78272097593974854
MET016,2,3,4,7,0.66933923343927559
MET016,2,3,4,8,0.80091064354914987
MET016,2,3,4,9,0.79993475176941065
MET016,2,3,5,0,0.85461859960223441
MET016,2,3,5,1,0.93051304151378522
MET016,2,3,5,2,0.91544253027569644
MET016,2,3,5,3,0.83207010455833386
MET016,2,3,5,4,0.81941773267640616
MET016,2,3,5,5,0.86968830274678632
MET016,2,3,5,6,0.86739518415773409
MET016,2,3,5,7,0.87350840544515351
MET016,2,3,5,8,0.92928653186216403
MET016,2,3,5,9,0.96081038328972901
MET016,2,3,6,0,0.89578813493866094
MET016,2,3,6,1,1.0112081056620497
MET016,2,3,6,2,1.0378597339393525
MET016,2,3,6,3,0.90278938772544803
MET016,2,3,6,4,1.1156748853842298
MET016,2,3,6,5,0.95699380433787862
MET016,2,3,6,6,0.92181598052381042
MET016,2,3,6,7,0.79634124444268461
MET016,2,3,6,8,0.91192065760665642
MET016,2,3,6,9,1.0276823077360211
MET016,2,3,7,0,0.88340156830939853
MET016,2,3,7,1,1.0384448812784599
MET016,2,3,7,2,0.97707042861820859
MET016,2,3,7,3,1.0501297605223441
MET016,2,3,7,4,0.8230019585360322
MET016,2,3,7,5,0.94305418481213021
MET016,2,3,7,6,0.91256067144896358
MET016,2,3,7,7,1.1091403107599271
MET016,2,3,7,8,0.97181087887039075
MET016,2,3,7,9,0.98055173585439159
MET016,2,3,8,0,1.0946248973068695
MET016,2,3,8,1,1.0895221624931393
MET016,2,3,8,2,1.0069758218923806
MET016,2,3,8,3,1.1291987807333923
MET016,2,3,8,4,1.0960188064522951
MET016,2,3,8,5,0.8604073483211192
MET016,2,3,8,6,1.0889499811927117
MET016,2,3,8,7,0.98363718299916403
MET016,2,3,8,8,0.89356012865671774
MET016,2,3,8,9,1.1291593329652876
MET016,2,3,9,0,1.0781227875329082
MET016,2,3,9,1,1.2451265714514079
MET016,2,3,9,2,1.0698273623557359
MET016,2,3,9,3,1.0318473603642713
MET016,2,3,9,4,1.0586720260878979
MET016,2,3,9,5,0.95682885310804444
MET016,2,3,9,6,1.0272433609969356
MET016,2,3,9,7,1.1712327519072256
MET016,2,3,9,8,0.93356487112640285
MET016,2,3,9,9,1.2895626552713897
MET016,2,4,0,0,1.3116080305403268
MET016,2,4,0,1,1.5160558224838201
MET016,2,4,0,2,1.3225092087822841
MET016,2,4,0,3,1.5467935584240593
MET016,2,4,0,4,1.7286820588980336
MET016,2,4,0,5,1.2397180096237574
MET016,2,4,0,6,1.2097353931867425
MET016,2,4,0,7,1.1578023068870422
MET016,2,4,0,8,1.0868273101019981
MET016,2,4,0,9,1.1527915121079138
MET016,2,4,1,0,1.3269210730473948
MET016,2,4,1,1,1.395371403336032
MET016,2,4,1,2,1.42890664070853
MET016,2,4,1,3,1.5536788142004498
MET016,2,4,1,4,1.2202647558926834
MET016,2,4,1,5,1.3236350031792139
MET016,2,4,1,6,0.99149690928112622
MET016,2,4,1,7,1.1315259747074344
MET016,2,4,1,8,0.92121873427045065
MET016,2,4,1,9,1.1594924681126253
MET016,2,4,2,0,1.2484975689897202
MET016,2,4,2,1,1.3003375143587286
MET016,2,4,2,2,1.30071562715589
MET016,2,4,2,3,1.0764702994761477
MET016,2,4,2,4,1.0812751460632295
MET016,2,4,2,5,0.73348057543476897
MET016,2,4,2,6,1.1503217243731243
MET016,2,4,2,7,0.93381052217684624
MET016,2,4,2,8,0.84583135609228688
MET016,2,4,2,9,0.87620586561560998
MET016,2,4,3,0,1.2443932026792592
MET016,2,4,3,1,1.0526395909826036
MET016,2,4,3,2,0.98313027526347485
MET016,2,4,3,3,1.070968756737704
MET016,2,4,3,4,0.79424817917204982
MET016,2,4,3,5,0.9937547030069992
MET016,2,4,3,6,0.72038591279177677
MET016,2,4,3,7,0.72972515757887546
MET016,2,4,3,8,0.76760153072038528
MET016,2,4,3,9,0.77588727591733242
MET016,2,4,4,0,0.89373370197256341
MET016,2,4,4,1,0.95974988101819159
MET016,2,4,4,2,1.053732764891343
MET016,2,4,4,3,0.88569385493461872
MET016,2,4,4,4,0.70734889956211577
MET016,2,4,4,5,0.75905825159682538
MET016,2,4,4,6,0.94781121511758204
MET016,2,4,4,7,0.98259696557296305
MET016,2,4,4,8,0.6781677609041753
MET016,2,4,4,9,0.95178368974837402
MET016,2,4,5,0,0.88195146919594336
MET016,2,4,5,1,0.93048708252130841
MET016,2,4,5,2,0.83649017237782186
MET016,2,4,5,3,0.89357138393629865
MET016,2,4,5,4,0.95625825310043644
MET016,2,4,5,5,0.92993506561291117
MET016,2,4,5,6,0.96670443208458845
MET016,2,4,5,7,1.0336852628789834
MET016,2,4,5,8,0.77306555639033459
MET016,2,4,5,9,0.97052400229531155
MET016,2,4,6,0,0.94102265900023419
MET016,2,4,6,1,0.86422366828746178
MET016,2,4,6,2,1.2903361744330528
MET016,2,4,6,3,0.78192894026408022
MET016,2,4,6,4,0.86326012109846351
MET016,2,4,6,5,1.0804973227118262
MET016,2,4,6,6,1.2237613946136132
MET016,2,4,6,7,0.92061939539761217
MET016,2,4,6,8,0.76671690281922256
MET016,2,4,6,9,0.84867839364722142
MET016,2,4,7,0,0.96843652180736961
MET016,2,4,7,1,1.0437795918041946
MET016,2,4,7,2,0.82499010690677899
MET016,2,4,7,3,0.86395465192080356
MET016,2,4,7,4,0.95200916263792801
MET016,2,4,7,5,1.1099833924722609
MET016,2,4,7,6,1.0147739038523085
MET016,2,4,7,7,0.87591698381287131
MET016,2,4,7,8,1.0838872145324312
MET016,2,4,7,9,1.0141195505995662
MET016,2,4,8,0,0.85497488851919845
MET016,2,4,8,1,1.0200773048750476
MET016,2,4,8,2,1.0108437013899287
MET016,2,4,8,3,1.0254909967721355
MET016,2,4,8,4,1.0920451949439414
MET016,2,4,8,5,1.0691718413166065
MET016,2,4,8,6,0.97311696727200059
MET016,2,4,8,7,1.3701413646460257
MET016,2,4,8,8,1.2019467147785481
MET016,2,4,8,9,0.9649993569236136
MET016,2,4,9,0,1.0305406534541821
MET016,2,4,9,1,0.87847534664612748
MET016,2,4,9,2,0.97762423939775145
MET016,2,4,9,3,0.89785402288732852
MET016,2,4,9,4,1.2517376523558748
MET016,2,4,9,5,1.3001655197067867
MET016,2,4,9,6,1.2330871996038708
MET016,2,4,9,7,1.2128097691493662
MET016,2,4,9,8,1.1876932415148731
MET016,2,4,9,9,1.2465230351499501
MET017,1,1,0,0,1.0418276634081287
MET017,1,1,0,1,1.2158356862923407
MET017,1,1,0,2,1.0784086992238531
MET017,1,1,0,3,0.95807564098488118
MET017,1,1,0,4,1.0433913386062874
MET017,1,1,0,5,1.2960030621082692
MET017,1,1,0,6,1.2418928404837744
MET017,1,1,0,7,1.0249951940795401
MET017,1,1,0,8,1.3743162619649141
MET017,1,1,0,9,1.3336503011361609
MET017,1,1,1,0,0.96154905070378061
MET017,1,1,1,1,1.3154729689016289
MET017,1,1,1,2,1.2099975876671258
MET017,1,1,1,3,1.2020729334628792
MET017,1,1,1,4,1.1945788744316392
MET017,1,1,1,5,1.220892691061171
MET017,1,1,1,6,1.168534130859582
MET017,1,1,1,7,1.2471608382066348
MET017,1,1,1,8,1.1831332139240551
MET017,1,1,1,9,1.4867806410506841
MET017,1,1,2,0,0.75904697287204814
MET017,1,1,2,1,1.0032699396380196
MET017,1,1,2,2,0.87673388352472048
MET017,1,1,2,3,1.0316853966777602
MET017,1,1,2,4,1.1859259617456843
MET017,1,1,2,5,1.1005058436771611
MET017,1,1,2,6,1.0285116070666638
MET017,1,1,2,7,1.054712008431504
MET017,1,1,2,8,1.2614739353309516
MET017,1,1,2,9,1.2611957378434711
MET017,1,1,3,0,0.83233988136183579
MET017,1,1,3,1,0.88117159863376981
MET017,1,1,3,2,1.0262590196611845
MET017,1,1,3,3,0.71300719035762861
MET017,1,1,3,4,1.0399458883414088
MET017,1,1,3,5,1.1799643092533203
MET017,1,1,3,6,0.9800855215059302
MET017,1,1,3,7,0.66008182374684077
MET017,1,1,3,8,0.81905626455744129
MET017,1,1,3,9,0.96878842934055498
MET017,1,1,4,0,0.9751151447830454
MET017,1,1,4,1,0.96077537198196483
MET017,1,1,4,2,0.80798888538018665
MET017,1,1,4,3,0.74340644847403603
MET017,1,1,4,4,0.95189417448628899
MET017,1,1,4,5,0.75426582004073151
MET017,1,1,4,6,0.93774451258661284
MET017,1,1,4,7,1.0223169841495889
MET017,1,1,4,8,1.0826933245225765
MET017,1,1,4,9,0.9090236918310084
MET017,1,1,5,0,0.94883594089450285
MET017,1,1,5,1,1.3025304852570618
MET017,1,1,5,2,1.0381336029216854
MET017,1,1,5,3,1.2514599704984166
MET017,1,1,5,4,1.0119300519152672
MET017,1,1,5,5,1.1010765306450516
MET017,1,1,5,6,1.2862439739919536
MET017,1,1,5,7,1.2755214967636894
MET017,1,1,5,8,1.0405025176641198
MET017,1,1,5,9,1.1169833907694151
MET017,1,1,6,0,1.2198825143312
MET017,1,1,6,1,1.3288804641744705
MET017,1,1,6,2,1.4164903052470821
MET017,1,1,6,3,1.1478722701950863
MET017,1,1,6,4,1.3141735641980763
MET017,1,1,6,5,1.2755944600343478
MET017,1,1,6,6,1.5133666845480716
MET017,1,1,6,7,1.3478788439122606
MET017,1,1,6,8,1.4140601805320427
MET017,1,1,6,9,1.4582611036436359
MET017,1,1,7,0,1.5705743908528471
MET017,1,1,7,1,1.4616766294604049
MET017,1,1,7,2,1.3033964226806831
MET017,1,1,7,3,1.3654689195535303
MET017,1,1,7,4,1.2285179530784651
MET017,1,1,7,5,1.1390425963942137
MET017,1,1,7,6,1.4529121653761154
MET017,1,1,7,7,1.1654409968580952
MET017,1,1,7,8,1.4107380833209835
MET017,1,1,7,9,1.2561931685829997
MET017,1,1,8,0,1.611361159146971
MET017,1,1,8,1,1.3913023348804829
MET017,1,1,8,2,1.4358739434954386
MET017,1,1,8,3,1.067084276024217
MET017,1,1,8,4,1.1200961326748331
MET017,1,1,8,5,1.3153025616443768
MET017,1,1,8,6,1.2888237340187956
MET017,1,1,8,7,1.3327546171060616
MET017,1,1,8,8,1.3495716044237285
MET017,1,1,8,9,1.4280123118525696
MET017,1,1,9,0,1.2255306379467861
MET017,1,1,9,1,1.3612960043746931
MET017,1,1,9,2,0.94952991744120296
MET017,1,1,9,3,1.3015282903761336
MET017,1,1,9,4,1.3061496226590603
MET017,1,1,9,5,1.5058385216086201
MET017,1,1,9,6,1.4326325758566525
MET017,1,1,9,7,1.1373264879029681
MET017,1,1,9,8,1.3587767702361782
MET017,1,1,9,9,1.288041006570219
MET017,1,2,0,0,1.195153192506786
MET017,1,2,0,1,1.1042560134876696
MET017,1,2,0,2,1.2795873462741725
MET017,1,2,0,3,1.1133379420379204
MET017,1,2,0,4,1.2442292199201599
MET017,1,2,0,5,1.1520805043452529
MET017,1,2,0,6,1.2843302950439928
MET017,1,2,0,7,1.2379210410051251
MET017,1,2,0,8,1.3445253914507436
MET017,1,2,0,9,1.4379113586523535
MET017,1,2,1,0,1.1225351933732353
MET017,1,2,1,1,1.4114633483211478
MET017,1,2,1,2,1.1928856068536049
MET017,1,2,1,3,1.2848334545356337
MET017,1,2,1,4,1.2194089668656822
MET017,1,2,1,5,1.2718210186842169
MET017,1,2,1,6,1.1624197118439348
MET017,1,2,1,7,1.3306281553251602
MET017,1,2,1,8,1.2980100759486923
MET017,1,2,1,9,1.2878356177580921
MET017,1,2,2,0,1.156483994397735
MET017,1,2,2,1,1.0834893298848434
MET017,1,2,2,2,1.2307867215309689
MET017,1,2,2,3,1.3515076696510722
MET017,1,2,2,4,1.3890459695302269
MET017,1,2,2,5,1.4461811475219055
MET017,1,2,2,6,1.3038350722365442
MET017,1,2,2,7,1.1241902663478318
MET017,1,2,2,8,1.1748986641064989
MET017,1,2,2,9,1.0688071472969407
MET017,1,2,3,0,0.87100537879419104
MET017,1,2,3,1,0.95211353501432183
MET017,1,2,3,2,0.93136412171158522
MET017,1,2,3,3,0.85269313156428184
MET017,1,2,3,4,0.94672160475142464
MET017,1,2,3,5,0.98796764038062057
MET017,1,2,3,6,0.73654169968903282
MET017,1,2,3,7,0.86895837799570275
MET017,1,2,3,8,0.8844039500763059
MET017,1,2,3,9,0.81638262076799484
MET017,1,2,4,0,1.1255323079049362
MET017,1,2,4,1,1.021291455277382
MET017,1,2,4,2,0.94066199225312319
MET017,1,2,4,3,0.72427883168291851
MET017,1,2,4,4,1.1212344321842371
MET017,1,2,4,5,0.75492504322115028
MET017,1,2,4,6,0.86927809413954893
MET017,1,2,4,7,0.95326129832457196
MET017,1,2,4,8,0.87165664836076096
MET017,1,2,4,9,1.1432056731687543
MET017,1,2,5,0,1.1423783142039976
MET017,1,2,5,1,1.1215320741163013
MET017,1,2,5,2,1.3494457571345315
MET017,1,2,5,3,1.2496062572344959
MET017,1,2,5,4,0.79797073604393642
MET017,1,2,5,5,1.1221396841407667
MET017,1,2,5,6,1.1078550342921187
MET017,1,2,5,7,1.3602211028876661
MET017,1,2,5,8,1.319515290267236
MET017,1,2,5,9,1.2361379897711493
MET017,1,2,6,0,1.2713788095036278
MET017,1,2,6,1,1.421954975583734
MET017,1,2,6,2,1.4120816604728756
MET017,1,2,6,3,1.0523198962124638
MET017,1,2,6,4,1.1607989283440161
MET017,1,2,6,5,1.4375440006500058
MET017,1,2,6,6,1.2920599092272451
MET017,1,2,6,7,1.507751286362091
MET017,1,2,6,8,1.191394823082782
MET017,1,2,6,9,1.2144738320967789
MET017,1,2,7,0,1.5818378323379323
MET017,1,2,7,1,1.3474139827171363
MET017,1,2,7,2,1.2124757431826136
MET017,1,2,7,3,1.3327760433626776
MET017,1,2,7,4,1.6759481468723112
MET017,1,2,7,5,1.2834858826935731
MET017,1,2,7,6,1.2590727321668471
MET017,1,2,7,7,1.4163793991708205
MET017,1,2,7,8,1.5305020459592549
MET017,1,2,7,9,1.3149754198189649
MET017,1,2,8,0,1.39653799215869
MET017,1,2,8,1,1.2689132611500999
MET017,1,2,8,2,1.2831824123731337
MET017,1,2,8,3,1.4463690534937159
MET017,1,2,8,4,1.2868040977293318
MET017,1,2,8,5,1.3797814929357308
MET017,1,2,8,6,1.5535197933422591
MET017,1,2,8,7,1.3603514338646281
MET017,1,2,8,8,1.2424303874604965
MET017,1,2,8,9,1.504017930898824
MET017,1,2,9,0,1.2011809621384189
MET017,1,2,9,1,1.1992307221595804
MET017,1,2,9,2,1.2205877901062336
MET017,1,2,9,3,1.4588322274955627
MET017,1,2,9,4,1.2966156820417687
MET017,1,2,9,5,1.2416688931359785
MET017,1,2,9,6,1.5665607864164659
MET017,1,2,9,7,1.3377134705308062
MET017,1,2,9,8,1.2656835513236062
MET017,1,2,9,9,1.469765708120762
MET017,1,3,0,0,1.1889512594594585
MET017,1,3,0,1,1.2794086324835272
MET017,1,3,0,2,1.1552663302050796
MET017,1,3,0,3,1.1190698818988256
MET017,1,3,0,4,1.1733682355004766
MET017,1,3,0,5,0.97922511689431702
MET017,1,3,0,6,1.1685313043921328
MET017,1,3,0,7,1.0769968843900981
MET017,1,3,0,8,1.2602270978016421
MET017,1,3,0,9,1.2600350841182697
MET017,1,3,1,0,1.131062161993748
MET017,1,3,1,1,1.0255584439166892
MET017,1,3,1,2,0.95857074160199018
MET017,1,3,1,3,1.325212732530153
MET017,1,3,1,4,1.1703635333222899
MET017,1,3,1,5,1.2566694246872103
MET017,1,3,1,6,1.1380858890192345
MET017,1,3,1,7,1.1451753402077771
MET017,1,3,1,8,1.0083064320345547
MET017,1,3,1,9,1.2108433902619975
MET017,1,3,2,0,0.93291219182305241
MET017,1,3,2,1,0.86545828777191613
MET017,1,3,2,2,0.96030915549860563
MET017,1,3,2,3,1.0935429848153684
MET017,1,3,2,4,0.96090871837243041
MET017,1,3,2,5,1.188346069674685
MET017,1,3,2,6,1.1137068014014404
MET017,1,3,2,7,1.1334112785422903
MET017,1,3,2,8,0.99961445757884282
MET017,1,3,2,9,0.84892793810058709
MET017,1,3,3,0,0.88132600915090986
MET017,1,3,3,1,0.84069211683523681
MET017,1,3,3,2,0.91469598681189801
MET017,1,3,3,3,0.79550962639988432
MET017,1,3,3,4,0.98074487463446036
MET017,1,3,3,5,0.87903093412805466
MET017,1,3,3,6,0.7666405689259671
MET017,1,3,3,7,0.69203397700464986
MET017,1,3,3,8,0.70689740118658806
MET017,1,3,3,9,0.70596518037053613
MET017,1,3,4,0,0.88125025245077748
MET017,1,3,4,1,0.86967360435403185
MET017,1,3,4,2,0.78587597662285857
MET017,1,3,4,3,0.91562516084344281
MET017,1,3,4,4,0.95152028078519435
MET017,1,3,4,5,0.7511071089222614
MET017,1,3,4,6,0.88592932776408362
MET017,1,3,4,7,0.71137983054005505
MET017,1,3,4,8,0.89951617493588687
MET017,1,3,4,9,1.1013345837561304
MET017,1,3,5,0,1.0572784444374008
MET017,1,3,5,1,0.91044599254807579
MET017,1,3,5,2,0.98624544853149998
MET017,1,3,5,3,0.96543051199738039
MET017,1,3,5,4,1.0364157610744966
MET017,1,3,5,5,0.90839144732511723
MET017,1,3,5,6,1.0220537430534904
MET017,1,3,5,7,1.2560205050105182
MET017,1,3,5,8,1.0623549437479392
MET017,1,3,5,9,1.3444994167781292
MET017,1,3,6,0,1.0642128444468504
MET017,1,3,6,1,1.0028088856287869
MET017,1,3,6,2,1.078893486739547
MET017,1,3,6,3,1.0674567047023109
MET017,1,3,6,4,1.0057748597530676
MET017,1,3,6,5,1.6496779177733765
MET017,1,3,6,6,0.99864134456181819
MET017,1,3,6,7,1.1100282196935722
MET017,1,3,6,8,1.4118553009265091
MET017,1,3,6,9,1.3646930255284979
MET017,1,3,7,0,1.1664313398318229
MET017,1,3,7,1,1.0876901290140175
MET017,1,3,7,2,1.0644937217816468
MET017,1,3,7,3,1.2226156810953006
MET017,1,3,7,4,1.538473223362524
MET017,1,3,7,5,1.0937528235857894
MET017,1,3,7,6,1.1949064537793035
MET017,1,3,7,7,1.3873664941435568
MET017,1,3,7,8,1.1702281645721473
MET017,1,3,7,9,1.4476761880730682
MET017,1,3,8,0,1.1563467179760798
MET017,1,3,8,1,1.2307993375737307
MET017,1,3,8,2,1.2699085507478078
MET017,1,3,8,3,1.4444548604804823
MET017,1,3,8,4,1.0910899350049634
MET017,1,3,8,5,1.2283777646341336
MET017,1,3,8,6,1.38183440857643
MET017,1,3,8,7,0.99627459883429526
MET017,1,3,8,8,1.385929842228566
MET017,1,3,8,9,1.4079856098272077
MET017,1,3,9,0,1.2809011624198652
MET017,1,3,9,1,1.0661752159655289
MET017,1,3,9,2,1.182416232488922
MET017,1,3,9,3,1.2186086062112935
MET017,1,3,9,4,1.0318860852135012
MET017,1,3,9,5,1.2639867179566018
MET017,1,3,9,6,1.379637974813485
MET017,1,3,9,7,1.2324429233938472
MET017,1,3,9,8,1.3181356964196549
MET017,1,3,9,9,1.5975411927786105
MET017,1,4,0,0,1.3211268073397364
MET017,1,4,0,1,1.0528003031751194
MET017,1,4,0,2,1.4032171270810805
MET017,1,4,0,3,1.1035196603415651
MET017,1,4,0,4,1.2841928842567527
MET017,1,4,0,5,1.0208830307726884
MET017,1,4,0,6,1.2766029759003841
MET017,1,4,0,7,1.0860048830079021
MET017,1,4,0,8,1.2257223499213756
MET017,1,4,0,9,1.4399967616295355
MET017,1,4,1,0,1.1376947620825091
MET017,1,4,1,1,1.2014503345217216
MET017,1,4,1,2,1.3319887909538368
MET017,1,4,1,3,1.124471007444404
MET017,1,4,1,4,1.3403927758477832
MET017,1,4,1,5,1.1755142378752224
MET017,1,4,1,6,1.3797268301473302
MET017,1,4,1,7,1.4183902277076721
MET017,1,4,1,8,1.233790610470211
MET017,1,4,1,9,1.2993504581781556
MET017,1,4,2,0,1.1518431551779362
MET017,1,4,2,1,1.2859463925954384
MET017,1,4,2,2,1.1631401941136792
MET017,1,4,2,3,1.0765579930289624
MET017,1,4,2,4,1.4616259541246164
MET017,1,4,2,5,1.3517660067902251
MET017,1,4,2,6,1.2270434623729729
MET017,1,4,2,7,1.3355771446858564
MET017,1,4,2,8,1.071220196569644
MET017,1,4,2,9,1.3351057428989892
MET017,1,4,3,0,0.97757217929117679
MET017,1,4,3,1,0.81322786982596196
MET017,1,4,3,2,0.82753979391060273
MET017,1,4,3,3,0.77427729127392886
MET017,1,4,3,4,1.018314740955139
MET017,1,4,3,5,1.0604864745294582
MET017,1,4,3,6,0.89648407186981693
MET017,1,4,3,7,0.87214581925411228
MET017,1,4,3,8,0.7560685719009852
MET017,1,4,3,9,0.84968493651196464
MET017,1,4,4,0,1.265051527979963
MET017,1,4,4,1,0.87537274168894297
MET017,1,4,4,2,0.89370236034749562
MET017,1,4,4,3,0.85310898629253717
MET017,1,4,4,4,0.97362454895939277
MET017,1,4,4,5,0.84679010859376247
MET017,1,4,4,6,0.7528691903782746
MET017,1,4,4,7,1.0460470209526669
MET017,1,4,4,8,1.2713326887041232
MET017,1,4,4,9,0.98779098334543658
MET017,1,4,5,0,1.2757191652362647
MET017,1,4,5,1,1.0322043063302908
MET017,1,4,5,2,1.025589128613555
MET017,1,4,5,3,1.1999045963842052
MET017,1,4,5,4,1.2236376121683019
MET017,1,4,5,5,0.95968237987855998
MET017,1,4,5,6,1.4518003783404734
MET017,1,4,5,7,1.5296357943535277
MET017,1,4,5,8,1.3870750800580538
MET017,1,4,5,9,1.2780899551034122
MET017,1,4,6,0,1.231876701951079
MET017,1,4,6,1,1.2002678738444379
MET017,1,4,6,2,1.2569687842535278
MET017,1,4,6,3,1.2735088419197609
MET017,1,4,6,4,1.6288235045052597
MET017,1,4,6,5,1.7855527267303428
MET017,1,4,6,6,1.2988106509148978
MET017,1,4,6,7,1.6755142942099537
MET017,1,4,6,8,1.2225713149705026
MET017,1,4,6,9,1.4518518990177391
MET017,1,4,7,0,1.2235121105840701
MET017,1,4,7,1,1.2029714062770605
MET017,1,4,7,2,1.3184085949697559
MET017,1,4,7,3,1.508136070202811
MET017,1,4,7,4,1.5991994635106597
MET017,1,4,7,5,1.4790396010197111
MET017,1,4,7,6,1.5622568925591176
MET017,1,4,7,7,1.3670969389219576
MET017,1,4,7,8,1.5639315289206861
MET017,1,4,7,9,1.6311852274050052
MET017,1,4,8,0,1.1019385586270445
MET017,1,4,8,1,1.147784317445093
MET017,1,4,8,2,1.6411157136243315
MET017,1,4,8,3,1.4276874269964617
MET017,1,4,8,4,1.6109828222939215
MET017,1,4,8,5,1.5711745963598065
MET017,1,4,8,6,1.5297226886682702
MET017,1,4,8,7,1.2424422937416919
MET017,1,4,8,8,1.4728234718945572
MET017,1,4,8,9,1.8069928774214223
MET017,1,4,9,0,1.2530657645958965
MET017,1,4,9,1,1.6283366741279452
MET017,1,4,9,2,1.7607948310103014
MET017,1,4,9,3,1.656173618658201
MET017,1,4,9,4,1.6203114953803039
MET017,1,4,9,5,1.5530249813772063
MET017,1,4,9,6,1.7161362782933689
MET017,1,4,9,7,1.5931889264532255
MET017,1,4,9,8,1.3693012470986743
MET017,1,4,9,9,1.7042714770576362
MET017,2,1,0,0,1.0503567772877411
MET017,2,1,0,1,1.0692922970877694
MET017,2,1,0,2,0.88377846811278038
MET017,2,1,0,3,0.99035190878565504
MET017,2,1,0,4,0.93324177927471941
MET017,2,1,0,5,0.83196563788470634
MET017,2,1,0,6,0.87341055662115563
MET017,2,1,0,7,1.2939627326101046
MET017,2,1,0,8,1.2909907358397472
MET017,2,1,0,9,0.98940946267381358
MET017,2,1,1,0,1.0524704101369988
MET017,2,1,1,1,0.84186908603231381
MET017,2,1,1,2,0.88444364025494848
MET017,2,1,1,3,1.0568443553963254
MET017,2,1,1,4,1.1195613170109158
MET017,2,1,1,5,1.2779044337398082
MET017,2,1,1,6,0.83545367036676643
MET017,2,1,1,7,1.3661197720799221
MET017,2,1,1,8,1.1819835527669225
MET017,2,1,1,9,1.1569847911508229
MET017,2,1,2,0,0.96730993254292719
MET017,2,1,2,1,0.86605888535258835
MET017,2,1,2,2,1.0354842444362915
MET017,2,1,2,3,1.1298952324171037
MET017,2,1,2,4,1.065844278954984
MET017,2,1,2,5,1.0952803816551837
MET017,2,1,2,6,1.2892215799781741
MET017,2,1,2,7,0.94656158695623038
MET017,2,1,2,8,0.84624146247530529
MET017,2,1,2,9,0.77088957180175155
MET017,2,1,3,0,0.74534663859257633
MET017,2,1,3,1,0.91600261243121162
MET017,2,1,3,2,0.82381194534305957
MET017,2,1,3,3,0.80572247855441814
MET017,2,1,3,4,1.2169451654725501
MET017,2,1,3,5,0.80865910284037579
MET017,2,1,3,6,0.91962327199396476
MET017,2,1,3,7,0.75083870804105268
MET017,2,1,3,8,0.7835145577944892
MET017,2,1,3,9,0.84981428104625345
MET017,2,1,4,0,1.0188239085629884
MET017,2,1,4,1,1.0114373763811209
MET017,2,1,4,2,0.985736203888538
MET017,2,1,4,3,0.77837264890023072
MET017,2,1,4,4,0.91108294658033162
MET017,2,1,4,5,0.88388376439079641
MET017,2,1,4,6,0.78297778618063951
MET017,2,1,4,7,0.85427568304826074
MET017,2,1,4,8,0.85182644153257081
MET017,2,1,4,9,1.0105341638836376
MET017,2,1,5,0,1.0364827257807931
MET017,2,1,5,1,1.101275302101328
MET017,2,1,5,2,1.2345605550607686
MET017,2,1,5,3,1.1657518120900381
MET017,2,1,5,4,1.1525288189661791
MET017,2,1,5,5,1.0819344760482024
MET017,2,1,5,6,1.1204827762572276
MET017,2,1,5,7,1.0697548465905746
MET017,2,1,5,8,1.1888298928104579
MET017,2,1,5,9,1.2204588621598751
MET017,2,1,6,0,1.3851476271402241
MET017,2,1,6,1,1.5080218867835031
MET017,2,1,6,2,1.3367127415370057
MET017,2,1,6,3,1.1492986323464258
MET017,2,1,6,4,1.1011712128780895
MET017,2,1,6,5,1.0463290957648783
MET017,2,1,6,6,1.3056290207632704
MET017,2,1,6,7,1.1727967464229432
MET017,2,1,6,8,1.3418531254494814
MET017,2,1,6,9,1.2110278759776767
MET017,2,1,7,0,1.3364889301880525
MET017,2,1,7,1,1.2956175688427971
MET017,2,1,7,2,1.1943510610631405
MET017,2,1,7,3,1.1197404143429788
MET017,2,1,7,4,1.0741416576499916
MET017,2,1,7,5,1.3537855749322221
MET017,2,1,7,6,1.3258768305861195
MET017,2,1,7,7,1.2568861113899286
MET017,2,1,7,8,1.1246726107595009
MET017,2,1,7,9,1.1470363787559263
MET017,2,1,8,0,1.3653957171383575
MET017,2,1,8,1,1.1879928386308722
MET017,2,1,8,2,1.4258861587611509
MET017,2,1,8,3,1.288360215885278
MET017,2,1,8,4,1.2259307670516333
MET017,2,1,8,5,1.3713131149207305
MET017,2,1,8,6,1.4191930579420109
MET017,2,1,8,7,1.331364984144499
MET017,2,1,8,8,1.1832496095037
MET017,2,1,8,9,1.1217437429978712
MET017,2,1,9,0,1.3676276883187497
MET017,2,1,9,1,1.3734988174692284
MET017,2,1,9,2,1.439225523385812
MET017,2,1,9,3,1.1667818329854309
MET017,2,1,9,4,1.1598744932030554
MET017,2,1,9,5,1.3166829813277343
MET017,2,1,9,6,1.2385352677643438
MET017,2,1,9,7,1.1342944257724537
MET017,2,1,9,8,1.1327417151044803
MET017,2,1,9,9,0.99063957119144996
MET017,2,2,0,0,1.0558312949958544
MET017,2,2,0,1,0.86989132946939218
MET017,2,2,0,2,1.0110788036535752
MET017,2,2,0,3,0.8629830702081156
MET017,2,2,0,4,0.94058397615278799
MET017,2,2,0,5,0.88765518770526408
MET017,2,2,0,6,1.070159822228806
MET017,2,2,0,7,0.99737864878790961
MET017,2,2,0,8,1.1278806702349389
MET017,2,2,0,9,1.1336297709823868
MET017,2,2,1,0,0.93869654429807059
MET017,2,2,1,1,0.94744899967374363
MET017,2,2,1,2,0.83975807779323874
MET017,2,2,1,3,1.0047497338657525
MET017,2,2,1,4,1.0942716477214127
MET017,2,2,1,5,1.238047400589589
MET017,2,2,1,6,0.9539778993555672
MET017,2,2,1,7,1.1449514887797727
MET017,2,2,1,8,1.252974339785327
MET017,2,2,1,9,1.0348226505515807
MET017,2,2,2,0,0.65991357760066782
MET017,2,2,2,1,1.0075244832320156
MET017,2,2,2,2,1.0322288447022636
MET017,2,2,2,3,1.0192729267247356
MET017,2,2,2,4,1.0992970174052159
MET017,2,2,2,5,1.0779608513102077
MET017,2,2,2,6,1.0814871731725744
MET017,2,2,2,7,0.95318603250907841
MET017,2,2,2,8,0.85517473310573933
MET017,2,2,2,9,1.0405085012496489
MET017,2,2,3,0,0.78592837627763334
MET017,2,2,3,1,0.88761523964316891
MET017,2,2,3,2,0.90137145165997823
MET017,2,2,3,3,0.91789398449084358
MET017,2,2,3,4,1.0101240589781944
MET017,2,2,3,5,0.77332794845948405
MET017,2,2,3,6,0.82232401209577954
MET017,2,2,3,7,0.74290829361162614
MET017,2,2,3,8,0.70504914521065509
MET017,2,2,3,9,0.62165185459344874
MET017,2,2,4,0,0.97526322170162283
MET017,2,2,4,1,0.85935843025673864
MET017,2,2,4,2,0.82946016546579648
MET017,2,2,4,3,0.75233587164981741
MET017,2,2,4,4,0.90041465657964104
MET017,2,2,4,5,0.90573483963823798
MET017,2,2,4,6,0.83108142347912006
MET017,2,2,4,7,0.69212666180612636
MET017,2,2,4,8,0.84546323933838208
MET017,2,2,4,9,0.83344286975263926
MET017,2,2,5,0,0.87978208326507834
MET017,2,2,5,1,1.0999684292403671
MET017,2,2,5,2,1.0004491443180801
MET017,2,2,5,3,0.99499485981661762
MET017,2,2,5,4,1.0261333078691337
MET017,2,2,5,5,0.95512970554486665
MET017,2,2,5,6,0.78332482762563926
MET017,2,2,5,7,1.1018677049577084
MET017,2,2,5,8,1.1846591719614206
MET017,2,2,5,9,1.0232255067291638
MET017,2,2,6,0,1.0710985811589442
MET017,2,2,6,1,0.97275798633618582
MET017,2,2,6,2,1.1612189462318381
MET017,2,2,6,3,0.98898143257847837
MET017,2,2,6,4,1.1406495244432535
MET017,2,2,6,5,0.92475535103251683
MET017,2,2,6,6,1.0959872771004016
MET017,2,2,6,7,1.4309665501110351
MET017,2,2,6,8,1.1948719865008119
MET017,2,2,6,9,1.1735629693554062
MET017,2,2,7,0,0.97896021287190338
MET017,2,2,7,1,1.0371090239147551
MET017,2,2,7,2,1.0213407840030768
MET017,2,2,7,3,1.2146208228887954
MET017,2,2,7,4,1.4407767507770699
MET017,2,2,7,5,1.3204199183553087
MET017,2,2,7,6,1.204695881062209
MET017,2,2,7,7,1.3110366901893702
MET017,2,2,7,8,1.4926089415153807
MET017,2,2,7,9,1.3696503283691599
MET017,2,2,8,0,1.1141024430844495
MET017,2,2,8,1,1.2412002422954989
MET017,2,2,8,2,1.328263448632252
MET017,2,2,8,3,1.334674318603094
MET017,2,2,8,4,1.0176284508193567
MET017,2,2,8,5,1.0805162700122912
MET017,2,2,8,6,1.5393265706963597
MET017,2,2,8,7,1.0107168928314048
MET017,2,2,8,8,1.152394030208199
MET017,2,2,8,9,1.3207786536273609
MET017,2,2,9,0,1.0575056761504846
MET017,2,2,9,1,1.1596226382392931
MET017,2,2,9,2,1.3787520574302294
MET017,2,2,9,3,1.3113849272707072
MET017,2,2,9,4,1.3066878134762705
MET017,2,2,9,5,1.1657912094767846
MET017,2,2,9,6,1.2389674596709614
MET017,2,2,9,7,1.1300752355165853
MET017,2,2,9,8,1.1985977735978648
MET017,2,2,9,9,1.2521765871927044
MET017,2,3,0,0,1.0348845507699309
MET017,2,3,0,1,1.0948635862239391
MET017,2,3,0,2,1.0935895973856673
MET017,2,3,0,3,1.147084540641701
MET017,2,3,0,4,0.98651230138208124
MET017,2,3,0,5,1.086510062936056
MET017,2,3,0,6,1.1995563795767072
MET017,2,3,0,7,1.196132078793863
MET017,2,3,0,8,1.1359786751868399
MET017,2,3,0,9,1.294009116384784
MET017,2,3,1,0,1.2372206851042975
MET017,2,3,1,1,1.0186202575854415
MET017,2,3,1,2,1.1944226191794254
MET017,2,3,1,3,1.0971359952218545
MET017,2,3,1,4,1.1138323011477016
MET017,2,3,1,5,1.1529742514980417
MET017,2,3,1,6,1.2757989967510166
MET017,2,3,1,7,1.2467593447668708
MET017,2,3,1,8,1.2214650650487326
MET017,2,3,1,9,0.99069600496587684
MET017,2,3,2,0,0.94497323496087715
MET017,2,3,2,1,0.83303179952441198
MET017,2,3,2,2,1.1875507115595521
MET017,2,3,2,3,1.0488685747311428
MET017,2,3,2,4,1.158638611983773
MET017,2,3,2,5,1.2130632204333089
MET017,2,3,2,6,1.1707313179189962
MET017,2,3,2,7,1.0877574708715201
MET017,2,3,2,8,1.1336664888739529
MET017,2,3,2,9,1.0159166775228079
MET017,2,3,3,0,1.1614954868598508
MET017,2,3,3,1,1.0441403893662686
MET017,2,3,3,2,1.0357443476499519
MET017,2,3,3,3,1.0328006242601273
MET017,2,3,3,4,1.0186240183973572
MET017,2,3,3,5,0.89058210632156487
MET017,2,3,3,6,0.80051882895459947
MET017,2,3,3,7,0.7704251754155107
MET017,2,3,3,8,0.67197003558517809
MET017,2,3,3,9,0.79655536885964784
MET017,2,3,4,0,1.1362006615580709
MET017,2,3,4,1,1.0552289815727898
MET017,2,3,4,2,0.78732065411669749
MET017,2,3,4,3,1.0242398788724574
MET017,2,3,4,4,0.80426857034090593
MET017,2,3,4,5,0.78524414463078418
MET017,2,3,4,6,0.79942637065681521
MET017,2,3,4,7,0.94714913748287799
MET017,2,3,4,8,0.73034015063632551
MET017,2,3,4,9,0.92662481528515039
MET017,2,3,5,0,1.1614421975493181
MET017,2,3,5,1,1.1425108915910205
MET017,2,3,5,2,0.95044114591006501
MET017,2,3,5,3,1.1948208284814892
MET017,2,3,5,4,1.1233926271871344
MET017,2,3,5,5,1.1197028744568831
MET017,2,3,5,6,0.76090789471802966
MET017,2,3,5,7,1.2883591274511417
MET017,2,3,5,8,1.2729311217621209
MET017,2,3,5,9,1.1414492845408764
MET017,2,3,6,0,1.2180719347996667
MET017,2,3,6,1,1.1359409496013888
MET017,2,3,6,2,1.1590034176125918
MET017,2,3,6,3,1.2404059853069789
MET017,2,3,6,4,1.2882764963880264
MET017,2,3,6,5,1.2519348013377145
MET017,2,3,6,6,1.2982040884580084
MET017,2,3,6,7,1.2781388058974621
MET017,2,3,6,8,1.4087628652246045
MET017,2,3,6,9,1.2943727181478573
MET017,2,3,7,0,1.3566834479398264
MET017,2,3,7,1,1.0881159394983173
MET017,2,3,7,2,1.0912025273158033
MET017,2,3,7,3,1.2372221906196843
MET017,2,3,7,4,1.2028749757073751
MET017,2,3,7,5,1.3806317921125331
MET017,2,3,7,6,1.1492022034873597
MET017,2,3,7,7,1.000655261164521
MET017,2,3,7,8,1.1920015499447036
MET017,2,3,7,9,1.1995819528990994
MET017,2,3,8,0,1.2958643668703966
MET017,2,3,8,1,1.3669555222923129
MET017,2,3,8,2,1.1811719051180902
MET017,2,3,8,3,1.1884693529175057
MET017,2,3,8,4,1.2016382569680837
MET017,2,3,8,5,1.2605275243534624
MET017,2,3,8,6,1.2715604821279629
MET017,2,3,8,7,1.188373464340454
MET017,2,3,8,8,1.033091616369902
MET017,2,3,8,9,1.3323034559210505
MET017,2,3,9,0,1.3977007285781731
MET017,2,3,9,1,1.3026108798657152
MET017,2,3,9,2,1.0443466756384083
MET017,2,3,9,3,1.2495789843580389
MET017,2,3,9,4,1.3173021814229493
MET017,2,3,9,5,1.2551263176717684
MET017,2,3,9,6,1.5122815900641775
MET017,2,3,9,7,1.275904427800846
MET017,2,3,9,8,1.3836787413908984
MET017,2,3,9,9,1.175775010719929
MET017,2,4,0,0,1.0258493773737487
MET017,2,4,0,1,0.96961036513286725
MET017,2,4,0,2,1.1515212728272213
MET017,2,4,0,3,0.96540296493417843
MET017,2,4,0,4,0.94144151949413679
MET017,2,4,0,5,1.07651661278268
MET017,2,4,0,6,1.1709610728216631
MET017,2,4,0,7,1.0034399484882248
MET017,2,4,0,8,1.2565306983442239
MET017,2,4,0,9,1.2218967034171755
MET017,2,4,1,0,1.0087078655925898
MET017,2,4,1,1,1.2320074367195266
MET017,2,4,1,2,0.98628302050162275
MET017,2,4,1,3,1.1666151382320451
MET017,2,4,1,4,1.0444169277301645
MET017,2,4,1,5,1.0511684721629295
MET017,2,4,1,6,1.1231471694061179
MET017,2,4,1,7,1.1262023493370199
MET017,2,4,1,8,1.1398823313036246
MET017,2,4,1,9,0.99351294808892177
MET017,2,4,2,0,0.97714019553427001
MET017,2,4,2,1,0.83214251177666232
MET017,2,4,2,2,1.1895529143035131
MET017,2,4,2,3,1.1814231942472728
MET017,2,4,2,4,1.26525813138885
MET017,2,4,2,5,1.0139300918329563
MET017,2,4,2,6,1.0715971733556044
MET017,2,4,2,7,0.92772529012864224
MET017,2,4,2,8,1.0715588013688719
MET017,2,4,2,9,0.97978539348730043
MET017,2,4,3,0,1.0305533197746557
MET017,2,4,3,1,0.99125102363319995
MET017,2,4,3,2,1.1169561572038569
MET017,2,4,3,3,0.8801211468910819
MET017,2,4,3,4,0.84755677370875793
MET017,2,4,3,5,0.82742958752636142
MET017,2,4,3,6,0.93739752240725038
MET017,2,4,3,7,0.83169513828552177
MET017,2,4,3,8,0.6807048969695223
MET017,2,4,3,9,0.89009718086043155
MET017,2,4,4,0,0.86056421616795631
MET017,2,4,4,1,0.93156995617990124
MET017,2,4,4,2,0.81596747499644751
MET017,2,4,4,3,0.74764820062188464
MET017,2,4,4,4,0.71536248828437499
MET017,2,4,4,5,0.79860400403088971
MET017,2,4,4,6,0.88252228234203878
MET017,2,4,4,7,0.83759977376906525
MET017,2,4,4,8,0.93401233219447821
MET017,2,4,4,9,0.7161012939387561
MET017,2,4,5,0,0.98961180562188
MET017,2,4,5,1,1.1388766924743643
MET017,2,4,5,2,1.1683132480457621
MET017,2,4,5,3,1.0749220177034071
MET017,2,4,5,4,1.0118612644862606
MET017,2,4,5,5,0.92295131986613821
MET017,2,4,5,6,1.1182636120875895
MET017,2,4,5,7,1.2405179549039864
MET017,2,4,5,8,1.1231465593751144
MET017,2,4,5,9,1.2504086705966884
MET017,2,4,6,0,1.2063331735521745
MET017,2,4,6,1,1.2920949017361969
MET017,2,4,6,2,1.0807841710158534
MET017,2,4,6,3,1.2086808569219123
MET017,2,4,6,4,1.0830431391035975
MET017,2,4,6,5,1.1615999280297045
MET017,2,4,6,6,1.2816321870861551
MET017,2,4,6,7,1.1398002029769907
MET017,2,4,6,8,1.2508522039867849
MET017,2,4,6,9,1.3875234202914024
MET017,2,4,7,0,1.2241246889028321
MET017,2,4,7,1,1.1531081901088844
MET017,2,4,7,2,1.2711903843447436
MET017,2,4,7,3,1.1226798032705605
MET017,2,4,7,4,1.1584563949863078
MET017,2,4,7,5,1.1518882740934091
MET017,2,4,7,6,1.2268880751818108
MET017,2,4,7,7,1.3083718738668826
MET017,2,4,7,8,1.071224068348767
MET017,2,4,7,9,1.2252481014455476
MET017,2,4,8,0,1.2313825953891082
MET017,2,4,8,1,1.1940673922903329
MET017,2,4,8,2,1.2918588077582802
MET017,2,4,8,3,1.382435157917187
MET017,2,4,8,4,1.1211109478604822
MET017,2,4,8,5,1.2488354490456983
MET017,2,4,8,6,1.2922020694595855
MET017,2,4,8,7,1.3680485265651203
MET017,2,4,8,8,1.1851525333377322
MET017,2,4,8,9,1.4756299677779601
MET017,2,4,9,0,1.1786591633419814
MET017,2,4,9,1,1.0372187772513657
MET017,2,4,9,2,1.3062132549263026
MET017,2,4,9,3,1.06109158027975
MET017,2,4,9,4,1.0912747138623609
MET017,2,4,9,5,1.0283296294295812
MET017,2,4,9,6,1.1348644574514279
MET017,2,4,9,7,1.4106193806765306
MET017,2,4,9,8,1.4556713585542438
MET017,2,4,9,9,1.391400396860075
MET018,1,1,0,0,1.3066067490188995
MET018,1,1,0,1,1.1155479911465405
MET018,1,1,0,2,1.1154440216212318
MET018,1,1,0,3,1.4260587493524659
MET018,1,1,0,4,1.2493480038217435
MET018,1,1,0,5,1.3660500881840345
MET018,1,1,0,6,0.98676744854223997
MET018,1,1,0,7,0.91331695564943038
MET018,1,1,0,8,0.92580957398120245
MET018,1,1,0,9,1.1577206444028869
MET018,1,1,1,0,1.0348626863434225
MET018,1,1,1,1,1.2342675090247366
MET018,1,1,1,2,1.0517215840608918
MET018,1,1,1,3,1.012546203721302
MET018,1,1,1,4,1.1150838416617364
MET018,1,1,1,5,1.1499521734864346
MET018,1,1,1,6,1.1210492268919019
MET018,1,1,1,7,0.89806304641015444
MET018,1,1,1,8,1.0184840326543083
MET018,1,1,1,9,0.95354172676320603
MET018,1,1,2,0,1.1861003176860936
MET018,1,1,2,1,1.0722383853922794
MET018,1,1,2,2,0.93996868190867822
MET018,1,1,2,3,0.90748238630383782
MET018,1,1,2,4,0.99098294567847756
MET018,1,1,2,5,1.1234084299045719
MET018,1,1,2,6,1.0970639146157286
MET018,1,1,2,7,1.1086040151441294
MET018,1,1,2,8,1.0795946251234136
MET018,1,1,2,9,1.2310128546823114
MET018,1,1,3,0,1.4233740789652731
MET018,1,1,3,1,1.276063263533751
MET018,1,1,3,2,0.99401063535777978
MET018,1,1,3,3,0.94970909366862544
MET018,1,1,3,4,1.1397507513994098
MET018,1,1,3,5,0.9748646243641288
MET018,1,1,3,6,0.90639888464978302
MET018,1,1,3,7,0.87322308008978122
MET018,1,1,3,8,1.0612634223485926
MET018,1,1,3,9,0.9949413303885728
MET018,1,1,4,0,1.2993095893696698
MET018,1,1,4,1,1.2974233571950575
MET018,1,1,4,2,0.68202991977198746
MET018,1,1,4,3,1.3804389406624715
MET018,1,1,4,4,0.78652187138743002
MET018,1,1,4,5,0.99319299378732639
MET018,1,1,4,6,1.0239897966195013
MET018,1,1,4,7,0.83994693585521674
MET018,1,1,4,8,1.0543658923571562
MET018,1,1,4,9,0.87830622009022274
MET018,1,1,5,0,1.3118307559000195
MET018,1,1,5,1,1.1306152573838923
MET018,1,1,5,2,0.94966990875872159
MET018,1,1,5,3,1.1515940759481296
MET018,1,1,5,4,0.98566731545420039
MET018,1,1,5,5,1.0235353313083873
MET018,1,1,5,6,0.92999710696903859
MET018,1,1,5,7,0.94102634107484684
MET018,1,1,5,8,1.0446858596786897
MET018,1,1,5,9,1.1991259493256641
MET018,1,1,6,0,1.2084901051441916
MET018,1,1,6,1,1.0430430418636356
MET018,1,1,6,2,1.4708686589991025
MET018,1,1,6,3,0.98645483371723042
MET018,1,1,6,4,0.84073586368373554
MET018,1,1,6,5,0.88644852667625817
MET018,1,1,6,6,1.159783900148363
MET018,1,1,6,7,0.85015754561206291
MET018,1,1,6,8,0.88195667782442644
MET018,1,1,6,9,0.8854882247880087
MET018,1,1,7,0,1.2343157543626515
MET018,1,1,7,1,1.2725011621069715
MET018,1,1,7,2,1.1384209993872545
MET018,1,1,7,3,1.0487186465058751
MET018,1,1,7,4,1.1679225051999105
MET018,1,1,7,5,1.1582134334675209
MET018,1,1,7,6,1.2280888922450908
MET018,1,1,7,7,1.1395674056839591
MET018,1,1,7,8,0.95116556019451559
MET018,1,1,7,9,0.8366608886527992
MET018,1,1,8,0,1.0994741439479352
MET018,1,1,8,1,1.0479352198982326
MET018,1,1,8,2,1.2185887349776252
MET018,1,1,8,3,1.0621059738908696
MET018,1,1,8,4,1.021254227774951
MET018,1,1,8,5,1.3387624939566627
MET018,1,1,8,6,0.82883482344447468
MET018,1,1,8,7,1.1632833194581536
MET018,1,1,8,8,1.082878176437893
MET018,1,1,8,9,1.0601296225870551
MET018,1,1,9,0,1.0931353664153629
MET018,1,1,9,1,1.3478549722415665
MET018,1,1,9,2,1.0395347925066616
MET018,1,1,9,3,1.0849389057455401
MET018,1,1,9,4,1.1084930547851879
MET018,1,1,9,5,0.92507455249976922
MET018,1,1,9,6,0.95574690373767579
MET018,1,1,9,7,0.8921542618990127
MET018,1,1,9,8,0.92877144057400096
MET018,1,1,9,9,0.88892704072117135
MET018,1,2,0,0,1.2138754101698694
MET018,1,2,0,1,1.1722027222198463
MET018,1,2,0,2,0.93119213152356117
MET018,1,2,0,3,1.1834783224108691
MET018,1,2,0,4,1.3080081969721729
MET018,1,2,0,5,1.0243565243123045
MET018,1,2,0,6,1.2320292097707051
MET018,1,2,0,7,0.88121584274023035
MET018,1,2,0,8,1.146829775262437
MET018,1,2,0,9,1.244340441780591
MET018,1,2,1,0,1.0855730149116734
MET018,1,2,1,1,0.95722593065363082
MET018,1,2,1,2,1.0433519893567744
MET018,1,2,1,3,0.99693551493867616
MET018,1,2,1,4,1.5013971606487784
MET018,1,2,1,5,1.2491277812751389
MET018,1,2,1,6,1.0796854713649406
MET018,1,2,1,7,1.1602588292564524
MET018,1,2,1,8,0.99777023218373639
MET018,1,2,1,9,1.0356304688678517
MET018,1,2,2,0,1.2530504753444298
MET018,1,2,2,1,0.797220484478253
MET018,1,2,2,2,1.0956647908377384
MET018,1,2,2,3,1.1696944475909337
MET018,1,2,2,4,1.122987703420762
MET018,1,2,2,5,0.91838716380441798
MET018,1,2,2,6,0.92924876772122245
MET018,1,2,2,7,1.0541070672875514
MET018,1,2,2,8,1.0657778314944151
MET018,1,2,2,9,1.0760774260097594
MET018,1,2,3,0,1.3756964642817751
MET018,1,2,3,1,1.2692209313958418
MET018,1,2,3,2,0.88797635266747243
MET018,1,2,3,3,1.0884985524012305
MET018,1,2,3,4,1.0585007001324305
MET018,1,2,3,5,0.87957010173877648
MET018,1,2,3,6,0.74443452127474419
MET018,1,2,3,7,0.94041878571929438
MET018,1,2,3,8,1.0423404612488223
MET018,1,2,3,9,1.0147095940674578
MET018,1,2,4,0,1.4753255247958277
MET018,1,2,4,1,1.1423056376084633
MET018,1,2,4,2,1.1835220254546901
MET018,1,2,4,3,0.89145671624989176
MET018,1,2,4,4,0.90378780029169437
MET018,1,2,4,5,0.92277314338914762
MET018,1,2,4,6,0.98892152872352646
MET018,1,2,4,7,0.8351239452589857
MET018,1,2,4,8,0.92144323382084481
MET018,1,2,4,9,0.91517554490394282
MET018,1,2,5,0,1.2141133384709633
MET018,1,2,5,1,1.4817578613679876
MET018,1,2,5,2,1.0398841645311008
MET018,1,2,5,3,0.92445948940321165
MET018,1,2,5,4,0.92266303753620038
MET018,1,2,5,5,1.0048614696750766
MET018,1,2,5,6,0.85139438117164723
MET018,1,2,5,7,0.97245425218488279
MET018,1,2,5,8,1.0820657091769252
MET018,1,2,5,9,1.1262127547629237
MET018,1,2,6,0,1.3145421424545616
MET018,1,2,6,1,1.2400992972738041
MET018,1,2,6,2,0.96620093100316595
MET018,1,2,6,3,1.0087667226304682
MET018,1,2,6,4,0.92497817594657317
MET018,1,2,6,5,1.0745242967530326
MET018,1,2,6,6,1.0456110527012803
MET018,1,2,6,7,0.82346651388397918
MET018,1,2,6,8,0.99353555137998117
MET018,1,2,6,9,0.85193167403888481
MET018,1,2,7,0,1.183792627803455
MET018,1,2,7,1,1.1368178436900307
MET018,1,2,7,2,0.80393713062439576
MET018,1,2,7,3,0.94912773587375199
MET018,1,2,7,4,0.72888522664603284
MET018,1,2,7,5,0.83197437040179634
MET018,1,2,7,6,1.1090890039300303
MET018,1,2,7,7,0.96635446424512583
MET018,1,2,7,8,0.89701357040534813
MET018,1,2,7,9,1.0833783099501315
MET018,1,2,8,0,1.1435429664164578
MET018,1,2,8,1,1.0454476363086498
MET018,1,2,8,2,1.066618874931577
MET018,1,2,8,3,0.91714502966853395
MET018,1,2,8,4,1.0191622482499356
MET018,1,2,8,5,0.83798071833709253
MET018,1,2,8,6,1.2735695305601129
MET018,1,2,8,7,1.1137423513043896
MET018,1,2,8,8,1.1047215784648421
MET018,1,2,8,9,0.97640242049680159
MET018,1,2,9,0,1.3263157254890729
MET018,1,2,9,1,1.1967666846461955
MET018,1,2,9,2,0.87613268925718213
MET018,1,2,9,3,0.82353257329005214
MET018,1,2,9,4,1.0655031131405035
MET018,1,2,9,5,0.9591389657460424
MET018,1,2,9,6,0.87786057624532232
MET018,1,2,9,7,1.1560708098487531
MET018,1,2,9,8,0.95397987022228081
MET018,1,2,9,9,1.1878413386325983
MET018,1,3,0,0,1.2343668639677117
MET018,1,3,0,1,1.3594747941472995
MET018,1,3,0,2,1.1975123581917355
MET018,1,3,0,3,1.0860537183826335
MET018,1,3,0,4,1.2452917190208044
MET018,1,3,0,5,1.4849715795229508
MET018,1,3,0,6,1.1398982593359692
MET018,1,3,0,7,1.0971364243887003
MET018,1,3,0,8,1.0513374684243166
MET018,1,3,0,9,1.1253841477417177
MET018,1,3,1,0,1.206474525819895
MET018,1,3,1,1,1.2294722547736492
MET018,1,3,1,2,1.0356881028270832
MET018,1,3,1,3,1.0964080682335893
MET018,1,3,1,4,1.100825146290735
MET018,1,3,1,5,1.0927164826612441
MET018,1,3,1,6,1.2356891948015869
MET018,1,3,1,7,0.91493811524549884
MET018,1,3,1,8,0.94821207808062757
MET018,1,3,1,9,0.82955421962296294
MET018,1,3,2,0,1.2467370060326728
MET018,1,3,2,1,1.4138237857383336
MET018,1,3,2,2,1.0542411366336573
MET018,1,3,2,3,1.3165171614972031
MET018,1,3,2,4,1.0504342525036463
MET018,1,3,2,5,1.0442062645990922
MET018,1,3,2,6,1.0817236184022991
MET018,1,3,2,7,0.88497562041752265
MET018,1,3,2,8,0.88766356901562327
MET018,1,3,2,9,0.83514973452137053
MET018,1,3,3,0,1.5035727645071451
MET018,1,3,3,1,1.1989996375389915
MET018,1,3,3,2,0.9882784831397422
MET018,1,3,3,3,1.0258265403195714
MET018,1,3,3,4,0.94785296913942318
MET018,1,3,3,5,0.96768350162277195
MET018,1,3,3,6,1.0631292215741801
MET018,1,3,3,7,0.80366747011298822
MET018,1,3,3,8,0.89692668204456605
MET018,1,3,3,9,1.1004576912448367
MET018,1,3,4,0,1.3779541313238868
MET018,1,3,4,1,1.2640622526084355
MET018,1,3,4,2,1.1090149082209964
MET018,1,3,4,3,0.91151736992769739
MET018,1,3,4,4,0.84199099563433877
MET018,1,3,4,5,0.99873863895438275
MET018,1,3,4,6,0.9362669763974204
MET018,1,3,4,7,0.99263306456165179
MET018,1,3,4,8,0.96821914765761519
MET018,1,3,4,9,1.0873697696503812
MET018,1,3,5,0,1.1102513802743612
MET018,1,3,5,1,1.1989236659685374
MET018,1,3,5,2,1.0090653039252071
MET018,1,3,5,3,0.9563197419157824
MET018,1,3,5,4,0.85137629303837925
MET018,1,3,5,5,0.93888123961292158
MET018,1,3,5,6,0.97897012372874881
MET018,1,3,5,7,0.86487236334317141
MET018,1,3,5,8,0.76701326620050236
MET018,1,3,5,9,0.74330050505321388
MET018,1,3,6,0,1.0900584950877874
MET018,1,3,6,1,1.2735820872083348
MET018,1,3,6,2,0.84285228423537117
MET018,1,3,6,3,0.95718464863313557
MET018,1,3,6,4,0.96770672044932837
MET018,1,3,6,5,0.83658344947386631
MET018,1,3,6,6,0.97377759733308245
MET018,1,3,6,7,1.0882546563606541
MET018,1,3,6,8,1.0062501865710181
MET018,1,3,6,9,0.86306704840874482
MET018,1,3,7,0,1.0338129214673448
MET018,1,3,7,1,1.0882892661714001
MET018,1,3,7,2,0.97399491330122079
MET018,1,3,7,3,1.0054703314921647
MET018,1,3,7,4,0.90685867087049798
MET018,1,3,7,5,0.82087906331691851
MET018,1,3,7,6,1.1854970753579219
MET018,1,3,7,7,1.2311603745572357
MET018,1,3,7,8,0.92262837700231659
MET018,1,3,7,9,1.0311354405675512
MET018,1,3,8,0,1.1385502035936936
MET018,1,3,8,1,1.1311950443637131
MET018,1,3,8,2,0.9638872503400836
MET018,1,3,8,3,0.80765254266102215
MET018,1,3,8,4,0.97610077899126757
MET018,1,3,8,5,1.1613249073169407
MET018,1,3,8,6,0.94259420003080041
MET018,1,3,8,7,1.0660387297830762
MET018,1,3,8,8,1.2739522303561466
MET018,1,3,8,9,1.1280225619230662
MET018,1,3,9,0,1.0633882259748411
MET018,1,3,9,1,1.0773307899930569
MET018,1,3,9,2,0.85146035544101073
MET018,1,3,9,3,0.98690445237844482
MET018,1,3,9,4,0.92915613592173918
MET018,1,3,9,5,1.1356909460740745
MET018,1,3,9,6,1.2624522718956015
MET018,1,3,9,7,1.1668315405820042
MET018,1,3,9,8,1.1114899462083478
MET018,1,3,9,9,1.0014950345599829
MET018,1,4,0,0,1.2182854421297631
MET018,1,4,0,1,1.0526671974844406
MET018,1,4,0,2,1.2609295619400032
MET018,1,4,0,3,1.3076912464971671
MET018,1,4,0,4,1.293686011318965
MET018,1,4,0,5,1.1458757198386884
MET018,1,4,0,6,0.99306627752248355
MET018,1,4,0,7,1.0457587288635448
MET018,1,4,0,8,0.96801909156840737
MET018,1,4,0,9,0.91501889857257035
MET018,1,4,1,0,1.2884502550778647
MET018,1,4,1,1,0.97194228081793921
MET018,1,4,1,2,1.2414558986348556
MET018,1,4,1,3,1.1106582472625719
MET018,1,4,1,4,1.2397333807446036
MET018,1,4,1,5,1.0457121006879244
MET018,1,4,1,6,1.0042008212673892
MET018,1,4,1,7,0.92203917743963082
MET018,1,4,1,8,0.92803956259943443
MET018,1,4,1,9,1.0403675264845216
MET018,1,4,2,0,0.97450468459030914
MET018,1,4,2,1,1.2555939700874204
MET018,1,4,2,2,0.84941894961568531
MET018,1,4,2,3,1.178232162352393
MET018,1,4,2,4,0.95203787784206539
MET018,1,4,2,5,0.94583154285719839
MET018,1,4,2,6,0.93610709501790601
MET018,1,4,2,7,1.017592983000619
MET018,1,4,2,8,0.87731754423264074
MET018,1,4,2,9,0.97345431320656539
MET018,1,4,3,0,1.4384112710383421
MET018,1,4,3,1,1.0049452578096221
MET018,1,4,3,2,0.85905453611906402
MET018,1,4,3,3,0.9534073246314444
MET018,1,4,3,4,0.92236093231132998
MET018,1,4,3,5,0.81996597481300548
MET018,1,4,3,6,0.80040846132785148
MET018,1,4,3,7,0.72647683277592567
MET018,1,4,3,8,1.0763846870143785
MET018,1,4,3,9,0.88569401429874239
MET018,1,4,4,0,1.1033095858197417
MET018,1,4,4,1,1.1524875544314697
MET018,1,4,4,2,1.0243680799049666
MET018,1,4,4,3,0.82872836350136281
MET018,1,4,4,4,0.90613731882538562
MET018,1,4,4,5,0.97552939246978865
MET018,1,4,4,6,0.71757274352802891
MET018,1,4,4,7,0.98065865478114655
MET018,1,4,4,8,0.92261319353476179
MET018,1,4,4,9,1.0968948450555118
MET018,1,4,5,0,1.3438093344518212
MET018,1,4,5,1,1.2192231678149168
MET018,1,4,5,2,0.82051852929577496
MET018,1,4,5,3,0.89799855236762638
MET018,1,4,5,4,1.0742307809576848
MET018,1,4,5,5,1.0013961413021522
MET018,1,4,5,6,0.88559505796634586
MET018,1,4,5,7,0.6313985476086269
MET018,1,4,5,8,0.81351104428271404
MET018,1,4,5,9,0.95036943406767116
MET018,1,4,6,0,1.0594881316355256
MET018,1,4,6,1,0.84796475409913918
MET018,1,4,6,2,0.95399756737095642
MET018,1,4,6,3,0.86872573543548215
MET018,1,4,6,4,1.064775489187848
MET018,1,4,6,5,1.0565056882408097
MET018,1,4,6,6,0.80850024187987857
MET018,1,4,6,7,1.0007989395124888
MET018,1,4,6,8,0.913657095370906
MET018,1,4,6,9,0.98633081477980278
MET018,1,4,7,0,0.90644432866693836
MET018,1,4,7,1,0.95428249837129697
MET018,1,4,7,2,0.93502729729180156
MET018,1,4,7,3,0.74880193037363807
MET018,1,4,7,4,1.0237469260186145
MET018,1,4,7,5,1.0280878190885001
MET018,1,4,7,6,0.93607230580466383
MET018,1,4,7,7,0.95365497242276198
MET018,1,4,7,8,0.83815741718021852
MET018,1,4,7,9,0.99569697127520618
MET018,1,4,8,0,1.0136415008220403
MET018,1,4,8,1,0.86683408073137658
MET018,1,4,8,2,1.0137236333012571
MET018,1,4,8,3,0.96021267252309517
MET018,1,4,8,4,0.84411969340235449
MET018,1,4,8,5,0.90306628510038356
MET018,1,4,8,6,1.1473160114963172
MET018,1,4,8,7,1.0159445826933609
MET018,1,4,8,8,1.038219119396615
MET018,1,4,8,9,1.2190961358641312
MET018,1,4,9,0,0.824647614046493
MET018,1,4,9,1,0.97868105636438518
MET018,1,4,9,2,1.032260229626321
MET018,1,4,9,3,0.8555833041524592
MET018,1,4,9,4,1.0233953459096332
MET018,1,4,9,5,1.0500880313710439
MET018,1,4,9,6,0.89586079125917595
MET018,1,4,9,7,1.2821938955666441
MET018,1,4,9,8,1.2360215421811911
MET018,1,4,9,9,1.2593267679412246
MET018,2,1,0,0,1.7041622466874882
MET018,2,1,0,1,1.461232098633747
MET018,2,1,0,2,1.4710652183929818
MET018,2,1,0,3,1.4527113107120468
MET018,2,1,0,4,1.4268328499196974
MET018,2,1,0,5,1.5195797504786821
MET018,2,1,0,6,1.4635347405647294
MET018,2,1,0,7,1.3880188325401548
MET018,2,1,0,8,1.3701662953367455
MET018,2,1,0,9,1.2219465642877776
MET018,2,1,1,0,1.5158286839534552
MET018,2,1,1,1,1.2897007562145104
MET018,2,1,1,2,1.2578436901015293
MET018,2,1,1,3,1.3036025419547319
MET018,2,1,1,4,1.1234847420526961
MET018,2,1,1,5,1.3180638384068135
MET018,2,1,1,6,1.5519762303295981
MET018,2,1,1,7,1.3780620997295632
MET018,2,1,1,8,1.3922905078373784
MET018,2,1,1,9,1.2871735915883142
MET018,2,1,2,0,1.4440652142150774
MET018,2,1,2,1,1.4011592011791467
MET018,2,1,2,2,1.2596124007128382
MET018,2,1,2,3,1.2543528396786243
MET018,2,1,2,4,1.0169876185383646
MET018,2,1,2,5,1.1461539427390623
MET018,2,1,2,6,1.0978304145438618
MET018,2,1,2,7,1.2874880475171475
MET018,2,1,2,8,1.2627230314128211
MET018,2,1,2,9,1.0242599486361066
MET018,2,1,3,0,1.6493807899501194
MET018,2,1,3,1,1.5381976653700868
MET018,2,1,3,2,1.2097057399727762
MET018,2,1,3,3,1.3581302247460141
MET018,2,1,3,4,1.2873672455347005
MET018,2,1,3,5,1.1715604618851223
MET018,2,1,3,6,1.0445566501105179
MET018,2,1,3,7,1.0610491588382798
MET018,2,1,3,8,1.0052915039665398
MET018,2,1,3,9,1.1071779001946325
MET018,2,1,4,0,1.6318635916048738
MET018,2,1,4,1,1.6360080554699574
MET018,2,1,4,2,1.6274822348220748
MET018,2,1,4,3,1.0643060375891038
MET018,2,1,4,4,1.1711070621365995
MET018,2,1,4,5,1.1377472252821821
MET018,2,1,4,6,1.0949036862352957
MET018,2,1,4,7,0.87474967198969289
MET018,2,1,4,8,1.0488941208968527
MET018,2,1,4,9,1.2438237883279242
MET018,2,1,5,0,1.5708306498912843
MET018,2,1,5,1,1.4878116169557158
MET018,2,1,5,2,1.2540167852530739
MET018,2,1,5,3,1.2966382781144072
MET018,2,1,5,4,0.99362910846180719
MET018,2,1,5,5,1.2170731301089106
MET018,2,1,5,6,1.1164508145702166
MET018,2,1,5,7,1.0619980088072107
MET018,2,1,5,8,0.98906382069010923
MET018,2,1,5,9,1.1514434827890416
MET018,2,1,6,0,1.5034007736897197
MET018,2,1,6,1,1.1340934010714312
MET018,2,1,6,2,1.4499524391549512
MET018,2,1,6,3,1.0836980070630915
MET018,2,1,6,4,1.0797502648755055
MET018,2,1,6,5,1.2364364596373372
MET018,2,1,6,6,1.0647498462627325
MET018,2,1,6,7,1.1922877946764674
MET018,2,1,6,8,1.1244451273493117
MET018,2,1,6,9,1.1484919629188264
MET018,2,1,7,0,1.3445520563198552
MET018,2,1,7,1,1.5739207080333073
MET018,2,1,7,2,1.3090552254076879
MET018,2,1,7,3,1.1554699281931189
MET018,2,1,7,4,1.3035325462740743
MET018,2,1,7,5,0.84782371758817487
MET018,2,1,7,6,1.2869831911132259
MET018,2,1,7,7,1.1241781269675866
MET018,2,1,7,8,1.0527517995284441
MET018,2,1,7,9,1.2272349354640919
MET018,2,1,8,0,1.2442969732057334
MET018,2,1,8,1,1.3411235018401535
MET018,2,1,8,2,1.203164747145097
MET018,2,1,8,3,1.0080564307676037
MET018,2,1,8,4,0.99454839974586595
MET018,2,1,8,5,1.1430737868149845
MET018,2,1,8,6,1.1683650010989035
MET018,2,1,8,7,1.2183772408479909
MET018,2,1,8,8,1.1272637699758761
MET018,2,1,8,9,0.97875354407603643
MET018,2,1,9,0,1.0960933440643532
MET018,2,1,9,1,1.2923560379673189
MET018,2,1,9,2,1.1162412221596896
MET018,2,1,9,3,0.99386768097518718
MET018,2,1,9,4,0.94978285487270275
MET018,2,1,9,5,1.2821908949045078
MET018,2,1,9,6,1.059726611682908
MET018,2,1,9,7,1.0848820994518971
MET018,2,1,9,8,1.1572733728565177
MET018,2,1,9,9,0.95590696017466603
MET018,2,2,0,0,1.6323402729709957
MET018,2,2,0,1,1.380922634744316
MET018,2,2,0,2,1.5289974192515705
MET018,2,2,0,3,1.4681421018449643
MET018,2,2,0,4,1.5783846188266888
MET018,2,2,0,5,1.4853287706066336
MET018,2,2,0,6,1.1565468916875332
MET018,2,2,0,7,1.278180968127328
MET018,2,2,0,8,1.2084148591811481
MET018,2,2,0,9,1.1907760960704488
MET018,2,2,1,0,1.3606551793133712
MET018,2,2,1,1,1.1905865048012587
MET018,2,2,1,2,1.3687006101677988
MET018,2,2,1,3,1.5502437278664221
MET018,2,2,1,4,1.2908157127251367
MET018,2,2,1,5,1.3641424059180705
MET018,2,2,1,6,1.2877092201336109
MET018,2,2,1,7,1.2200221319880609
MET018,2,2,1,8,1.5061164993481422
MET018,2,2,1,9,1.3130874741767653
MET018,2,2,2,0,1.4096443001670065
MET018,2,2,2,1,1.263349054045223
MET018,2,2,2,2,1.2491361528924312
MET018,2,2,2,3,1.2525583771032414
MET018,2,2,2,4,1.1582648336054024
MET018,2,2,2,5,1.314735272548293
MET018,2,2,2,6,1.3315412847425196
MET018,2,2,2,7,1.3319945336726418
MET018,2,2,2,8,1.1614836185385771
MET018,2,2,2,9,1.1460022268112116
MET018,2,2,3,0,1.3122539743781974
MET018,2,2,3,1,1.3235579514497391
MET018,2,2,3,2,1.157918376523098
MET018,2,2,3,3,1.2761796339278282
MET018,2,2,3,4,1.3203986454072481
MET018,2,2,3,5,1.110595975638117
MET018,2,2,3,6,1.0753445253121772
MET018,2,2,3,7,1.0834091725805322
MET018,2,2,3,8,0.99123524535888363
MET018,2,2,3,9,1.1070602948800521
MET018,2,2,4,0,1.2720627611565771
MET018,2,2,4,1,1.4091144260582411
MET018,2,2,4,2,1.1562150398759026
MET018,2,2,4,3,1.3650020430667629
MET018,2,2,4,4,1.2925370000082452
MET018,2,2,4,5,1.2984138367692015
MET018,2,2,4,6,0.97026501893352779
MET018,2,2,4,7,1.1647256684445124
MET018,2,2,4,8,0.98434097454856617
MET018,2,2,4,9,1.0324516857089665
MET018,2,2,5,0,1.3341774666250272
MET018,2,2,5,1,1.5182901611410442
MET018,2,2,5,2,1.3416263887366584
MET018,2,2,5,3,1.1579244039085459
MET018,2,2,5,4,1.3375055641296512
MET018,2,2,5,5,1.0085494285729746
MET018,2,2,5,6,0.92403736449879526
MET018,2,2,5,7,0.99638851570709941
MET018,2,2,5,8,1.0478011506658405
MET018,2,2,5,9,1.0872973026305059
MET018,2,2,6,0,1.1168421668809176
MET018,2,2,6,1,1.2033963629519897
MET018,2,2,6,2,1.2412066513184867
MET018,2,2,6,3,1.0442975495538629
MET018,2,2,6,4,1.1192972183809171
MET018,2,2,6,5,1.0690384389762475
MET018,2,2,6,6,1.0114282935356602
MET018,2,2,6,7,1.3476585834250618
MET018,2,2,6,8,0.97439032050395402
MET018,2,2,6,9,1.1099513356525508
MET018,2,2,7,0,1.2094114717026017
MET018,2,2,7,1,0.94796659416566165
MET018,2,2,7,2,0.99654783615776743
MET018,2,2,7,3,1.2892973785323489
MET018,2,2,7,4,1.1381187095734682
MET018,2,2,7,5,1.1519409995333516
MET018,2,2,7,6,1.1726211945821745
MET018,2,2,7,7,1.2622298079156571
MET018,2,2,7,8,1.3610628856779252
MET018,2,2,7,9,1.4899647835262144
MET018,2,2,8,0,1.2919133491943788
MET018,2,2,8,1,1.2083342908457686
MET018,2,2,8,2,0.94812966494706163
MET018,2,2,8,3,1.0724535482875883
MET018,2,2,8,4,1.0309808677919632
MET018,2,2,8,5,1.1841367687935871
MET018,2,2,8,6,0.96715915359056681
MET018,2,2,8,7,1.2579761811624095
MET018,2,2,8,8,1.2601468118160828
MET018,2,2,8,9,1.0338018502148765
MET018,2,2,9,0,1.414128982864409
MET018,2,2,9,1,1.1923362488668388
MET018,2,2,9,2,0.80012019428681214
MET018,2,2,9,3,1.3136176194679108
MET018,2,2,9,4,1.0176905780975829
MET018,2,2,9,5,0.87859534072445933
MET018,2,2,9,6,1.0814833984101793
MET018,2,2,9,7,1.0939477998908695
MET018,2,2,9,8,1.1693648883881782
MET018,2,2,9,9,1.1255683935116274
MET018,2,3,0,0,1.4770946163785701
MET018,2,3,0,1,1.5472971009328671
MET018,2,3,0,2,1.4367334414698418
MET018,2,3,0,3,1.3865466117653085
MET018,2,3,0,4,1.4409273208216236
MET018,2,3,0,5,1.5437477621090581
MET018,2,3,0,6,1.3962211909424107
MET018,2,3,0,7,1.3647877472256933
MET018,2,3,0,8,1.2545803611313413
MET018,2,3,0,9,1.3377211211638784
MET018,2,3,1,0,1.3510425776499659
MET018,2,3,1,1,1.2299511522361859
MET018,2,3,1,2,1.3605158244071771
MET018,2,3,1,3,1.3135525894463489
MET018,2,3,1,4,1.2963361524110115
MET018,2,3,1,5,1.110825342279713
MET018,2,3,1,6,1.4620515392440261
MET018,2,3,1,7,1.200542374628927
MET018,2,3,1,8,1.2775350156081431
MET018,2,3,1,9,1.1915955106942049
MET018,2,3,2,0,1.2941821454153202
MET018,2,3,2,1,1.1643865035979906
MET018,2,3,2,2,1.3481770966930411
MET018,2,3,2,3,1.0559947614078009
MET018,2,3,2,4,0.93512093555991116
MET018,2,3,2,5,1.2361730871734975
MET018,2,3,2,6,1.0979810700352886
MET018,2,3,2,7,1.2093041955501955
MET018,2,3,2,8,1.2927937183742351
MET018,2,3,2,9,1.1788194524599336
MET018,2,3,3,0,1.3247641496923674
MET018,2,3,3,1,0.94593228131680995
MET018,2,3,3,2,1.1281401990724764
MET018,2,3,3,3,0.92358828384469882
MET018,2,3,3,4,1.1977912398215351
MET018,2,3,3,5,1.1291707539851523
MET018,2,3,3,6,1.2142558843843645
MET018,2,3,3,7,1.2947642958891601
MET018,2,3,3,8,1.0712865705510639
MET018,2,3,3,9,1.1349693264611289
MET018,2,3,4,0,1.1151959305732522
MET018,2,3,4,1,1.4667811090349896
MET018,2,3,4,2,1.1900271427587641
MET018,2,3,4,3,1.2074160728279919
MET018,2,3,4,4,1.100630176967403
MET018,2,3,4,5,1.2297903674712618
MET018,2,3,4,6,0.83251511190265337
MET018,2,3,4,7,0.97420321189355685
MET018,2,3,4,8,1.339187302718303
MET018,2,3,4,9,1.1237278809409252
MET018,2,3,5,0,1.3650743065189337
MET018,2,3,5,1,1.3519185699462732
MET018,2,3,5,2,0.93848800978764257
MET018,2,3,5,3,1.0335591961791608
MET018,2,3,5,4,1.121049003544865
MET018,2,3,5,5,1.0313500668481774
MET018,2,3,5,6,1.2728195029349147
MET018,2,3,5,7,1.0622375411414511
MET018,2,3,5,8,0.89640415164821241
MET018,2,3,5,9,0.98651501175398359
MET018,2,3,6,0,1.3794790275657229
MET018,2,3,6,1,1.2513307053116207
MET018,2,3,6,2,1.6040530511485254
MET018,2,3,6,3,1.0085163766274694
MET018,2,3,6,4,1.226158028355359
MET018,2,3,6,5,1.0623587593643851
MET018,2,3,6,6,1.1615384969994742
MET018,2,3,6,7,1.0967799119808437
MET018,2,3,6,8,0.85849675403234904
MET018,2,3,6,9,0.96748399367253279
MET018,2,3,7,0,1.1571397739593907
MET018,2,3,7,1,1.4473093044512382
MET018,2,3,7,2,1.0557778986693696
MET018,2,3,7,3,1.2970978796295258
MET018,2,3,7,4,1.4095703634160781
MET018,2,3,7,5,1.1727921299580018
MET018,2,3,7,6,1.2090841963384269
MET018,2,3,7,7,1.3022335870754296
MET018,2,3,7,8,1.1021616159715271
MET018,2,3,7,9,1.054710841140122
MET018,2,3,8,0,1.0406585742127397
MET018,2,3,8,1,1.0574628189866511
MET018,2,3,8,2,1.4399577441942106
MET018,2,3,8,3,1.354895001971733
MET018,2,3,8,4,1.4533037518621426
MET018,2,3,8,5,1.1163058055499928
MET018,2,3,8,6,1.0058722171799108
MET018,2,3,8,7,1.2189008427849899
MET018,2,3,8,8,1.0561627574597121
MET018,2,3,8,9,1.1451045495386634
MET018,2,3,9,0,1.4844727756468274
MET018,2,3,9,1,1.1156101125085267
MET018,2,3,9,2,1.0446249215874015
MET018,2,3,9,3,1.0688695897674565
MET018,2,3,9,4,1.2773236531790131
MET018,2,3,9,5,1.0029803680161209
MET018,2,3,9,6,1.0255630418052506
MET018,2,3,9,7,1.0012577337903492
MET018,2,3,9,8,1.1204156524583082
MET018,2,3,9,9,1.1511499977488548
MET018,2,4,0,0,1.5139675838696511
MET018,2,4,0,1,1.3958006876395528
MET018,2,4,0,2,1.2641987937545782
MET018,2,4,0,3,1.4120441307139111
MET018,2,4,0,4,1.3418231206363462
MET018,2,4,0,5,1.4076543863100932
MET018,2,4,0,6,1.3408473449145779
MET018,2,4,0,7,1.3320960988382859
MET018,2,4,0,8,1.1879307417907381
MET018,2,4,0,9,1.0925588991600523
MET018,2,4,1,0,1.2639517618561622
MET018,2,4,1,1,1.3170636190987666
MET018,2,4,1,2,1.2146914492393677
MET018,2,4,1,3,0.99724109652965198
MET018,2,4,1,4,1.2312064562727294
MET018,2,4,1,5,1.3053762662580155
MET018,2,4,1,6,1.2502060760903999
MET018,2,4,1,7,1.1904301649612152
MET018,2,4,1,8,0.94279100810965444
MET018,2,4,1,9,1.1178740853468541
MET018,2,4,2,0,1.3538054845799143
MET018,2,4,2,1,1.2362723504124125
MET018,2,4,2,2,1.2476509296040741
MET018,2,4,2,3,1.1596413733850746
MET018,2,4,2,4,1.2252882807665315
MET018,2,4,2,5,1.2026794763202142
MET018,2,4,2,6,1.3888002221807416
MET018,2,4,2,7,1.1587277066352344
MET018,2,4,2,8,1.094953366157241
MET018,2,4,2,9,1.2875426289598106
MET018,2,4,3,0,1.5261380758672578
MET018,2,4,3,1,1.1836893643358584
MET018,2,4,3,2,1.1201869265124162
MET018,2,4,3,3,1.2981463461474301
MET018,2,4,3,4,1.1688741044358268
MET018,2,4,3,5,0.91959679211838596
MET018,2,4,3,6,1.0993488918738583
MET018,2,4,3,7,1.1053117779756871
MET018,2,4,3,8,1.16056072870209
MET018,2,4,3,9,1.1579713105306897
MET018,2,4,4,0,1.2201040986442022
MET018,2,4,4,1,1.2401995323580173
MET018,2,4,4,2,1.0576049984538969
MET018,2,4,4,3,1.0964143051925823
MET018,2,4,4,4,1.0304575022493081
MET018,2,4,4,5,1.129925762277824
MET018,2,4,4,6,0.90953868868702703
MET018,2,4,4,7,0.85572820765505331
MET018,2,4,4,8,1.0307945565144001
MET018,2,4,4,9,1.4113563062297587
MET018,2,4,5,0,1.135768099379822
MET018,2,4,5,1,1.3831562708461822
MET018,2,4,5,2,1.2182235745125689
MET018,2,4,5,3,1.1306733510605107
MET018,2,4,5,4,0.93106042697411318
MET018,2,4,5,5,1.0809967643684102
MET018,2,4,5,6,1.0866121295433364
MET018,2,4,5,7,0.96006046865097483
MET018,2,4,5,8,1.1093968126032432
MET018,2,4,5,9,1.1133181180826881
MET018,2,4,6,0,1.174420339565811
MET018,2,4,6,1,1.3312769941243081
MET018,2,4,6,2,1.3780291591902702
MET018,2,4,6,3,0.98107929566406504
MET018,2,4,6,4,1.0760551501184017
MET018,2,4,6,5,0.95266739241817522
MET018,2,4,6,6,1.1391692137097764
MET018,2,4,6,7,1.0104319019300554
MET018,2,4,6,8,1.0888597282438359
MET018,2,4,6,9,0.93726002400035635
MET018,2,4,7,0,1.2436744952551722
MET018,2,4,7,1,1.4869348831021507
MET018,2,4,7,2,1.1154793872220981
MET018,2,4,7,3,1.0715590453970123
MET018,2,4,7,4,0.81699051956975799
MET018,2,4,7,5,1.1455838161469971
MET018,2,4,7,6,1.0518808997182876
MET018,2,4,7,7,1.0414786148363833
MET018,2,4,7,8,1.2143192267279004
MET018,2,4,7,9,1.2039825570805909
MET018,2,4,8,0,1.0795630582457141
MET018,2,4,8,1,1.054789490285216
MET018,2,4,8,2,1.5026991631744906
MET018,2,4,8,3,0.94294375898541583
MET018,2,4,8,4,0.82299759054866484
MET018,2,4,8,5,1.0745498724838451
MET018,2,4,8,6,1.2553971359506124
MET018,2,4,8,7,1.3659784610909131
MET018,2,4,8,8,1.1496851013480385
MET018,2,4,8,9,0.94343664377855196
MET018,2,4,9,0,1.2339104839798154
MET018,2,4,9,1,1.3115208958223037
MET018,2,4,9,2,0.86457328808110545
MET018,2,4,9,3,1.1548522076247407
MET018,2,4,9,4,1.0537885027490632
MET018,2,4,9,5,1.2320442729623275
MET018,2,4,9,6,1.1447913467559945
MET018,2,4,9,7,1.0327736259337621
MET018,2,4,9,8,1.2401260762848541
MET018,2,4,9,9,1.1058189899832849
MET019,1,1,0,0,1.7313789893031371
MET019,1,1,0,1,1.3841772711735472
MET019,1,1,0,2,1.6409562822914656
MET019,1,1,0,3,1.7811585450701324
MET019,1,1,0,4,1.3394966437672655
MET019,1,1,0,5,1.5616386901910979
MET019,1,1,0,6,1.5129497037431898
MET019,1,1,0,7,1.5464708393887008
MET019,1,1,0,8,1.5651011116968101
MET019,1,1,0,9,1.7048755954008039
MET019,1,1,1,0,1.6089949059031621
MET019,1,1,1,1,1.289620917547889
MET019,1,1,1,2,1.2731925040595791
MET019,1,1,1,3,1.4268194857494689
MET019,1,1,1,4,1.3911415250926682
MET019,1,1,1,5,1.4173231899872538
MET019,1,1,1,6,1.3703504685659891
MET019,1,1,1,7,1.0507231367130967
MET019,1,1,1,8,1.2203607995303529
MET019,1,1,1,9,1.3878315905078351
MET019,1,1,2,0,1.3245027863523755
MET019,1,1,2,1,1.1007057201545161
MET019,1,1,2,2,1.2437454398437415
MET019,1,1,2,3,1.3120659230312726
MET019,1,1,2,4,1.0228716869029095
MET019,1,1,2,5,1.3804108790587832
MET019,1,1,2,6,1.1423207528993171
MET019,1,1,2,7,0.99737988161004942
MET019,1,1,2,8,1.4657889998148561
MET019,1,1,2,9,1.526090668652434
MET019,1,1,3,0,1.6982091724594059
MET019,1,1,3,1,1.6026010041968966
MET019,1,1,3,2,1.2170573702763741
MET019,1,1,3,3,1.164683954451941
MET019,1,1,3,4,1.2868825517688589
MET019,1,1,3,5,1.0126267687304644
MET019,1,1,3,6,1.2020645188858421
MET019,1,1,3,7,1.0280818702077368
MET019,1,1,3,8,1.2818313229571094
MET019,1,1,3,9,1.5399566276235352
MET019,1,1,4,0,1.5387455072526397
MET019,1,1,4,1,1.5667508872935865
MET019,1,1,4,2,1.134484934659987
MET019,1,1,4,3,1.2314569346827988
MET019,1,1,4,4,1.1175072076601906
MET019,1,1,4,5,0.94037109958635723
MET019,1,1,4,6,0.97134710268962965
MET019,1,1,4,7,1.2074954518546808
MET019,1,1,4,8,1.2532595116193317
MET019,1,1,4,9,1.4263805789497614
MET019,1,1,5,0,1.5631127960353657
MET019,1,1,5,1,1.5588952125862732
MET019,1,1,5,2,1.1763201428894314
MET019,1,1,5,3,1.314527993003541
MET019,1,1,5,4,1.3188299453784849
MET019,1,1,5,5,1.4335190406220422
MET019,1,1,5,6,1.0207452870801577
MET019,1,1,5,7,1.079185182178207
MET019,1,1,5,8,1.3815237049487217
MET019,1,1,5,9,1.533019512100962
MET019,1,1,6,0,1.5783894215147478
MET019,1,1,6,1,1.2591562872252755
MET019,1,1,6,2,1.2942882716301136
MET019,1,1,6,3,0.99401150202722521
MET019,1,1,6,4,1.4113282065280679
MET019,1,1,6,5,1.298246753063715
MET019,1,1,6,6,1.0170325197240282
MET019,1,1,6,7,0.97506504057362497
MET019,1,1,6,8,1.140541849818361
MET019,1,1,6,9,1.0845875598068171
MET019,1,1,7,0,1.5450206080987627
MET019,1,1,7,1,1.3687287824423142
MET019,1,1,7,2,1.2113331260080586
MET019,1,1,7,3,0.93136424575327958
MET019,1,1,7,4,1.0534963196031959
MET019,1,1,7,5,1.0233490289331075
MET019,1,1,7,6,1.332843625999107
MET019,1,1,7,7,1.2867435080353171
MET019,1,1,7,8,0.89520404372589601
MET019,1,1,7,9,1.0913518934633211
MET019,1,1,8,0,1.3239634905858546
MET019,1,1,8,1,1.222047591023024
MET019,1,1,8,2,1.3231574719179051
MET019,1,1,8,3,0.91278480137996121
MET019,1,1,8,4,1.0258919078496724
MET019,1,1,8,5,1.031731792609363
MET019,1,1,8,6,1.3628242238084671
MET019,1,1,8,7,1.239562765028404
MET019,1,1,8,8,1.3217390418360626
MET019,1,1,8,9,1.0832627727364901
MET019,1,1,9,0,1.2315907556621148
MET019,1,1,9,1,1.2443105973315991
MET019,1,1,9,2,1.2421056394010856
MET019,1,1,9,3,1.0229929220244114
MET019,1,1,9,4,1.1355940523156902
MET019,1,1,9,5,1.2375393572424931
MET019,1,1,9,6,1.0678001064742488
MET019,1,1,9,7,1.388527651001628
MET019,1,1,9,8,1.1927552283548906
MET019,1,1,9,9,1.1489626988589716
MET019,1,2,0,0,1.634594058095834
MET019,1,2,0,1,1.3600121443404256
MET019,1,2,0,2,1.2741715413525492
MET019,1,2,0,3,1.3201060894651091
MET019,1,2,0,4,1.4886030790993956
MET019,1,2,0,5,1.492650725028847
MET019,1,2,0,6,1.1059784668289865
MET019,1,2,0,7,1.4709576808399778
MET019,1,2,0,8,1.5191035585023565
MET019,1,2,0,9,1.3118863495460085
MET019,1,2,1,0,1.6174536702753828
MET019,1,2,1,1,1.1635496179513591
MET019,1,2,1,2,1.2206206418561814
MET019,1,2,1,3,1.2665959713808894
MET019,1,2,1,4,1.42217398567307
MET019,1,2,1,5,1.0598222762909459
MET019,1,2,1,6,1.445309419686053
MET019,1,2,1,7,1.1260637399369064
MET019,1,2,1,8,1.107739663400938
MET019,1,2,1,9,1.6608182599184775
MET019,1,2,2,0,1.4076391609819889
MET019,1,2,2,1,1.3782291778229825
MET019,1,2,2,2,1.070573217528527
MET019,1,2,2,3,1.0676904095732225
MET019,1,2,2,4,1.0877795580716321
MET019,1,2,2,5,1.2336577461816256
MET019,1,2,2,6,1.4481400605124124
MET019,1,2,2,7,1.0440772226259689
MET019,1,2,2,8,1.5679569085626337
MET019,1,2,2,9,1.3320355590232251
MET019,1,2,3,0,1.6800101604482869
MET019,1,2,3,1,1.6344919522072321
MET019,1,2,3,2,1.0168791538316455
MET019,1,2,3,3,1.1491045038426839
MET019,1,2,3,4,0.85393169573152594
MET019,1,2,3,5,1.0201870755875926
MET019,1,2,3,6,1.1468305774049377
MET019,1,2,3,7,1.0763116179256449
MET019,1,2,3,8,1.1547092255030087
MET019,1,2,3,9,1.3354679760907484
MET019,1,2,4,0,1.4975528010839532
MET019,1,2,4,1,1.7111529298089774
MET019,1,2,4,2,1.1374573137872055
MET019,1,2,4,3,0.92224100992670022
MET019,1,2,4,4,0.89332568942957113
MET019,1,2,4,5,0.87047702623402201
MET019,1,2,4,6,0.94910203237810564
MET019,1,2,4,7,0.95268685009389398
MET019,1,2,4,8,1.1238501431515948
MET019,1,2,4,9,1.1022915154173918
MET019,1,2,5,0,1.6716960659736624
MET019,1,2,5,1,1.281300181781192
MET019,1,2,5,2,1.1930308409162886
MET019,1,2,5,3,0.86122692911712551
MET019,1,2,5,4,1.3805677240519714
MET019,1,2,5,5,1.1115161940457443
MET019,1,2,5,6,0.73760423466230873
MET019,1,2,5,7,1.1652289262311573
MET019,1,2,5,8,1.2430534461167668
MET019,1,2,5,9,0.99024738598891138
MET019,1,2,6,0,1.3055751004051299
MET019,1,2,6,1,1.4660062217837144
MET019,1,2,6,2,1.284426006313663
MET019,1,2,6,3,0.92906454658592919
MET019,1,2,6,4,0.94574921698466163
MET019,1,2,6,5,1.222578877934386
MET019,1,2,6,6,1.0614018828846916
MET019,1,2,6,7,1.0299523784571414
MET019,1,2,6,8,1.0196713704983236
MET019,1,2,6,9,1.1004152250910839
MET019,1,2,7,0,1.5272308120773042
MET019,1,2,7,1,1.1619738164532385
MET019,1,2,7,2,1.0479554120148531
MET019,1,2,7,3,0.95189618008894639
MET019,1,2,7,4,0.98284701211584724
MET019,1,2,7,5,0.92043219759399941
MET019,1,2,7,6,1.1523651304479967
MET019,1,2,7,7,0.97523613208920001
MET019,1,2,7,8,1.0241890642967433
MET019,1,2,7,9,0.91791445210828604
MET019,1,2,8,0,1.2342847258134588
MET019,1,2,8,1,1.1959429197206779
MET019,1,2,8,2,1.1647355698269981
MET019,1,2,8,3,1.0037374910654449
MET019,1,2,8,4,1.0551925266022282
MET019,1,2,8,5,1.2955885891588561
MET019,1,2,8,6,1.0236170074001301
MET019,1,2,8,7,1.2047157379315414
MET019,1,2,8,8,1.1294153449348341
MET019,1,2,8,9,1.0669313127075644
MET019,1,2,9,0,0.93850338841519343
MET019,1,2,9,1,1.0795593210253489
MET019,1,2,9,2,1.2101355504931073
MET019,1,2,9,3,1.0285527882765373
MET019,1,2,9,4,1.1363208347330074
MET019,1,2,9,5,1.0625863592281399
MET019,1,2,9,6,1.3220655730285369
MET019,1,2,9,7,1.1176092420672172
MET019,1,2,9,8,1.1077575098282453
MET019,1,2,9,9,1.0851166884934196
MET019,1,3,0,0,1.7887367116326045
MET019,1,3,0,1,1.4539872977568831
MET019,1,3,0,2,1.4397740279210154
MET019,1,3,0,3,1.4612036062645537
MET019,1,3,0,4,1.5352183346320412
MET019,1,3,0,5,1.4982963034192271
MET019,1,3,0,6,1.5945149502368938
MET019,1,3,0,7,1.3397089767484074
MET019,1,3,0,8,1.2237081925328357
MET019,1,3,0,9,1.3965345317590203
MET019,1,3,1,0,1.5563941349313262
MET019,1,3,1,1,1.0019550412669325
MET019,1,3,1,2,1.1672075977442169
MET019,1,3,1,3,1.3197485914978884
MET019,1,3,1,4,1.5098654326311836
MET019,1,3,1,5,1.6039112502126391
MET019,1,3,1,6,1.6316946809408794
MET019,1,3,1,7,1.4620749894402238
MET019,1,3,1,8,1.1257404378007618
MET019,1,3,1,9,1.5270817943523618
MET019,1,3,2,0,1.3783617908931127
MET019,1,3,2,1,1.2238010792014686
MET019,1,3,2,2,1.1475636805315721
MET019,1,3,2,3,1.0577231765613868
MET019,1,3,2,4,1.2119580384258497
MET019,1,3,2,5,1.263980522443847
MET019,1,3,2,6,1.1278447000160263
MET019,1,3,2,7,1.2195431855767389
MET019,1,3,2,8,1.629233194721458
MET019,1,3,2,9,1.4740447749126888
MET019,1,3,3,0,1.6670102930400399
MET019,1,3,3,1,1.4403380327035633
MET019,1,3,3,2,1.050160188966246
MET019,1,3,3,3,1.3799100838556184
MET019,1,3,3,4,0.99961676083835316
MET019,1,3,3,5,0.9862533681910316
MET019,1,3,3,6,1.0299859235270987
MET019,1,3,3,7,1.096857998470502
MET019,1,3,3,8,1.410929889218719
MET019,1,3,3,9,1.3515421352992691
MET019,1,3,4,0,1.6315337881679344
MET019,1,3,4,1,1.6153211591580401
MET019,1,3,4,2,1.3587622009738651
MET019,1,3,4,3,1.1003332789360698
MET019,1,3,4,4,1.0902923719147977
MET019,1,3,4,5,0.88982736463597467
MET019,1,3,4,6,0.97770924161023565
MET019,1,3,4,7,1.0784761901294433
MET019,1,3,4,8,1.2808128929849305
MET019,1,3,4,9,1.1599565452377985
MET019,1,3,5,0,1.5132672627821091
MET019,1,3,5,1,1.6795051873029194
MET019,1,3,5,2,1.1935415659460431
MET019,1,3,5,3,1.2986566841457725
MET019,1,3,5,4,1.1936486737497354
MET019,1,3,5,5,1.0167953801234493
MET019,1,3,5,6,0.93457228489322675
MET019,1,3,5,7,0.79664730707769271
MET019,1,3,5,8,1.1937184684337474
MET019,1,3,5,9,1.246451597791824
MET019,1,3,6,0,1.6193019241246891
MET019,1,3,6,1,1.5500248684372251
MET019,1,3,6,2,1.0740836318405895
MET019,1,3,6,3,0.9059609676780872
MET019,1,3,6,4,1.1578927131394214
MET019,1,3,6,5,1.3856211147984352
MET019,1,3,6,6,0.99968527297659915
MET019,1,3,6,7,1.0793074741284998
MET019,1,3,6,8,0.94220750898244177
MET019,1,3,6,9,1.1576791320051525
MET019,1,3,7,0,1.4463304158035597
MET019,1,3,7,1,1.4445872715353638
MET019,1,3,7,2,0.97876375581109465
MET019,1,3,7,3,1.0690103379026339
MET019,1,3,7,4,0.99077030873620042
MET019,1,3,7,5,0.99437781187022123
MET019,1,3,7,6,1.4502929137213567
MET019,1,3,7,7,1.0909001409643746
MET019,1,3,7,8,1.052088632098398
MET019,1,3,7,9,1.2801376877622599
MET019,1,3,8,0,1.5311328002524012
MET019,1,3,8,1,1.2907786219884856
MET019,1,3,8,2,1.3008988853177024
MET019,1,3,8,3,0.9824269459377164
MET019,1,3,8,4,1.2007712170246201
MET019,1,3,8,5,1.1747533902626726
MET019,1,3,8,6,0.94452831325484243
MET019,1,3,8,7,1.2615948314462757
MET019,1,3,8,8,1.4322686831836338
MET019,1,3,8,9,0.94828623015332381
MET019,1,3,9,0,1.5024311130447541
MET019,1,3,9,1,1.4033184837677228
MET019,1,3,9,2,1.2219072150976409
MET019,1,3,9,3,1.1658692880668429
MET019,1,3,9,4,1.1979396436002887
MET019,1,3,9,5,1.240457349223036
MET019,1,3,9,6,1.1872158718392474
MET019,1,3,9,7,1.4405501340240865
MET019,1,3,9,8,1.1582733338244984
MET019,1,3,9,9,0.98235856916614395
MET019,1,4,0,0,1.7172358442910809
MET019,1,4,0,1,1.4566976234133626
MET019,1,4,0,2,1.7263489889034511
MET019,1,4,0,3,1.6032552909382145
MET019,1,4,0,4,1.4580031318375242
MET019,1,4,0,5,1.3718676777498779
MET019,1,4,0,6,1.4706482960794609
MET019,1,4,0,7,1.5800826394583871
MET019,1,4,0,8,1.3161974283163442
MET019,1,4,0,9,1.2744533036517494
MET019,1,4,1,0,1.3483735997749735
MET019,1,4,1,1,1.2210853109963358
MET019,1,4,1,2,1.3558876433417759
MET019,1,4,1,3,1.5657979391570589
MET019,1,4,1,4,1.3027825217544051
MET019,1,4,1,5,1.3125178931938071
MET019,1,4,1,6,1.5405765554667901
MET019,1,4,1,7,1.4021632286695895
MET019,1,4,1,8,1.4643380897667144
MET019,1,4,1,9,0.85641364355078065
MET019,1,4,2,0,1.307482975266969
MET019,1,4,2,1,1.3334733525353435
MET019,1,4,2,2,1.0531226271669214
MET019,1,4,2,3,1.1887661573985446
MET019,1,4,2,4,1.2233504333021421
MET019,1,4,2,5,1.2296590146163486
MET019,1,4,2,6,1.2013261390987775
MET019,1,4,2,7,1.4121479832637374
MET019,1,4,2,8,1.3566229365300035
MET019,1,4,2,9,1.0620902490669015
MET019,1,4,3,0,1.5436902331492559
MET019,1,4,3,1,1.6935086692061936
MET019,1,4,3,2,1.1492750280228972
MET019,1,4,3,3,1.0928392124509836
MET019,1,4,3,4,1.0026720030893082
MET019,1,4,3,5,0.99630992514371797
MET019,1,4,3,6,1.0571989087973632
MET019,1,4,3,7,0.98858244591522115
MET019,1,4,3,8,1.2778012218446413
MET019,1,4,3,9,1.3304315888098068
MET019,1,4,4,0,1.5644469197767681
MET019,1,4,4,1,1.6695428047118888
MET019,1,4,4,2,1.3568690126433591
MET019,1,4,4,3,1.3073775514055921
MET019,1,4,4,4,1.2480135804083856
MET019,1,4,4,5,0.83593834466960004
MET019,1,4,4,6,1.0253434817780629
MET019,1,4,4,7,1.1498174503882792
MET019,1,4,4,8,0.93170255516014422
MET019,1,4,4,9,1.088850463259825
MET019,1,4,5,0,1.6525438995610902
MET019,1,4,5,1,1.6215041375480703
MET019,1,4,5,2,1.1425960451023078
MET019,1,4,5,3,1.0632765932824555
MET019,1,4,5,4,1.2190282721007957
MET019,1,4,5,5,1.0497389869482852
MET019,1,4,5,6,0.99458929223860537
MET019,1,4,5,7,0.99552804057704958
MET019,1,4,5,8,0.94685509138025759
MET019,1,4,5,9,1.0519975651486146
MET019,1,4,6,0,1.5595794625132868
MET019,1,4,6,1,1.1791082415098109
MET019,1,4,6,2,1.1181080763112501
MET019,1,4,6,3,1.028359741317775
MET019,1,4,6,4,0.99049279483805797
MET019,1,4,6,5,1.6582297527962986
MET019,1,4,6,6,1.2135578576116359
MET019,1,4,6,7,0.99785085315903044
MET019,1,4,6,8,0.91095703026758723
MET019,1,4,6,9,1.1990325327256193
MET019,1,4,7,0,1.3348642462648803
MET019,1,4,7,1,1.2795541310656495
MET019,1,4,7,2,1.0809252699623972
MET019,1,4,7,3,0.90966687815605562
MET019,1,4,7,4,1.0500428195596012
MET019,1,4,7,5,1.3281669457292051
MET019,1,4,7,6,1.2759062316338516
MET019,1,4,7,7,1.0676435796997186
MET019,1,4,7,8,0.93316351263996977
MET019,1,4,7,9,0.97060743864950738
MET019,1,4,8,0,1.6007313897352742
MET019,1,4,8,1,1.3995798993033239
MET019,1,4,8,2,1.0108052486642869
MET019,1,4,8,3,1.1710994577471272
MET019,1,4,8,4,1.2255051659849716
MET019,1,4,8,5,1.2134659121128919
MET019,1,4,8,6,0.80726786939791595
MET019,1,4,8,7,1.1694997320404283
MET019,1,4,8,8,0.9662998162435148
MET019,1,4,8,9,1.0477683082451752
MET019,1,4,9,0,1.5803147827781387
MET019,1,4,9,1,1.1309792641747751
MET019,1,4,9,2,1.0104946696171611
MET019,1,4,9,3,1.1438063284630031
MET019,1,4,9,4,1.1251352854085079
MET019,1,4,9,5,1.0231722294149743
MET019,1,4,9,6,1.2008073975728593
MET019,1,4,9,7,1.2607046335630403
MET019,1,4,9,8,1.3637224168517736
MET019,1,4,9,9,1.2800405595795312
MET020,1,1,0,0,1.5084097201538929
MET020,1,1,0,1,1.225005178911283
MET020,1,1,0,2,1.2883064509773332
MET020,1,1,0,3,1.317124701877642
MET020,1,1,0,4,1.416031154770802
MET020,1,1,0,5,1.1720963033936722
MET020,1,1,0,6,1.1006105704157567
MET020,1,1,0,7,1.1044658393326228
MET020,1,1,0,8,1.4444049108558872
MET020,1,1,0,9,1.1919011345094894
MET020,1,1,1,0,1.5153460767523377
MET020,1,1,1,1,1.2751423079484698
MET020,1,1,1,2,0.78982324604793896
MET020,1,1,1,3,1.4235740511858903
MET020,1,1,1,4,0.8297597405419781
MET020,1,1,1,5,1.3739014535727512
MET020,1,1,1,6,1.2938097728268818
MET020,1,1,1,7,1.1898095693116937
MET020,1,1,1,8,1.1064506596939709
MET020,1,1,1,9,1.3987817468813455
MET020,1,1,2,0,1.5172168962088108
MET020,1,1,2,1,1.3792648482032943
MET020,1,1,2,2,1.2144520943304031
MET020,1,1,2,3,0.83198705643687698
MET020,1,1,2,4,1.0196045273550016
MET020,1,1,2,5,1.0667226741246776
MET020,1,1,2,6,1.255526403090313
MET020,1,1,2,7,1.0262441701650915
MET020,1,1,2,8,1.2160802770807111
MET020,1,1,2,9,1.0725560642874727
MET020,1,1,3,0,1.4582755552501223
MET020,1,1,3,1,1.1771873100513821
MET020,1,1,3,2,0.98490246646551483
MET020,1,1,3,3,0.80478616797403313
MET020,1,1,3,4,0.78069614868634041
MET020,1,1,3,5,1.0312437310413975
MET020,1,1,3,6,0.98515097108683325
MET020,1,1,3,7,0.69217050937208124
MET020,1,1,3,8,0.64178515639137901
MET020,1,1,3,9,1.2057186036454577
MET020,1,1,4,0,1.36506614165033
MET020,1,1,4,1,1.3197401602632468
MET020,1,1,4,2,1.3251564254617318
MET020,1,1,4,3,0.80005913301868925
MET020,1,1,4,4,0.91630432538903317
MET020,1,1,4,5,0.78066301807362837
MET020,1,1,4,6,0.98161266490204635
MET020,1,1,4,7,0.77696769208336869
MET020,1,1,4,8,0.71778551639913657
MET020,1,1,4,9,0.77458135345109436
MET020,1,1,5,0,1.4678843169982945
MET020,1,1,5,1,1.7104410229840914
MET020,1,1,5,2,1.1997426474833646
MET020,1,1,5,3,0.90278831602337084
MET020,1,1,5,4,1.0561176331594957
MET020,1,1,5,5,0.8866863443399432
MET020,1,1,5,6,0.77167788964702289
MET020,1,1,5,7,0.6953391857665433
MET020,1,1,5,8,0.97034646806919522
MET020,1,1,5,9,0.96257269294603376
MET020,1,1,6,0,1.7486214064552654
MET020,1,1,6,1,1.5043114364622256
MET020,1,1,6,2,1.4114689204980555
MET020,1,1,6,3,1.4132642243390441
MET020,1,1,6,4,1.0029152354605664
MET020,1,1,6,5,0.91764838293531481
MET020,1,1,6,6,0.87139407677375236
MET020,1,1,6,7,0.67541856234894249
MET020,1,1,6,8,0.88525716790412101
MET020,1,1,6,9,0.69982410623019353
MET020,1,1,7,0,1.8323904972018727
MET020,1,1,7,1,1.4978305357619273
MET020,1,1,7,2,1.376492669058504
MET020,1,1,7,3,0.98104644138958996
MET020,1,1,7,4,1.2368777416054892
MET020,1,1,7,5,1.2767787476261421
MET020,1,1,7,6,0.89253406883755948
MET020,1,1,7,7,0.81161146959868125
MET020,1,1,7,8,0.75005759275150596
MET020,1,1,7,9,0.86974836049442461
MET020,1,1,8,0,1.8664974300172152
MET020,1,1,8,1,1.4568289688287075
MET020,1,1,8,2,0.86664652327031277
MET020,1,1,8,3,1.0997101021306337
MET020,1,1,8,4,1.3315607696906222
MET020,1,1,8,5,0.93602883465686038
MET020,1,1,8,6,1.0908351701269043
MET020,1,1,8,7,1.2825704801425168
MET020,1,1,8,8,0.68469502699765616
MET020,1,1,8,9,0.80359106351402987
MET020,1,1,9,0,1.5406121166686439
MET020,1,1,9,1,0.91607965357318721
MET020,1,1,9,2,1.1964284279002395
MET020,1,1,9,3,1.2339516362240688
MET020,1,1,9,4,1.2055516331165166
MET020,1,1,9,5,1.194705828457391
MET020,1,1,9,6,1.175629712960367
MET020,1,1,9,7,0.70984626682817897
MET020,1,1,9,8,0.69962051441699769
MET020,1,1,9,9,0.80469588167709105
MET020,1,2,0,0,1.0830290921891721
MET020,1,2,0,1,1.2284983101122291
MET020,1,2,0,2,0.90614610503811521
MET020,1,2,0,3,1.0892790483707526
MET020,1,2,0,4,1.1160362735289215
MET020,1,2,0,5,1.0247435724600826
MET020,1,2,0,6,1.3802758321796038
MET020,1,2,0,7,1.0134613217053552
MET020,1,2,0,8,1.0650295426735248
MET020,1,2,0,9,1.266801022099018
MET020,1,2,1,0,1.078660893248466
MET020,1,2,1,1,1.0174803744322145
MET020,1,2,1,2,1.0855698027679102
MET020,1,2,1,3,0.7461915995075914
MET020,1,2,1,4,1.0762697395731071
MET020,1,2,1,5,1.1456917044962562
MET020,1,2,1,6,1.0301388123101094
MET020,1,2,1,7,1.1696269209946459
MET020,1,2,1,8,1.2367206175988139
MET020,1,2,1,9,1.260454597975494
MET020,1,2,2,0,1.394479590247901
MET020,1,2,2,1,1.0322945251988092
MET020,1,2,2,2,1.0165564999893184
MET020,1,2,2,3,0.95511249619057681
MET020,1,2,2,4,0.85035015081245968
MET020,1,2,2,5,1.0891362593525082
MET020,1,2,2,6,0.95894746915097961
MET020,1,2,2,7,1.2456514123785132
MET020,1,2,2,8,1.2893715556174059
MET020,1,2,2,9,1.1959323731751912
MET020,1,2,3,0,1.2204130817119516
MET020,1,2,3,1,1.3265832521244096
MET020,1,2,3,2,0.82439947286171644
MET020,1,2,3,3,0.61972997498862581
MET020,1,2,3,4,0.9149775325529792
MET020,1,2,3,5,0.7871978165632102
MET020,1,2,3,6,0.95325422680391281
MET020,1,2,3,7,0.77913205134967867
MET020,1,2,3,8,1.2205542797452691
MET020,1,2,3,9,1.0622646065586372
MET020,1,2,4,0,0.8699253826427702
MET020,1,2,4,1,1.1759401795899838
MET020,1,2,4,2,1.1015913091114968
MET020,1,2,4,3,0.84264585527748503
MET020,1,2,4,4,0.79568709874965327
MET020,1,2,4,5,0.84742866130142958
MET020,1,2,4,6,0.7728227317907238
MET020,1,2,4,7,0.92422550922207858
MET020,1,2,4,8,1.0314839564369065
MET020,1,2,4,9,1.1293204375121662
MET020,1,2,5,0,1.0251089881164202
MET020,1,2,5,1,1.0495436099141588
MET020,1,2,5,2,1.0160661031801248
MET020,1,2,5,3,0.87410934599668044
MET020,1,2,5,4,0.70700839110992919
MET020,1,2,5,5,0.65967704187888032
MET020,1,2,5,6,0.68794165639958826
MET020,1,2,5,7,0.78823607540882823
MET020,1,2,5,8,0.90892968551428444
MET020,1,2,5,9,0.66716124197235005
MET020,1,2,6,0,1.6018294531276274
MET020,1,2,6,1,1.0595355866862304
MET020,1,2,6,2,0.96249576391196157
MET020,1,2,6,3,1.0905905986932671
MET020,1,2,6,4,0.95482278041145541
MET020,1,2,6,5,1.0456223695449656
MET020,1,2,6,6,0.75709762256196111
MET020,1,2,6,7,0.70796854086137317
MET020,1,2,6,8,0.67571893476477141
MET020,1,2,6,9,0.78860894760428035
MET020,1,2,7,0,1.225654047660069
MET020,1,2,7,1,1.4215548683242354
MET020,1,2,7,2,1.2109371354857701
MET020,1,2,7,3,1.2837097426265034
MET020,1,2,7,4,1.0113725279572214
MET020,1,2,7,5,0.85716309290642434
MET020,1,2,7,6,0.96036002583503077
MET020,1,2,7,7,0.89580796721047329
MET020,1,2,7,8,0.76492615867725622
MET020,1,2,7,9,0.73413764028051198
MET020,1,2,8,0,1.6598931994739401
MET020,1,2,8,1,1.1372652078098848
MET020,1,2,8,2,1.3382779291896942
MET020,1,2,8,3,1.0666929096796387
MET020,1,2,8,4,1.2815270332146846
MET020,1,2,8,5,1.2095603606123622
MET020,1,2,8,6,1.1429586972632897
MET020,1,2,8,7,1.1830875069069142
MET020,1,2,8,8,0.64796904916752596
MET020,1,2,8,9,0.89392531505133033
MET020,1,2,9,0,1.3382359158530983
MET020,1,2,9,1,1.6425702594947142
MET020,1,2,9,2,1.0052153742419212
MET020,1,2,9,3,1.3791173540429582
MET020,1,2,9,4,1.4479157428018381
MET020,1,2,9,5,1.1084635021468128
MET020,1,2,9,6,1.0729125332301861
MET020,1,2,9,7,0.80740327694387515
MET020,1,2,9,8,0.96243886005062784
MET020,1,2,9,9,0.83595541730161127
MET020,1,3,0,0,1.0436415712951663
MET020,1,3,0,1,0.83670063016681162
MET020,1,3,0,2,0.71412212517259976
MET020,1,3,0,3,1.3217092070652194
MET020,1,3,0,4,1.2463540731049494
MET020,1,3,0,5,0.9825893282619228
MET020,1,3,0,6,0.95981792847820724
MET020,1,3,0,7,1.2738512300778717
MET020,1,3,0,8,1.3061667086708144
MET020,1,3,0,9,1.0240024925844631
MET020,1,3,1,0,1.0489320715458901
MET020,1,3,1,1,0.98837584070600759
MET020,1,3,1,2,1.1717352311236682
MET020,1,3,1,3,1.1770053132631146
MET020,1,3,1,4,0.96691875266386118
MET020,1,3,1,5,0.95225816887007597
MET020,1,3,1,6,1.2392336710883367
MET020,1,3,1,7,1.2714099257097635
MET020,1,3,1,8,1.1636302009457065
MET020,1,3,1,9,1.211338868317922
MET020,1,3,2,0,1.3309525570672758
MET020,1,3,2,1,1.1216974378516074
MET020,1,3,2,2,0.89956079575065495
MET020,1,3,2,3,1.0523989257895936
MET020,1,3,2,4,0.97752568023701081
MET020,1,3,2,5,0.9890251601925204
MET020,1,3,2,6,1.4157586413588292
MET020,1,3,2,7,1.3630676704015865
MET020,1,3,2,8,0.96481311972268635
MET020,1,3,2,9,1.3922657953053783
MET020,1,3,3,0,1.2433278958802776
MET020,1,3,3,1,1.3464166878601178
MET020,1,3,3,2,1.0331419139974429
MET020,1,3,3,3,0.95407772281030323
MET020,1,3,3,4,0.83006278795739918
MET020,1,3,3,5,0.84990880544406777
MET020,1,3,3,6,1.0220356108382651
MET020,1,3,3,7,0.99624035044630221
MET020,1,3,3,8,0.86273712659193624
MET020,1,3,3,9,1.0956179139813482
MET020,1,3,4,0,1.4043881139584753
MET020,1,3,4,1,1.4994164214585592
MET020,1,3,4,2,0.86444333518496996
MET020,1,3,4,3,0.81880025688469726
MET020,1,3,4,4,0.70387108637575013
MET020,1,3,4,5,0.7638022260565166
MET020,1,3,4,6,0.84080384074792913
MET020,1,3,4,7,0.62961335638406413
MET020,1,3,4,8,0.85434379835478114
MET020,1,3,4,9,1.0978273690977518
MET020,1,3,5,0,1.5698635934222025
MET020,1,3,5,1,1.0245396244235008
MET020,1,3,5,2,1.3002679413532925
MET020,1,3,5,3,0.82084599965275029
MET020,1,3,5,4,1.1382564025506221
MET020,1,3,5,5,0.80609731327994727
MET020,1,3,5,6,0.80798480382995497
MET020,1,3,5,7,0.90597320959090577
MET020,1,3,5,8,0.7614844931579271
MET020,1,3,5,9,0.99196501865605535
MET020,1,3,6,0,1.0923369062510488
MET020,1,3,6,1,1.1440760056848942
MET020,1,3,6,2,0.94827422734471478
MET020,1,3,6,3,1.1501215299745942
MET020,1,3,6,4,0.90785915673909456
MET020,1,3,6,5,1.0556281378447041
MET020,1,3,6,6,0.77238725450773649
MET020,1,3,6,7,0.74373561496804297
MET020,1,3,6,8,0.69764830390687127
MET020,1,3,6,9,0.72771919653989547
MET020,1,3,7,0,0.99328554572020278
MET020,1,3,7,1,1.2400205222522942
MET020,1,3,7,2,1.3479492336059018
MET020,1,3,7,3,0.94115175542520357
MET020,1,3,7,4,0.96286175202709623
MET020,1,3,7,5,1.0853386906160027
MET020,1,3,7,6,1.2855727841176166
MET020,1,3,7,7,0.84534855340115422
MET020,1,3,7,8,0.62364941268727914
MET020,1,3,7,9,0.7266890046221256
MET020,1,3,8,0,1.1724042154306846
MET020,1,3,8,1,0.9059274854464292
MET020,1,3,8,2,1.3126201985083901
MET020,1,3,8,3,0.96915289224446344
MET020,1,3,8,4,1.225484566074772
MET020,1,3,8,5,1.0367052946778137
MET020,1,3,8,6,0.96623078205285395
MET020,1,3,8,7,0.92557000602673278
MET020,1,3,8,8,0.82484875762348919
MET020,1,3,8,9,0.71909533616281163
MET020,1,3,9,0,0.93767628592202235
MET020,1,3,9,1,1.6813827191615409
MET020,1,3,9,2,1.2166167029189126
MET020,1,3,9,3,1.4508533431250887
MET020,1,3,9,4,1.0951559849724697
MET020,1,3,9,5,1.1136730364458691
MET020,1,3,9,6,1.135547518455748
MET020,1,3,9,7,1.0940359684434675
MET020,1,3,9,8,0.70780810508627623
MET020,1,3,9,9,0.70573352003950462
MET020,1,4,0,0,1.1239703777993104
MET020,1,4,0,1,1.0094845104684973
MET020,1,4,0,2,0.94226837490035664
MET020,1,4,0,3,1.0694284753980423
MET020,1,4,0,4,1.1147255116791104
MET020,1,4,0,5,0.85184589997947624
MET020,1,4,0,6,0.97261891021848579
MET020,1,4,0,7,1.1707777744756247
MET020,1,4,0,8,1.1691871968028742
MET020,1,4,0,9,1.0321592534069419
MET020,1,4,1,0,0.92278559994885956
MET020,1,4,1,1,1.0100888769499667
MET020,1,4,1,2,0.8471677348839296
MET020,1,4,1,3,1.1893803448927167
MET020,1,4,1,4,0.98651806235054762
MET020,1,4,1,5,0.88345977547020338
MET020,1,4,1,6,0.95868831374770536
MET020,1,4,1,7,1.4548778150649142
MET020,1,4,1,8,0.99077304156492196
MET020,1,4,1,9,1.1408725206539989
MET020,1,4,2,0,1.1329408777447123
MET020,1,4,2,1,1.1694990183215062
MET020,1,4,2,2,0.98901908871185085
MET020,1,4,2,3,0.88076088524717933
MET020,1,4,2,4,1.0824163168770506
MET020,1,4,2,5,1.1092680707816778
MET020,1,4,2,6,1.3005959625546315
MET020,1,4,2,7,1.2572793169403349
MET020,1,4,2,8,0.85929028162522203
MET020,1,4,2,9,1.0973387931606224
MET020,1,4,3,0,1.0381374674427124
MET020,1,4,3,1,0.96717860589515636
MET020,1,4,3,2,0.88809475837762653
MET020,1,4,3,3,0.81715468748214315
MET020,1,4,3,4,0.85693634341197
MET020,1,4,3,5,0.92632647718740035
MET020,1,4,3,6,1.3480403914925998
MET020,1,4,3,7,0.82131620800436245
MET020,1,4,3,8,1.2134488125136595
MET020,1,4,3,9,0.96008466133107639
MET020,1,4,4,0,1.1866621144379803
MET020,1,4,4,1,1.419181203472587
MET020,1,4,4,2,0.89628684842512052
MET020,1,4,4,3,1.2549661836984776
MET020,1,4,4,4,0.93423285644969156
MET020,1,4,4,5,0.81533916495491576
MET020,1,4,4,6,0.79314160526325883
MET020,1,4,4,7,0.90110176784310281
MET020,1,4,4,8,0.81173794640147467
MET020,1,4,4,9,0.94675628506865805
MET020,1,4,5,0,0.99356803749226763
MET020,1,4,5,1,0.91605044575777839
MET020,1,4,5,2,1.2015901491751624
MET020,1,4,5,3,1.0282277902603909
MET020,1,4,5,4,0.9684467634980376
MET020,1,4,5,5,0.8507062968847493
MET020,1,4,5,6,0.80995025829194955
MET020,1,4,5,7,0.83204136532100892
MET020,1,4,5,8,1.0164262242710871
MET020,1,4,5,9,1.147920485359105
MET020,1,4,6,0,0.88341741231392079
MET020,1,4,6,1,1.1336708572418166
MET020,1,4,6,2,0.99325696472528524
MET020,1,4,6,3,0.80242104163424288
MET020,1,4,6,4,1.028928180599409
MET020,1,4,6,5,0.89902301278524788
MET020,1,4,6,6,0.91448958103170686
MET020,1,4,6,7,0.80386189209729619
MET020,1,4,6,8,1.0744473195553177
MET020,1,4,6,9,0.90575062608073875
MET020,1,4,7,0,0.91016622612914244
MET020,1,4,7,1,0.59106045469930835
MET020,1,4,7,2,1.2811758155398765
MET020,1,4,7,3,1.0299205604905757
MET020,1,4,7,4,0.94267356337582897
MET020,1,4,7,5,1.2483950973637803
MET020,1,4,7,6,0.82535649003818812
MET020,1,4,7,7,0.75721909656391839
MET020,1,4,7,8,0.89779436865847639
MET020,1,4,7,9,0.96495705847579305
MET020,1,4,8,0,0.81593697950977417
MET020,1,4,8,1,0.84871371518093408
MET020,1,4,8,2,1.1065155598788921
MET020,1,4,8,3,1.2636253014380097
MET020,1,4,8,4,1.0933040433528469
MET020,1,4,8,5,1.3469925194000152
MET020,1,4,8,6,1.0996571660775256
MET020,1,4,8,7,0.99633853337350642
MET020,1,4,8,8,0.86833409111905047
MET020,1,4,8,9,0.97826970065202956
MET020,1,4,9,0,0.94501906570129524
MET020,1,4,9,1,0.9192245242080852
MET020,1,4,9,2,1.3970135515046955
MET020,1,4,9,3,0.91550658905219495
MET020,1,4,9,4,0.994908044556575
MET020,1,4,9,5,1.2354938746237525
MET020,1,4,9,6,1.2012595634053402
MET020,1,4,9,7,0.92481287582603056
MET020,1,4,9,8,1.2096585373007289
MET020,1,4,9,9,0.96781764396208458
MET021,1,1,0,0,1.0088649274538206
MET021,1,1,0,1,0.99539961755333661
MET021,1,1,0,2,1.1072282288708073
MET021,1,1,0,3,1.0060216472875714
MET021,1,1,0,4,1.2704687521113822
MET021,1,1,0,5,0.93791207718564518
MET021,1,1,0,6,0.97280697559350882
MET021,1,1,0,7,1.0544553080669976
MET021,1,1,0,8,1.2057500960063412
MET021,1,1,0,9,0.99907093221222376
MET021,1,1,1,0,1.0619092917437132
MET021,1,1,1,1,1.0664091008297425
MET021,1,1,1,2,0.91389675595575637
MET021,1,1,1,3,0.97174053507979685
MET021,1,1,1,4,1.15878897070727
MET021,1,1,1,5,1.0092605622809778
MET021,1,1,1,6,1.1559488807909106
MET021,1,1,1,7,0.86794093991094168
MET021,1,1,1,8,0.95692010425404284
MET021,1,1,1,9,1.1771113504734825
MET021,1,1,2,0,1.1754664177874086
MET021,1,1,2,1,0.96406749265663638
MET021,1,1,2,2,1.2707092489101921
MET021,1,1,2,3,0.89850621711790957
MET021,1,1,2,4,1.0004785255962865
MET021,1,1,2,5,0.76190201621228815
MET021,1,1,2,6,0.89729382860769547
MET021,1,1,2,7,0.83398923979660899
MET021,1,1,2,8,1.0653741595311204
MET021,1,1,2,9,0.80005076976218836
MET021,1,1,3,0,1.1154464596714309
MET021,1,1,3,1,1.1364276087937786
MET021,1,1,3,2,0.81949976897427779
MET021,1,1,3,3,1.2558855593688574
MET021,1,1,3,4,0.87588865129024496
MET021,1,1,3,5,0.9668080076996316
MET021,1,1,3,6,0.87626297406358888
MET021,1,1,3,7,0.8391826989229022
MET021,1,1,3,8,0.78335883868790612
MET021,1,1,3,9,0.8497151737713412
MET021,1,1,4,0,1.0467267393257831
MET021,1,1,4,1,0.82234686342256291
MET021,1,1,4,2,0.83245081856149805
MET021,1,1,4,3,1.0139702789619169
MET021,1,1,4,4,0.93432951886438265
MET021,1,1,4,5,0.82352458882391499
MET021,1,1,4,6,0.92337416091403601
MET021,1,1,4,7,0.89049179226500752
MET021,1,1,4,8,0.8299859784964424
MET021,1,1,4,9,0.96441695639741942
MET021,1,1,5,0,0.77411485953192583
MET021,1,1,5,1,1.1017251488692763
MET021,1,1,5,2,0.97270185663155295
MET021,1,1,5,3,0.85932580621075561
MET021,1,1,5,4,0.83254096011572964
MET021,1,1,5,5,0.78441824769577684
MET021,1,1,5,6,0.78777932435163855
MET021,1,1,5,7,0.71767146213605815
MET021,1,1,5,8,0.85289185330279882
MET021,1,1,5,9,0.95690159704817124
MET021,1,1,6,0,0.91875687563458763
MET021,1,1,6,1,0.71928704503201724
MET021,1,1,6,2,0.8304494338907995
MET021,1,1,6,3,0.92406768571082198
MET021,1,1,6,4,0.80014569879453779
MET021,1,1,6,5,0.77443078229481854
MET021,1,1,6,6,1.0133989353352513
MET021,1,1,6,7,0.69335483500449258
MET021,1,1,6,8,1.1172131314703746
MET021,1,1,6,9,0.71270997208701814
MET021,1,1,7,0,0.69340926985440643
MET021,1,1,7,1,0.94575690069952956
MET021,1,1,7,2,0.90359252267662604
MET021,1,1,7,3,0.72768291785788464
MET021,1,1,7,4,0.7360079927939801
MET021,1,1,7,5,0.8618838303307419
MET021,1,1,7,6,0.98314989121555785
MET021,1,1,7,7,0.75801597462142511
MET021,1,1,7,8,0.79245826147162635
MET021,1,1,7,9,0.88998051893712682
MET021,1,1,8,0,1.0428093422616995
MET021,1,1,8,1,1.1542388634605911
MET021,1,1,8,2,1.0836525272993101
MET021,1,1,8,3,0.7169552987909662
MET021,1,1,8,4,1.097470430636359
MET021,1,1,8,5,1.317058340738039
MET021,1,1,8,6,0.88472360682340723
MET021,1,1,8,7,0.76952461248023329
MET021,1,1,8,8,0.98716292688506757
MET021,1,1,8,9,1.0665757007490091
MET021,1,1,9,0,1.2816464756257162
MET021,1,1,9,1,0.91263039097462817
MET021,1,1,9,2,1.0236054787779301
MET021,1,1,9,3,1.0656487815267583
MET021,1,1,9,4,1.2329087529082554
MET021,1,1,9,5,0.89360322660631897
MET021,1,1,9,6,0.7811568664109978
MET021,1,1,9,7,0.9419797087899564
MET021,1,1,9,8,1.1445164571869453
MET021,1,1,9,9,1.1002458270192066
MET021,1,2,0,0,1.2427372662920704
MET021,1,2,0,1,0.91877116629311395
MET021,1,2,0,2,1.4135948141060239
MET021,1,2,0,3,1.1457649484526418
MET021,1,2,0,4,0.98384077462222319
MET021,1,2,0,5,1.0699027355539421
MET021,1,2,0,6,1.3362504147598764
MET021,1,2,0,7,1.066067569968921
MET021,1,2,0,8,1.1238148070882497
MET021,1,2,0,9,1.395894376226875
MET021,1,2,1,0,0.94715103913000176
MET021,1,2,1,1,1.1203438606118217
MET021,1,2,1,2,0.93135148442552196
MET021,1,2,1,3,1.3242468012776825
MET021,1,2,1,4,1.5004966655022425
MET021,1,2,1,5,1.4081319091686493
MET021,1,2,1,6,1.0796930132812663
MET021,1,2,1,7,1.1220013970447145
MET021,1,2,1,8,1.1331345321435691
MET021,1,2,1,9,1.3106754770488684
MET021,1,2,2,0,1.0380591648124591
MET021,1,2,2,1,1.2024927520207185
MET021,1,2,2,2,1.289602517862048
MET021,1,2,2,3,1.0402849438069228
MET021,1,2,2,4,0.99782164457746603
MET021,1,2,2,5,1.3803673604418685
MET021,1,2,2,6,1.1046154992219497
MET021,1,2,2,7,1.1903587053269908
MET021,1,2,2,8,1.0709596957601923
MET021,1,2,2,9,1.2282667945974164
MET021,1,2,3,0,1.0949462824850891
MET021,1,2,3,1,1.2638402081338569
MET021,1,2,3,2,1.0486084630926391
MET021,1,2,3,3,1.0954999330471282
MET021,1,2,3,4,0.94868917263084718
MET021,1,2,3,5,1.0945969753057825
MET021,1,2,3,6,1.087013600448332
MET021,1,2,3,7,1.2962150459387594
MET021,1,2,3,8,1.3784701472744845
MET021,1,2,3,9,1.0798443021755333
MET021,1,2,4,0,1.2192303154404136
MET021,1,2,4,1,1.1222520213615943
MET021,1,2,4,2,0.86042698853680699
MET021,1,2,4,3,0.95172194125498799
MET021,1,2,4,4,1.1658787033944291
MET021,1,2,4,5,1.0725374698326864
MET021,1,2,4,6,0.90255900965912395
MET021,1,2,4,7,1.0484484542761865
MET021,1,2,4,8,1.0584405510433079
MET021,1,2,4,9,1.283429661508285
MET021,1,2,5,0,1.2658792731922059
MET021,1,2,5,1,0.94642161227533017
MET021,1,2,5,2,1.1812997820919342
MET021,1,2,5,3,1.0967762375025178
MET021,1,2,5,4,0.8355084589041174
MET021,1,2,5,5,1.0850975146575317
MET021,1,2,5,6,1.0212101528767714
MET021,1,2,5,7,0.9339047526092048
MET021,1,2,5,8,1.0570196482271641
MET021,1,2,5,9,1.1860102468610638
MET021,1,2,6,0,1.5593068330092927
MET021,1,2,6,1,1.1925932619929531
MET021,1,2,6,2,1.2397585429336724
MET021,1,2,6,3,0.86046669891888317
MET021,1,2,6,4,1.0968295420682359
MET021,1,2,6,5,1.1829362790170863
MET021,1,2,6,6,0.98294109559948761
MET021,1,2,6,7,1.0447913559399873
MET021,1,2,6,8,1.0914628547767171
MET021,1,2,6,9,0.87319256910117438
MET021,1,2,7,0,1.3413758737237371
MET021,1,2,7,1,1.1178101551851836
MET021,1,2,7,2,0.8545662340399649
MET021,1,2,7,3,1.1190709599352862
MET021,1,2,7,4,1.1805749597946911
MET021,1,2,7,5,1.0367659757961369
MET021,1,2,7,6,1.0789101802016918
MET021,1,2,7,7,1.0139119644991328
MET021,1,2,7,8,0.88599465246383291
MET021,1,2,7,9,1.0025643853008106
MET021,1,2,8,0,1.2745610613940368
MET021,1,2,8,1,1.0339768751312444
MET021,1,2,8,2,1.1142109133225495
MET021,1,2,8,3,1.1022769406492143
MET021,1,2,8,4,0.96453705721175798
MET021,1,2,8,5,1.0573097068921848
MET021,1,2,8,6,1.0063154158223964
MET021,1,2,8,7,0.98598389356611815
MET021,1,2,8,8,1.0843053439943198
MET021,1,2,8,9,1.0158196533868082
MET021,1,2,9,0,1.4675456773708406
MET021,1,2,9,1,1.306646468723736
MET021,1,2,9,2,1.0301120922695579
MET021,1,2,9,3,0.93888933150759524
MET021,1,2,9,4,1.0944629970039756
MET021,1,2,9,5,1.0063339626291361
MET021,1,2,9,6,0.9101118674014036
MET021,1,2,9,7,1.0878772672793786
MET021,1,2,9,8,1.1756098271418671
MET021,1,2,9,9,1.1670071208169237
MET021,1,3,0,0,1.0205112223191497
MET021,1,3,0,1,1.0101228299221716
MET021,1,3,0,2,1.332764079235061
MET021,1,3,0,3,1.2139441311023207
MET021,1,3,0,4,1.3830985253132573
MET021,1,3,0,5,1.1564222973235074
MET021,1,3,0,6,0.85468104633236974
MET021,1,3,0,7,1.0942278614347301
MET021,1,3,0,8,0.99049813501661443
MET021,1,3,0,9,0.91750060179932036
MET021,1,3,1,0,1.3925081234783621
MET021,1,3,1,1,0.93944547535845879
MET021,1,3,1,2,1.0214131339856991
MET021,1,3,1,3,1.4490382267078947
MET021,1,3,1,4,1.1182735719778552
MET021,1,3,1,5,0.96653552798173181
MET021,1,3,1,6,1.2982270822182771
MET021,1,3,1,7,1.2869149898268903
MET021,1,3,1,8,0.93668371392235317
MET021,1,3,1,9,1.0265575430684322
MET021,1,3,2,0,1.0305390442993081
MET021,1,3,2,1,0.99600929117412962
MET021,1,3,2,2,1.1257314797343578
MET021,1,3,2,3,0.99389487288684497
MET021,1,3,2,4,0.8600936715690346
MET021,1,3,2,5,1.1471865042751599
MET021,1,3,2,6,1.1161143340301689
MET021,1,3,2,7,0.83664175987946909
MET021,1,3,2,8,1.1680986406145797
MET021,1,3,2,9,0.90839556702735802
MET021,1,3,3,0,1.1110709601635171
MET021,1,3,3,1,1.1860192451835181
MET021,1,3,3,2,0.96669693778044818
MET021,1,3,3,3,0.85214137778909094
MET021,1,3,3,4,1.0258347134042254
MET021,1,3,3,5,0.91563379168043035
MET021,1,3,3,6,0.88154410358894331
MET021,1,3,3,7,1.1074069452186637
MET021,1,3,3,8,0.87003642519248403
MET021,1,3,3,9,1.1269761884822831
MET021,1,3,4,0,0.96529862843948055
MET021,1,3,4,1,0.95467841463578362
MET021,1,3,4,2,0.99038090667731882
MET021,1,3,4,3,0.99644470310644284
MET021,1,3,4,4,1.2486798057605533
MET021,1,3,4,5,0.81143450239241599
MET021,1,3,4,6,0.93959672246250203
MET021,1,3,4,7,0.87813505886158316
MET021,1,3,4,8,1.061767818677037
MET021,1,3,4,9,0.99405687756802918
MET021,1,3,5,0,1.2304500088968475
MET021,1,3,5,1,0.93322767027567322
MET021,1,3,5,2,1.2624888251409805
MET021,1,3,5,3,0.9711127963944084
MET021,1,3,5,4,1.085368084647838
MET021,1,3,5,5,0.9941569587575918
MET021,1,3,5,6,0.88436002517111756
MET021,1,3,5,7,1.1286565069975607
MET021,1,3,5,8,0.73146702536594765
MET021,1,3,5,9,0.93315626171970478
MET021,1,3,6,0,1.1130983017765574
MET021,1,3,6,1,1.3905409527759669
MET021,1,3,6,2,0.78261110296724778
MET021,1,3,6,3,1.0069904566266998
MET021,1,3,6,4,1.0355121691182765
MET021,1,3,6,5,0.91539116969956424
MET021,1,3,6,6,1.1136053145622815
MET021,1,3,6,7,0.81105014715187385
MET021,1,3,6,8,0.92532177805097005
MET021,1,3,6,9,0.88003211051507568
MET021,1,3,7,0,1.2731940870447049
MET021,1,3,7,1,1.0075677776465879
MET021,1,3,7,2,1.0625500376694701
MET021,1,3,7,3,1.2053786878031354
MET021,1,3,7,4,0.79468226695069466
MET021,1,3,7,5,0.95710236466816478
MET021,1,3,7,6,1.0872220813926496
MET021,1,3,7,7,1.005018153585175
MET021,1,3,7,8,1.0042048018459022
MET021,1,3,7,9,0.86292523650499797
MET021,1,3,8,0,0.98914802302383742
MET021,1,3,8,1,1.1239409993881264
MET021,1,3,8,2,1.2225109985773981
MET021,1,3,8,3,0.82591064273692982
MET021,1,3,8,4,1.0026323242792712
MET021,1,3,8,5,1.1311220234620194
MET021,1,3,8,6,1.2208390462002352
MET021,1,3,8,7,1.0653820644746557
MET021,1,3,8,8,0.79708640260273056
MET021,1,3,8,9,0.98134668810931225
MET021,1,3,9,0,1.1198037276498858
MET021,1,3,9,1,1.1551466961089734
MET021,1,3,9,2,0.93607342041028496
MET021,1,3,9,3,1.0534069986654138
MET021,1,3,9,4,1.1297548556279144
MET021,1,3,9,5,1.1724983943328295
MET021,1,3,9,6,1.2929065995515223
MET021,1,3,9,7,0.89011648366186802
MET021,1,3,9,8,0.85891319066622662
MET021,1,3,9,9,0.87522788873531421
MET021,1,4,0,0,1.0748984645721451
MET021,1,4,0,1,1.4526436108217291
MET021,1,4,0,2,1.4233083875347301
MET021,1,4,0,3,1.3172833741976289
MET021,1,4,0,4,1.3661306231248329
MET021,1,4,0,5,0.95967123591027637
MET021,1,4,0,6,0.90509977163393796
MET021,1,4,0,7,1.3004252382064452
MET021,1,4,0,8,0.94672338934458544
MET021,1,4,0,9,1.0624406268380202
MET021,1,4,1,0,1.2433510427780814
MET021,1,4,1,1,1.0969883962043652
MET021,1,4,1,2,0.87332406161966503
MET021,1,4,1,3,1.0232296684260871
MET021,1,4,1,4,1.1016633512918406
MET021,1,4,1,5,0.98490026507179762
MET021,1,4,1,6,1.126779182236578
MET021,1,4,1,7,0.93050941606445703
MET021,1,4,1,8,0.99773036534042236
MET021,1,4,1,9,0.92216837662839002
MET021,1,4,2,0,1.076367550989562
MET021,1,4,2,1,1.0218697303643141
MET021,1,4,2,2,1.2193758537945101
MET021,1,4,2,3,1.0752222658871629
MET021,1,4,2,4,0.88407418392242032
MET021,1,4,2,5,1.0580846554642471
MET021,1,4,2,6,0.91040944112009836
MET021,1,4,2,7,1.1704859090887989
MET021,1,4,2,8,0.9913235603754218
MET021,1,4,2,9,1.2830621160813236
MET021,1,4,3,0,1.2135955374238716
MET021,1,4,3,1,1.1150037876039007
MET021,1,4,3,2,0.91578405065204216
MET021,1,4,3,3,0.85852099779113566
MET021,1,4,3,4,0.8439514647136368
MET021,1,4,3,5,0.98481214942878237
MET021,1,4,3,6,0.96811110736846084
MET021,1,4,3,7,1.0333453228550755
MET021,1,4,3,8,1.125925797687817
MET021,1,4,3,9,0.93096548812632185
MET021,1,4,4,0,1.0153077783001052
MET021,1,4,4,1,1.0092319393844429
MET021,1,4,4,2,0.89869571935002446
MET021,1,4,4,3,1.109898055079988
MET021,1,4,4,4,0.97181590319605937
MET021,1,4,4,5,1.0356378108116508
MET021,1,4,4,6,0.98755938365215923
MET021,1,4,4,7,0.69117876644004028
MET021,1,4,4,8,0.83840163344193752
MET021,1,4,4,9,0.88946613855913825
MET021,1,4,5,0,1.3369974673392817
MET021,1,4,5,1,0.81240029001579805
MET021,1,4,5,2,0.99032822021909162
MET021,1,4,5,3,0.94695716005320241
MET021,1,4,5,4,1.3007591295202787
MET021,1,4,5,5,0.99064262857848318
MET021,1,4,5,6,0.87360089134956675
MET021,1,4,5,7,1.0013679224621166
MET021,1,4,5,8,0.91777775467650557
MET021,1,4,5,9,0.96063228166020076
MET021,1,4,6,0,1.1232706124529781
MET021,1,4,6,1,0.89998743651371771
MET021,1,4,6,2,0.92657832407140361
MET021,1,4,6,3,1.2183705775012106
MET021,1,4,6,4,0.88161964120488956
MET021,1,4,6,5,0.91368763981794443
MET021,1,4,6,6,1.2332892300486578
MET021,1,4,6,7,0.71147649053523343
MET021,1,4,6,8,0.82253555929170341
MET021,1,4,6,9,0.98356017532852558
MET021,1,4,7,0,0.88842186579218452
MET021,1,4,7,1,1.0870504869147464
MET021,1,4,7,2,1.0151149532902382
MET021,1,4,7,3,1.0905198670220115
MET021,1,4,7,4,1.0190947611753494
MET021,1,4,7,5,1.2020914154037143
MET021,1,4,7,6,0.92542429169705165
MET021,1,4,7,7,1.0246406910276109
MET021,1,4,7,8,0.78911721312729166
MET021,1,4,7,9,0.95573768226133837
MET021,1,4,8,0,1.1631666231880655
MET021,1,4,8,1,1.2020532789837377
MET021,1,4,8,2,1.0712296920380862
MET021,1,4,8,3,0.96975420669212797
MET021,1,4,8,4,1.2568329161464156
MET021,1,4,8,5,0.8898986082333088
MET021,1,4,8,6,0.89330606911985178
MET021,1,4,8,7,1.1353537164578369
MET021,1,4,8,8,0.91700977447666043
MET021,1,4,8,9,0.8600541488151574
MET021,1,4,9,0,1.0527879391353825
MET021,1,4,9,1,1.1113566056131945
MET021,1,4,9,2,0.96032084988981681
MET021,1,4,9,3,1.2200004270552656
MET021,1,4,9,4,1.2579610468628519
MET021,1,4,9,5,1.0113529561261116
MET021,1,4,9,6,1.0621041177681227
MET021,1,4,9,7,0.95280566650647858
MET021,1,4,9,8,1.172508324419651
MET021,1,4,9,9,1.3279515643197135
MET021,2,1,0,0,1.2229618014589874
MET021,2,1,0,1,1.0410928137783846
MET021,2,1,0,2,0.93760576986919941
MET021,2,1,0,3,1.1757226944380603
MET021,2,1,0,4,0.80737278698761072
MET021,2,1,0,5,0.94167371048328885
MET021,2,1,0,6,0.9174340386211236
MET021,2,1,0,7,0.99022453260878895
MET021,2,1,0,8,0.80470308310872729
MET021,2,1,0,9,0.94067695387289918
MET021,2,1,1,0,1.0419069608090361
MET021,2,1,1,1,0.79560821548681371
MET021,2,1,1,2,0.943903076816904
MET021,2,1,1,3,0.85110383049193772
MET021,2,1,1,4,0.89194475916903782
MET021,2,1,1,5,0.82553275229930712
MET021,2,1,1,6,0.92825834351891956
MET021,2,1,1,7,0.85061500236331322
MET021,2,1,1,8,0.90439102049020681
MET021,2,1,1,9,0.96970158002509244
MET021,2,1,2,0,0.71260980526784057
MET021,2,1,2,1,0.93451131587516223
MET021,2,1,2,2,0.95448882910255683
MET021,2,1,2,3,0.75065504340872469
MET021,2,1,2,4,0.89383518009211804
MET021,2,1,2,5,0.90297663492665203
MET021,2,1,2,6,0.92740111329003116
MET021,2,1,2,7,0.87807498763190184
MET021,2,1,2,8,0.79882990488846883
MET021,2,1,2,9,0.79495145548198043
MET021,2,1,3,0,1.0680158629765091
MET021,2,1,3,1,0.93339191313364656
MET021,2,1,3,2,0.86855697612048655
MET021,2,1,3,3,0.81806567368775307
MET021,2,1,3,4,0.94526761359832556
MET021,2,1,3,5,0.68096759536397677
MET021,2,1,3,6,1.0441336500482621
MET021,2,1,3,7,0.880254944257853
MET021,2,1,3,8,1.105837092502886
MET021,2,1,3,9,0.89370529182989156
MET021,2,1,4,0,0.83275552641920758
MET021,2,1,4,1,0.83684700706962489
MET021,2,1,4,2,0.98001053940314398
MET021,2,1,4,3,0.99948065190284363
MET021,2,1,4,4,0.88851771935678425
MET021,2,1,4,5,0.83937288623482853
MET021,2,1,4,6,0.93963290414940837
MET021,2,1,4,7,0.77496553254895562
MET021,2,1,4,8,0.77840804016903464
MET021,2,1,4,9,0.76588355075654146
MET021,2,1,5,0,0.91829153952452502
MET021,2,1,5,1,0.75680993286045573
MET021,2,1,5,2,1.0600377735413782
MET021,2,1,5,3,0.84840328380947261
MET021,2,1,5,4,0.89066600661814432
MET021,2,1,5,5,1.0287665821695835
MET021,2,1,5,6,0.95325869339462443
MET021,2,1,5,7,0.93184283379152277
MET021,2,1,5,8,0.73171557637769347
MET021,2,1,5,9,0.88925259030399939
MET021,2,1,6,0,1.1514428424772454
MET021,2,1,6,1,1.0751699710531035
MET021,2,1,6,2,0.83377370226863468
MET021,2,1,6,3,0.87228652293976339
MET021,2,1,6,4,0.74295277774276913
MET021,2,1,6,5,0.99536771239147115
MET021,2,1,6,6,0.69192202607012865
MET021,2,1,6,7,0.80003034234909609
MET021,2,1,6,8,0.76002060757494838
MET021,2,1,6,9,0.82958628946924773
MET021,2,1,7,0,0.96319880575864103
MET021,2,1,7,1,0.79723813876883232
MET021,2,1,7,2,0.78079934531545014
MET021,2,1,7,3,0.76864036437282579
MET021,2,1,7,4,0.8845856051409724
MET021,2,1,7,5,0.91710691208311357
MET021,2,1,7,6,0.67451329777756142
MET021,2,1,7,7,0.88202341234373915
MET021,2,1,7,8,0.78481212028390013
MET021,2,1,7,9,0.83096560122247076
MET021,2,1,8,0,0.75514720813375302
MET021,2,1,8,1,0.94494267460120318
MET021,2,1,8,2,0.78185336631601521
MET021,2,1,8,3,0.87463646511453264
MET021,2,1,8,4,0.96541676383447161
MET021,2,1,8,5,0.89239202778269688
MET021,2,1,8,6,0.84477041895972071
MET021,2,1,8,7,0.72656516556325457
MET021,2,1,8,8,0.96035090366237641
MET021,2,1,8,9,0.98019783625953716
MET021,2,1,9,0,0.84012577803097732
MET021,2,1,9,1,0.97013788981319082
MET021,2,1,9,2,0.94099439810549923
MET021,2,1,9,3,0.93350315175077603
MET021,2,1,9,4,0.83435928054350439
MET021,2,1,9,5,0.98404029658411163
MET021,2,1,9,6,0.81974457725021144
MET021,2,1,9,7,0.92795843359744024
MET021,2,1,9,8,0.90347848472442716
MET021,2,1,9,9,1.0984693195721416
MET021,2,2,0,0,1.4963265342673406
MET021,2,2,0,1,1.0558208822240016
MET021,2,2,0,2,1.2510170931978193
MET021,2,2,0,3,1.6780196600309083
MET021,2,2,0,4,1.7948332787815444
MET021,2,2,0,5,1.5963606410355651
MET021,2,2,0,6,1.334635722842658
MET021,2,2,0,7,1.3767380495608503
MET021,2,2,0,8,1.4199498599787908
MET021,2,2,0,9,1.052656565201092
MET021,2,2,1,0,1.2977953134954541
MET021,2,2,1,1,0.96338461074588078
MET021,2,2,1,2,1.3151565289349756
MET021,2,2,1,3,1.5169490925956235
MET021,2,2,1,4,1.487337354945502
MET021,2,2,1,5,1.3938318480855192
MET021,2,2,1,6,1.4753941525902097
MET021,2,2,1,7,1.094126839810327
MET021,2,2,1,8,1.2914098301267254
MET021,2,2,1,9,1.3283762835725166
MET021,2,2,2,0,1.5596163296520047
MET021,2,2,2,1,1.3332494699601674
MET021,2,2,2,2,1.4003038348698515
MET021,2,2,2,3,1.1525398032474516
MET021,2,2,2,4,1.2343449249738263
MET021,2,2,2,5,1.5839232933569354
MET021,2,2,2,6,1.1231391499070185
MET021,2,2,2,7,1.5531219212124778
MET021,2,2,2,8,1.0927483160694289
MET021,2,2,2,9,1.4059303722281382
MET021,2,2,3,0,1.6026359412389095
MET021,2,2,3,1,1.6556064029635815
MET021,2,2,3,2,1.229659493773577
MET021,2,2,3,3,1.3495891622093217
MET021,2,2,3,4,1.1464891720465842
MET021,2,2,3,5,1.1179127095820258
MET021,2,2,3,6,1.2832776591804536
MET021,2,2,3,7,1.007476946726825
MET021,2,2,3,8,1.4642777701794294
MET021,2,2,3,9,1.3491542704458266
MET021,2,2,4,0,1.6960447856576597
MET021,2,2,4,1,1.1200164718163736
MET021,2,2,4,2,1.2860467951312335
MET021,2,2,4,3,1.3398792108245512
MET021,2,2,4,4,1.2720468994243559
MET021,2,2,4,5,0.91379491512813682
MET021,2,2,4,6,0.8749223967835994
MET021,2,2,4,7,1.1400846587767619
MET021,2,2,4,8,1.3984222320263733
MET021,2,2,4,9,1.3752010517612965
MET021,2,2,5,0,1.6319396828177162
MET021,2,2,5,1,1.6238114360648921
MET021,2,2,5,2,1.2386708197342191
MET021,2,2,5,3,1.186408942869646
MET021,2,2,5,4,0.66173189178630742
MET021,2,2,5,5,1.1412605222125021
MET021,2,2,5,6,0.89500800269396663
MET021,2,2,5,7,1.1300093072120103
MET021,2,2,5,8,1.2664373538113916
MET021,2,2,5,9,0.89947848070033809
MET021,2,2,6,0,0.92773729200204957
MET021,2,2,6,1,1.3915279777711731
MET021,2,2,6,2,1.1732872665087328
MET021,2,2,6,3,1.0056321384527347
MET021,2,2,6,4,1.116080195800816
MET021,2,2,6,5,1.1794978639314542
MET021,2,2,6,6,1.1199984517954231
MET021,2,2,6,7,0.91531459312120356
MET021,2,2,6,8,0.80829363311920777
MET021,2,2,6,9,0.97145876567433076
MET021,2,2,7,0,1.2343951258681969
MET021,2,2,7,1,1.1763556306081522
MET021,2,2,7,2,1.122394423330604
MET021,2,2,7,3,1.0093303177397912
MET021,2,2,7,4,0.94129711624759038
MET021,2,2,7,5,1.2901094657847718
MET021,2,2,7,6,1.3388782972441773
MET021,2,2,7,7,0.98664955379837405
MET021,2,2,7,8,0.88154432245306402
MET021,2,2,7,9,0.83388463158518489
MET021,2,2,8,0,1.3125192007224338
MET021,2,2,8,1,1.0652520814529629
MET021,2,2,8,2,0.86254869511072751
MET021,2,2,8,3,1.0963245843791007
MET021,2,2,8,4,1.1927382851583193
MET021,2,2,8,5,1.0411409862403218
MET021,2,2,8,6,0.96753336481760621
MET021,2,2,8,7,0.86841596323615999
MET021,2,2,8,8,0.95936877407738397
MET021,2,2,8,9,0.84643976338451277
MET021,2,2,9,0,1.1727584661540409
MET021,2,2,9,1,1.1746342672432863
MET021,2,2,9,2,1.2943376298224789
MET021,2,2,9,3,1.206231856778236
MET021,2,2,9,4,1.2714811264985224
MET021,2,2,9,5,1.0264082739918945
MET021,2,2,9,6,0.99428855575291719
MET021,2,2,9,7,0.76696313558124585
MET021,2,2,9,8,0.93022053791979642
MET021,2,2,9,9,0.90243442570909138
MET021,2,3,0,0,1.3647709673671096
MET021,2,3,0,1,1.2048496354121769
MET021,2,3,0,2,1.2777460111123589
MET021,2,3,0,3,1.4401158253496191
MET021,2,3,0,4,1.5786192376744554
MET021,2,3,0,5,1.5755436114751551
MET021,2,3,0,6,1.269347189282275
MET021,2,3,0,7,1.2939357121929509
MET021,2,3,0,8,1.3075300802382801
MET021,2,3,0,9,1.3224005589348038
MET021,2,3,1,0,1.4871081951282992
MET021,2,3,1,1,1.1267230561538266
MET021,2,3,1,2,1.0009544414137792
MET021,2,3,1,3,1.4196462955048383
MET021,2,3,1,4,1.676211008761709
MET021,2,3,1,5,1.3096653137935368
MET021,2,3,1,6,1.2776379001249836
MET021,2,3,1,7,1.3804358325551549
MET021,2,3,1,8,1.3849039672234376
MET021,2,3,1,9,0.87867632418616204
MET021,2,3,2,0,1.2489527918216881
MET021,2,3,2,1,1.2297152375605915
MET021,2,3,2,2,1.3508152487915612
MET021,2,3,2,3,0.98070894002277298
MET021,2,3,2,4,1.0748650153252897
MET021,2,3,2,5,1.3821770428217754
MET021,2,3,2,6,1.3763750961253065
MET021,2,3,2,7,1.4060884257889457
MET021,2,3,2,8,1.4127943285109019
MET021,2,3,2,9,1.0915380256725573
MET021,2,3,3,0,1.5312189240447505
MET021,2,3,3,1,0.96768853200765437
MET021,2,3,3,2,0.99263686648985561
MET021,2,3,3,3,1.1898968707534665
MET021,2,3,3,4,0.96580505446330223
MET021,2,3,3,5,0.98996293584519357
MET021,2,3,3,6,1.3925004358395303
MET021,2,3,3,7,0.94278738782421279
MET021,2,3,3,8,0.86074632991391375
MET021,2,3,3,9,0.70453898635296863
MET021,2,3,4,0,0.95791122584834998
MET021,2,3,4,1,1.0779890714995637
MET021,2,3,4,2,0.96627399364438804
MET021,2,3,4,3,1.1175101206460654
MET021,2,3,4,4,1.1518881593007282
MET021,2,3,4,5,1.0040808886417432
MET021,2,3,4,6,0.85993352610204454
MET021,2,3,4,7,0.97130947328857897
MET021,2,3,4,8,0.79154875907643363
MET021,2,3,4,9,0.93302080072227322
MET021,2,3,5,0,1.07519186970283
MET021,2,3,5,1,1.6194776903467114
MET021,2,3,5,2,1.0241768308998738
MET021,2,3,5,3,0.97441869395108383
MET021,2,3,5,4,1.0940266653841739
MET021,2,3,5,5,1.2934511025608872
MET021,2,3,5,6,0.9210574320118452
MET021,2,3,5,7,0.74620859088910707
MET021,2,3,5,8,0.76908543164235521
MET021,2,3,5,9,0.80026501546947326
MET021,2,3,6,0,1.5111675831430349
MET021,2,3,6,1,1.4282698071182658
MET021,2,3,6,2,0.88947296383728092
MET021,2,3,6,3,1.1408209023018183
MET021,2,3,6,4,1.3276230399017943
MET021,2,3,6,5,0.99906433167110664
MET021,2,3,6,6,0.87612836675425998
MET021,2,3,6,7,0.92643296766035965
MET021,2,3,6,8,0.90992591289970037
MET021,2,3,6,9,1.1642651028740669
MET021,2,3,7,0,1.297687249586408
MET021,2,3,7,1,1.1752766616267361
MET021,2,3,7,2,0.82050080773844869
MET021,2,3,7,3,1.3572237802281639
MET021,2,3,7,4,0.92825715474920922
MET021,2,3,7,5,0.81988249253065137
MET021,2,3,7,6,0.94583715255412237
MET021,2,3,7,7,0.85263469392257107
MET021,2,3,7,8,0.89225032820024597
MET021,2,3,7,9,1.2440923830741768
MET021,2,3,8,0,1.2936188970185061
MET021,2,3,8,1,1.0216670229258589
MET021,2,3,8,2,1.063426026605667
MET021,2,3,8,3,0.90424548831812479
MET021,2,3,8,4,1.0078006788665299
MET021,2,3,8,5,1.1994126471395312
MET021,2,3,8,6,0.88934976804439037
MET021,2,3,8,7,0.90365168436727039
MET021,2,3,8,8,0.99279780245839722
MET021,2,3,8,9,1.0265048630629787
MET021,2,3,9,0,1.4427607864797478
MET021,2,3,9,1,1.1691625702785271
MET021,2,3,9,2,1.1774268342596388
MET021,2,3,9,3,0.97844448102013515
MET021,2,3,9,4,0.84461988638994012
MET021,2,3,9,5,0.77552928995289383
MET021,2,3,9,6,0.91112107455170643
MET021,2,3,9,7,0.97554376938466381
MET021,2,3,9,8,1.1951490052365086
MET021,2,3,9,9,0.95732472350428643
MET021,2,4,0,0,1.3725121908307076
MET021,2,4,0,1,1.1162753454746062
MET021,2,4,0,2,1.510450740805692
MET021,2,4,0,3,1.3616487156157262
MET021,2,4,0,4,1.3885907962184831
MET021,2,4,0,5,1.3570843524410363
MET021,2,4,0,6,1.3735646174441054
MET021,2,4,0,7,1.2889095840524476
MET021,2,4,0,8,1.3445417833524125
MET021,2,4,0,9,1.1861038838386253
MET021,2,4,1,0,1.498822067804352
MET021,2,4,1,1,1.435575550933667
MET021,2,4,1,2,1.3513140685482099
MET021,2,4,1,3,1.0217392952395066
MET021,2,4,1,4,1.2316831544194411
MET021,2,4,1,5,1.2091029661921926
MET021,2,4,1,6,0.7878675271707154
MET021,2,4,1,7,0.94668390177871398
MET021,2,4,1,8,1.150908459075159
MET021,2,4,1,9,1.0640327343856113
MET021,2,4,2,0,1.3940689284185843
MET021,2,4,2,1,1.299054634031189
MET021,2,4,2,2,0.79891481342057247
MET021,2,4,2,3,1.1020334042539028
MET021,2,4,2,4,1.0967687848480181
MET021,2,4,2,5,0.99216206306408283
MET021,2,4,2,6,0.85916661368501046
MET021,2,4,2,7,1.5543496464290143
MET021,2,4,2,8,1.1459024032064402
MET021,2,4,2,9,1.4816113956782817
MET021,2,4,3,0,1.3662057343387926
MET021,2,4,3,1,1.0410534390571029
MET021,2,4,3,2,0.89140128015356668
MET021,2,4,3,3,1.3845585391982471
MET021,2,4,3,4,1.0617330857454934
MET021,2,4,3,5,0.84574637674088471
MET021,2,4,3,6,1.0868411116387986
MET021,2,4,3,7,0.91832877957209924
MET021,2,4,3,8,1.1965266228616229
MET021,2,4,3,9,1.1627368252944468
MET021,2,4,4,0,1.0798773571705311
MET021,2,4,4,1,1.5331257435988248
MET021,2,4,4,2,0.98134955792210077
MET021,2,4,4,3,1.1702230942561751
MET021,2,4,4,4,1.3004690873187763
MET021,2,4,4,5,1.0533677954559491
MET021,2,4,4,6,1.0512303364361046
MET021,2,4,4,7,0.88317435362339003
MET021,2,4,4,8,1.1320982701240214
MET021,2,4,4,9,1.0629858712792208
MET021,2,4,5,0,1.4542035678956384
MET021,2,4,5,1,1.0882141847007112
MET021,2,4,5,2,0.94367077131238064
MET021,2,4,5,3,1.3694900961875749
MET021,2,4,5,4,1.177815518822368
MET021,2,4,5,5,1.0183794797049208
MET021,2,4,5,6,0.79801056409794746
MET021,2,4,5,7,0.74925453546805088
MET021,2,4,5,8,0.8530571951138588
MET021,2,4,5,9,1.0010604587982204
MET021,2,4,6,0,0.77789561059342016
MET021,2,4,6,1,0.87456975141556814
MET021,2,4,6,2,1.7097276464262059
MET021,2,4,6,3,1.4888592820700894
MET021,2,4,6,4,0.99850928516569437
MET021,2,4,6,5,1.2038457937510705
MET021,2,4,6,6,1.0170391914212995
MET021,2,4,6,7,0.96232839643083035
MET021,2,4,6,8,0.98164707583873623
MET021,2,4,6,9,1.1207958038357384
MET021,2,4,7,0,1.0328474478577483
MET021,2,4,7,1,1.6532146718582601
MET021,2,4,7,2,1.331729852313015
MET021,2,4,7,3,0.93812287731729416
MET021,2,4,7,4,1.3310466884235954
MET021,2,4,7,5,1.1233374405970309
MET021,2,4,7,6,1.1497970968301965
MET021,2,4,7,7,0.89287413790686665
MET021,2,4,7,8,1.0152232306525519
MET021,2,4,7,9,1.3336253770103159
MET021,2,4,8,0,1.6092713067349909
MET021,2,4,8,1,1.245470113389423
MET021,2,4,8,2,1.1103587502894834
MET021,2,4,8,3,1.214653797185882
MET021,2,4,8,4,1.2635417451152458
MET021,2,4,8,5,0.87950127897436892
MET021,2,4,8,6,0.81335673885878168
MET021,2,4,8,7,0.98960452723382597
MET021,2,4,8,8,1.197865287796803
MET021,2,4,8,9,0.93772897499873598
MET021,2,4,9,0,1.3675225198543763
MET021,2,4,9,1,1.0904300470660018
MET021,2,4,9,2,1.2648433946699058
MET021,2,4,9,3,0.84191103556708069
MET021,2,4,9,4,0.88842247631386262
MET021,2,4,9,5,0.91064589996871204
MET021,2,4,9,6,0.78479996685332676
MET021,2,4,9,7,1.2478999321422943
MET021,2,4,9,8,1.3666516426099591
MET021,2,4,9,9,1.0622468612290052
MET022,1,1,0,0,1.6363898118322999
MET022,1,1,0,1,1.7240246619697852
MET022,1,1,0,2,1.858408953226838
MET022,1,1,0,3,1.693239439160148
MET022,1,1,0,4,1.8010843441483804
MET022,1,1,0,5,1.7924221980810029
MET022,1,1,0,6,1.7509778226530022
MET022,1,1,0,7,1.7632545417416658
MET022,1,1,0,8,1.8944548792482463
MET022,1,1,0,9,1.3766342714308588
MET022,1,1,1,0,1.8180163792811177
MET022,1,1,1,1,1.4866415130242077
MET022,1,1,1,2,1.4959826237750624
MET022,1,1,1,3,1.8211841870674057
MET022,1,1,1,4,1.4761095967288671
MET022,1,1,1,5,1.6573906283733129
MET022,1,1,1,6,1.7202457899391634
MET022,1,1,1,7,1.612128629952859
MET022,1,1,1,8,1.3904524010596957
MET022,1,1,1,9,1.673099649496576
MET022,1,1,2,0,1.783495819260694
MET022,1,1,2,1,1.3942054710345817
MET022,1,1,2,2,1.3163028212440002
MET022,1,1,2,3,1.5661855833990943
MET022,1,1,2,4,1.2498111489240225
MET022,1,1,2,5,1.5312584001884488
MET022,1,1,2,6,1.3202268012467495
MET022,1,1,2,7,1.6575937619012908
MET022,1,1,2,8,1.3178971722698092
MET022,1,1,2,9,1.760983956204327
MET022,1,1,3,0,1.8190384927272936
MET022,1,1,3,1,1.6553702052438479
MET022,1,1,3,2,1.3554738806835511
MET022,1,1,3,3,1.2015619964925437
MET022,1,1,3,4,1.3214969835829331
MET022,1,1,3,5,1.0182568600256137
MET022,1,1,3,6,1.3482388481528242
MET022,1,1,3,7,0.9700643357162626
MET022,1,1,3,8,1.0432085981351946
MET022,1,1,3,9,1.3722562545887125
MET022,1,1,4,0,1.6409668761254956
MET022,1,1,4,1,1.6207719307121782
MET022,1,1,4,2,1.1439106727578932
MET022,1,1,4,3,1.6332366926774251
MET022,1,1,4,4,1.2875217119589175
MET022,1,1,4,5,0.94856520709865177
MET022,1,1,4,6,0.96959587038631645
MET022,1,1,4,7,0.9646214822162098
MET022,1,1,4,8,1.0280446360706219
MET022,1,1,4,9,0.87673011558692182
MET022,1,1,5,0,1.5620753959580136
MET022,1,1,5,1,0.98633338396840764
MET022,1,1,5,2,1.1422740886427702
MET022,1,1,5,3,1.2227092450415782
MET022,1,1,5,4,1.2669192856095559
MET022,1,1,5,5,0.89909394319653613
MET022,1,1,5,6,0.93700418389583839
MET022,1,1,5,7,1.0029177737163515
MET022,1,1,5,8,0.9527620054633732
MET022,1,1,5,9,1.0885014866071534
MET022,1,1,6,0,1.5331866464060149
MET022,1,1,6,1,1.5860431066227534
MET022,1,1,6,2,1.1511182923486136
MET022,1,1,6,3,1.3817959926956651
MET022,1,1,6,4,0.98798967185318398
MET022,1,1,6,5,1.0839492391701242
MET022,1,1,6,6,0.93582861377323356
MET022,1,1,6,7,0.77226979184187672
MET022,1,1,6,8,1.0945455561451931
MET022,1,1,6,9,0.69969928320695851
MET022,1,1,7,0,1.5666757961623108
MET022,1,1,7,1,1.2602124215623449
MET022,1,1,7,2,1.3778077778125899
MET022,1,1,7,3,1.4501411521583407
MET022,1,1,7,4,1.1330117126703765
MET022,1,1,7,5,0.61852014603673955
MET022,1,1,7,6,0.89744604320333388
MET022,1,1,7,7,1.2362373643490805
MET022,1,1,7,8,0.74910758671949207
MET022,1,1,7,9,1.1814773000927636
MET022,1,1,8,0,1.2243423607850219
MET022,1,1,8,1,0.87364056104583576
MET022,1,1,8,2,1.2439931415413381
MET022,1,1,8,3,1.100482220122069
MET022,1,1,8,4,1.350099306788676
MET022,1,1,8,5,1.4159974897353025
MET022,1,1,8,6,0.94215694089062485
MET022,1,1,8,7,1.0718330213765941
MET022,1,1,8,8,1.7098526245437855
MET022,1,1,8,9,0.78320381099016412
MET022,1,1,9,0,1.2958434129238925
MET022,1,1,9,1,0.94620757154059021
MET022,1,1,9,2,1.4814641645348343
MET022,1,1,9,3,1.5798585425134133
MET022,1,1,9,4,1.6696005838214008
MET022,1,1,9,5,0.77593638260678999
MET022,1,1,9,6,1.3427487959725282
MET022,1,1,9,7,1.4248662843652724
MET022,1,1,9,8,0.90310574659209397
MET022,1,1,9,9,1.424584506465959
MET022,1,2,0,0,1.3479025412598735
MET022,1,2,0,1,1.1919385679397945
MET022,1,2,0,2,0.97174702608931618
MET022,1,2,0,3,1.7759254036929737
MET022,1,2,0,4,1.5545085772179681
MET022,1,2,0,5,1.838233751126364
MET022,1,2,0,6,1.7565795238757194
MET022,1,2,0,7,1.6807484483374224
MET022,1,2,0,8,1.8093367264220539
MET022,1,2,0,9,1.3401004828389669
MET022,1,2,1,0,1.6642409644519005
MET022,1,2,1,1,1.7288789241505675
MET022,1,2,1,2,1.577867386761614
MET022,1,2,1,3,1.4563399731377735
MET022,1,2,1,4,1.6853615523161214
MET022,1,2,1,5,1.7062339190417937
MET022,1,2,1,6,0.97446578912536019
MET022,1,2,1,7,1.4760981498556494
MET022,1,2,1,8,1.6652648589712042
MET022,1,2,1,9,1.4805540026208051
MET022,1,2,2,0,1.854695101264169
MET022,1,2,2,1,1.7011121822547564
MET022,1,2,2,2,1.3461445037674398
MET022,1,2,2,3,0.95336301279108315
MET022,1,2,2,4,1.2285345966424246
MET022,1,2,2,5,1.3299211700595768
MET022,1,2,2,6,0.98846525087845483
MET022,1,2,2,7,1.5828477883289489
MET022,1,2,2,8,1.6855767573122018
MET022,1,2,2,9,1.5396384549073061
MET022,1,2,3,0,1.8429483371317961
MET022,1,2,3,1,1.3503738641255614
MET022,1,2,3,2,1.0912754960855291
MET022,1,2,3,3,1.1867657110167729
MET022,1,2,3,4,1.0122287731303496
MET022,1,2,3,5,1.067234644731589
MET022,1,2,3,6,1.1992826099775358
MET022,1,2,3,7,1.6124080022596048
MET022,1,2,3,8,1.3992529467537722
MET022,1,2,3,9,1.1125035690234395
MET022,1,2,4,0,1.563381056463073
MET022,1,2,4,1,1.6235520453949006
MET022,1,2,4,2,0.90927770607921821
MET022,1,2,4,3,1.3863072606503233
MET022,1,2,4,4,1.0996158616540797
MET022,1,2,4,5,0.74750131509033702
MET022,1,2,4,6,1.2378969773117714
MET022,1,2,4,7,1.10216270803697
MET022,1,2,4,8,0.88217057257395337
MET022,1,2,4,9,1.2759699704610414
MET022,1,2,5,0,1.8110278899796803
MET022,1,2,5,1,0.9721454135201234
MET022,1,2,5,2,1.5729195817736401
MET022,1,2,5,3,1.0592342807864126
MET022,1,2,5,4,0.74081795991235022
MET022,1,2,5,5,1.2985408231920956
MET022,1,2,5,6,1.1085601446427649
MET022,1,2,5,7,0.83749106157000341
MET022,1,2,5,8,1.3923282601065341
MET022,1,2,5,9,1.6978963423881168
MET022,1,2,6,0,1.1013061045176855
MET022,1,2,6,1,1.5807195333585078
MET022,1,2,6,2,0.9580918467218954
MET022,1,2,6,3,0.87213774559658952
MET022,1,2,6,4,1.5333694770388393
MET022,1,2,6,5,1.0035485146039695
MET022,1,2,6,6,1.0167271313705546
MET022,1,2,6,7,0.87381045122336498
MET022,1,2,6,8,1.2711303604948501
MET022,1,2,6,9,1.0476249673557043
MET022,1,2,7,0,1.1304944374849517
MET022,1,2,7,1,0.91287373972583918
MET022,1,2,7,2,1.0778097554280104
MET022,1,2,7,3,1.3728944936445928
MET022,1,2,7,4,1.1017139633230044
MET022,1,2,7,5,1.5433056201894273
MET022,1,2,7,6,0.87287294510467606
MET022,1,2,7,7,1.0520972690004329
MET022,1,2,7,8,1.2850676423329781
MET022,1,2,7,9,0.74544825982427576
MET022,1,2,8,0,1.242085090390787
MET022,1,2,8,1,1.2118886125578852
MET022,1,2,8,2,1.3400232948432884
MET022,1,2,8,3,1.5608315004655455
MET022,1,2,8,4,1.4971563757238249
MET022,1,2,8,5,1.338026108560697
MET022,1,2,8,6,0.93879971291492526
MET022,1,2,8,7,1.0101965825230901
MET022,1,2,8,8,1.3607888674129371
MET022,1,2,8,9,1.5900727430538171
MET022,1,2,9,0,1.6469751221317379
MET022,1,2,9,1,1.1615350976694552
MET022,1,2,9,2,1.3628182321920268
MET022,1,2,9,3,1.4926906651725127
MET022,1,2,9,4,1.3478078474787616
MET022,1,2,9,5,1.2484686414515416
MET022,1,2,9,6,0.86733197894050662
MET022,1,2,9,7,1.7577367676338849
MET022,1,2,9,8,1.7316773031006558
MET022,1,2,9,9,1.6102811432973834
MET022,1,3,0,0,1.6263544334832671
MET022,1,3,0,1,1.7021457902010899
MET022,1,3,0,2,1.939607836786793
MET022,1,3,0,3,1.6047258563431257
MET022,1,3,0,4,1.6652723005316978
MET022,1,3,0,5,1.570205554894144
MET022,1,3,0,6,1.7350811879544989
MET022,1,3,0,7,1.8725194872881388
MET022,1,3,0,8,1.9130507177812059
MET022,1,3,0,9,1.7307364898059905
MET022,1,3,1,0,1.8102822970090444
MET022,1,3,1,1,1.4727790075427136
MET022,1,3,1,2,1.6386194010235908
MET022,1,3,1,3,1.7176866550065346
MET022,1,3,1,4,1.4215381882919638
MET022,1,3,1,5,1.8426382344903149
MET022,1,3,1,6,1.7846267267611131
MET022,1,3,1,7,1.7296994285631151
MET022,1,3,1,8,1.72944233297796
MET022,1,3,1,9,1.3530999441964977
MET022,1,3,2,0,1.7008807686464564
MET022,1,3,2,1,1.4345640239006774
MET022,1,3,2,2,1.4410022972446317
MET022,1,3,2,3,1.3394276243463927
MET022,1,3,2,4,1.4300221041473185
MET022,1,3,2,5,1.6665026049878848
MET022,1,3,2,6,1.5211672331480266
MET022,1,3,2,7,1.735787614205953
MET022,1,3,2,8,1.189166127197016
MET022,1,3,2,9,1.5540174199223211
MET022,1,3,3,0,1.7246381415703105
MET022,1,3,3,1,1.8625720834251889
MET022,1,3,3,2,1.1591490199016914
MET022,1,3,3,3,1.5236497161790279
MET022,1,3,3,4,1.1625124937434941
MET022,1,3,3,5,1.0063545089173007
MET022,1,3,3,6,1.4867198180081771
MET022,1,3,3,7,1.5497676411911792
MET022,1,3,3,8,1.6158293713445195
MET022,1,3,3,9,1.1658526718807118
MET022,1,3,4,0,1.7426096468351115
MET022,1,3,4,1,1.6564234196521077
MET022,1,3,4,2,1.6335236029565516
MET022,1,3,4,3,1.7261790716985492
MET022,1,3,4,4,1.1155440383902906
MET022,1,3,4,5,0.80063586433922751
MET022,1,3,4,6,1.3338939259976648
MET022,1,3,4,7,1.3755022840159761
MET022,1,3,4,8,0.82855878631835023
MET022,1,3,4,9,1.4473169190202917
MET022,1,3,5,0,1.6301051883789608
MET022,1,3,5,1,1.6846757391666676
MET022,1,3,5,2,1.6450441468052348
MET022,1,3,5,3,1.2432727013275091
MET022,1,3,5,4,1.3583574298994121
MET022,1,3,5,5,1.1603275901950114
MET022,1,3,5,6,1.1683645615241149
MET022,1,3,5,7,1.2868085998498855
MET022,1,3,5,8,1.326219839395786
MET022,1,3,5,9,1.1191424775957255
MET022,1,3,6,0,1.8007061928651027
MET022,1,3,6,1,1.4280342975898628
MET022,1,3,6,2,1.3445049943661445
MET022,1,3,6,3,1.5351591485706586
MET022,1,3,6,4,1.6332583691165752
MET022,1,3,6,5,1.3507298002398458
MET022,1,3,6,6,1.2956429740164419
MET022,1,3,6,7,1.3309221041482244
MET022,1,3,6,8,0.93226804266657004
MET022,1,3,6,9,0.7808310536083819
MET022,1,3,7,0,1.5007482513216617
MET022,1,3,7,1,1.2602183120317547
MET022,1,3,7,2,1.4947658489498783
MET022,1,3,7,3,1.4551187153478031
MET022,1,3,7,4,1.0531370808597675
MET022,1,3,7,5,1.0060186598165817
MET022,1,3,7,6,0.85526048495503737
MET022,1,3,7,7,1.0101554139352211
MET022,1,3,7,8,0.83305403754554697
MET022,1,3,7,9,1.101986401161827
MET022,1,3,8,0,1.3008777426114135
MET022,1,3,8,1,0.6412617832393821
MET022,1,3,8,2,1.4069809320803817
MET022,1,3,8,3,1.2294390053258919
MET022,1,3,8,4,0.86556147692418561
MET022,1,3,8,5,0.9386427819796096
MET022,1,3,8,6,1.1871700643724905
MET022,1,3,8,7,1.0227867457775439
MET022,1,3,8,8,1.4571255465096511
MET022,1,3,8,9,1.1994115903939062
MET022,1,3,9,0,1.2167911242957219
MET022,1,3,9,1,1.4183674114890663
MET022,1,3,9,2,1.7170652851937831
MET022,1,3,9,3,1.3146146727260488
MET022,1,3,9,4,1.0612244166413194
MET022,1,3,9,5,1.3402925851658032
MET022,1,3,9,6,1.073763185547046
MET022,1,3,9,7,1.2914698007741658
MET022,1,3,9,8,0.83727604822670154
MET022,1,3,9,9,1.2493472497534477
MET022,1,4,0,0,1.3554749436003171
MET022,1,4,0,1,1.652039715579658
MET022,1,4,0,2,1.8337391741759643
MET022,1,4,0,3,1.7109279321725668
MET022,1,4,0,4,1.6176886697097761
MET022,1,4,0,5,1.5325751722845935
MET022,1,4,0,6,1.667913233102462
MET022,1,4,0,7,1.6569614172278122
MET022,1,4,0,8,1.4142419273117457
MET022,1,4,0,9,1.7086116349319491
MET022,1,4,1,0,1.6355119560264648
MET022,1,4,1,1,1.4987046325212503
MET022,1,4,1,2,1.6171331969375331
MET022,1,4,1,3,1.5780276513010405
MET022,1,4,1,4,1.6114217613305739
MET022,1,4,1,5,0.89341093573829478
MET022,1,4,1,6,1.7235011206335031
MET022,1,4,1,7,1.2432908817891306
MET022,1,4,1,8,1.6922404493392034
MET022,1,4,1,9,1.2975118330383448
MET022,1,4,2,0,1.8549605724809584
MET022,1,4,2,1,1.5964800505587862
MET022,1,4,2,2,1.4562165986666058
MET022,1,4,2,3,1.5741816225383185
MET022,1,4,2,4,1.2957218446799379
MET022,1,4,2,5,1.4624495984343808
MET022,1,4,2,6,0.9632874793440992
MET022,1,4,2,7,1.3140627773807989
MET022,1,4,2,8,0.83357750578065459
MET022,1,4,2,9,1.0452785615167142
MET022,1,4,3,0,1.932564551442064
MET022,1,4,3,1,1.7060099011219323
MET022,1,4,3,2,1.1837242775473531
MET022,1,4,3,3,1.643367408636945
MET022,1,4,3,4,1.1132986454740053
MET022,1,4,3,5,1.0269696159146551
MET022,1,4,3,6,0.88611345331234015
MET022,1,4,3,7,1.3209932540690037
MET022,1,4,3,8,1.3360639231821068
MET022,1,4,3,9,1.0032051649916247
MET022,1,4,4,0,1.871448019664419
MET022,1,4,4,1,1.5920997936749173
MET022,1,4,4,2,1.4539119400204441
MET022,1,4,4,3,1.6315377779993137
MET022,1,4,4,4,1.4369725571332077
MET022,1,4,4,5,0.9394754041756026
MET022,1,4,4,6,1.003839045221014
MET022,1,4,4,7,1.4135319357160121
MET022,1,4,4,8,0.88301929138055613
MET022,1,4,4,9,1.2585153559056057
MET022,1,4,5,0,1.7426715518326541
MET022,1,4,5,1,1.5677636050187391
MET022,1,4,5,2,1.7115081424030942
MET022,1,4,5,3,1.60381463833724
MET022,1,4,5,4,0.97161087677655922
MET022,1,4,5,5,1.3197149285056844
MET022,1,4,5,6,1.2496105663116297
MET022,1,4,5,7,0.90918687745120463
MET022,1,4,5,8,1.4203548266320709
MET022,1,4,5,9,1.0179292947227914
MET022,1,4,6,0,1.5993189234163678
MET022,1,4,6,1,1.6537166852618297
MET022,1,4,6,2,1.4921169725665593
MET022,1,4,6,3,1.2958817712615549
MET022,1,4,6,4,1.2765313913678902
MET022,1,4,6,5,1.3669539956977084
MET022,1,4,6,6,0.88122469301833306
MET022,1,4,6,7,1.6351754086425521
MET022,1,4,6,8,0.88788102681550451
MET022,1,4,6,9,1.5999440113207604
MET022,1,4,7,0,1.5313343354553357
MET022,1,4,7,1,1.5253399770682201
MET022,1,4,7,2,1.6192067908982484
MET022,1,4,7,3,1.1705628249216962
MET022,1,4,7,4,1.5246886993386921
MET022,1,4,7,5,0.73773827144576443
MET022,1,4,7,6,1.702778036191632
MET022,1,4,7,7,0.93164357724024438
MET022,1,4,7,8,1.5669468864315763
MET022,1,4,7,9,1.5041222930718376
MET022,1,4,8,0,1.5828769115572237
MET022,1,4,8,1,1.5269406743951599
MET022,1,4,8,2,1.0573050031291005
MET022,1,4,8,3,0.85116127844874478
MET022,1,4,8,4,0.67786944930794091
MET022,1,4,8,5,1.6599654021293149
MET022,1,4,8,6,1.2385703346144348
MET022,1,4,8,7,0.84519899774210572
MET022,1,4,8,8,1.814835866084332
MET022,1,4,8,9,1.591111624419338
MET022,1,4,9,0,1.5430379181750176
MET022,1,4,9,1,1.3048153860317917
MET022,1,4,9,2,0.77161811661717405
MET022,1,4,9,3,1.2750417341928098
MET022,1,4,9,4,1.6003851654356582
MET022,1,4,9,5,0.75005307366696061
MET022,1,4,9,6,0.78777806536306871
MET022,1,4,9,7,1.715323698855505
MET022,1,4,9,8,1.7825879404014335
MET022,1,4,9,9,1.1981819005174277
MET023,1,1,0,0,1.9304493399763896
MET023,1,1,0,1,1.730901454598557
MET023,1,1,0,2,1.5549502100509296
MET023,1,1,0,3,1.6619293166871771
MET023,1,1,0,4,1.4003648755275333
MET023,1,1,0,5,1.615897676097779
MET023,1,1,0,6,1.5944283218452262
MET023,1,1,0,7,1.4960067601046676
MET023,1,1,0,8,1.3660509350587191
MET023,1,1,0,9,1.2873880232238564
MET023,1,1,1,0,1.7471733550885609
MET023,1,1,1,1,1.8374593767426144
MET023,1,1,1,2,1.2569752431463279
MET023,1,1,1,3,1.438634051178648
MET023,1,1,1,4,1.466134231787718
MET023,1,1,1,5,1.1792250463370353
MET023,1,1,1,6,1.4797090716215249
MET023,1,1,1,7,1.1428023677189767
MET023,1,1,1,8,1.5024293683367644
MET023,1,1,1,9,1.3117095675703938
MET023,1,1,2,0,1.5818370074728596
MET023,1,1,2,1,1.6041350789349127
MET023,1,1,2,2,1.7560218010510551
MET023,1,1,2,3,1.3709648721661769
MET023,1,1,2,4,1.3460275869419027
MET023,1,1,2,5,1.3807838355227302
MET023,1,1,2,6,1.3959638947644506
MET023,1,1,2,7,1.3912588072503311
MET023,1,1,2,8,1.3828224308411969
MET023,1,1,2,9,1.4191794089527645
MET023,1,1,3,0,1.6551573479493502
MET023,1,1,3,1,1.604636528948268
MET023,1,1,3,2,1.4653569222374161
MET023,1,1,3,3,1.3580999950659551
MET023,1,1,3,4,1.2601277945200551
MET023,1,1,3,5,1.1229407908707787
MET023,1,1,3,6,1.3978461349556843
MET023,1,1,3,7,1.1885378530817676
MET023,1,1,3,8,1.2489648518776642
MET023,1,1,3,9,1.1533579822932662
MET023,1,1,4,0,1.642263585249085
MET023,1,1,4,1,1.3646479586605242
MET023,1,1,4,2,1.5347484443277928
MET023,1,1,4,3,1.3688942265003019
MET023,1,1,4,4,1.2496027590731209
MET023,1,1,4,5,1.031771904596769
MET023,1,1,4,6,1.0090723291755783
MET023,1,1,4,7,1.2973837365481511
MET023,1,1,4,8,1.4104808600359824
MET023,1,1,4,9,1.2946437963494348
MET023,1,1,5,0,1.5123126740463315
MET023,1,1,5,1,1.5952810496035448
MET023,1,1,5,2,1.3793225627908063
MET023,1,1,5,3,1.3782762460256539
MET023,1,1,5,4,1.4398242076479224
MET023,1,1,5,5,1.1941257676459225
MET023,1,1,5,6,1.1488607277918648
MET023,1,1,5,7,1.0311900883387517
MET023,1,1,5,8,1.2478262760919767
MET023,1,1,5,9,1.1984621904974191
MET023,1,1,6,0,1.4104345164533785
MET023,1,1,6,1,1.3602439142565066
MET023,1,1,6,2,1.5731096974333301
MET023,1,1,6,3,1.3490223858357011
MET023,1,1,6,4,1.4320717247523591
MET023,1,1,6,5,1.413702204826444
MET023,1,1,6,6,1.1922246275691866
MET023,1,1,6,7,1.1647203934129655
MET023,1,1,6,8,1.0940391374486322
MET023,1,1,6,9,1.1582557824250668
MET023,1,1,7,0,1.5492990941813212
MET023,1,1,7,1,1.5250345247635912
MET023,1,1,7,2,1.6212028086081951
MET023,1,1,7,3,1.4786020925723111
MET023,1,1,7,4,1.0672869869755146
MET023,1,1,7,5,1.0719943448631586
MET023,1,1,7,6,1.1463075308120081
MET023,1,1,7,7,1.1381524745001812
MET023,1,1,7,8,1.3615743854108149
MET023,1,1,7,9,1.3456444917840595
MET023,1,1,8,0,1.6490276083982729
MET023,1,1,8,1,1.2969209103631147
MET023,1,1,8,2,1.4157007965940074
MET023,1,1,8,3,1.1487484968936601
MET023,1,1,8,4,1.3320406018380282
MET023,1,1,8,5,1.047664469835472
MET023,1,1,8,6,1.290199362943913
MET023,1,1,8,7,1.1330381513001149
MET023,1,1,8,8,1.2009235320679621
MET023,1,1,8,9,1.0878105352988878
MET023,1,1,9,0,1.550126045429463
MET023,1,1,9,1,1.6008988783231908
MET023,1,1,9,2,1.4795067695528907
MET023,1,1,9,3,1.3381259380635664
MET023,1,1,9,4,1.1783445239567409
MET023,1,1,9,5,1.1965046086713862
MET023,1,1,9,6,1.1561568599719434
MET023,1,1,9,7,1.2597704582573592
MET023,1,1,9,8,1.0921237765813301
MET023,1,1,9,9,1.3632980074064849
MET023,1,2,0,0,1.9071256923889559
MET023,1,2,0,1,1.7948813951021301
MET023,1,2,0,2,1.476466072523176
MET023,1,2,0,3,1.5806514978075237
MET023,1,2,0,4,1.6095141125294952
MET023,1,2,0,5,1.5763872412621902
MET023,1,2,0,6,1.4641316525623498
MET023,1,2,0,7,1.4920324207494624
MET023,1,2,0,8,1.3478844191527961
MET023,1,2,0,9,1.3576276773170228
MET023,1,2,1,0,1.6627935470550836
MET023,1,2,1,1,1.9977035355874904
MET023,1,2,1,2,1.5493807702703009
MET023,1,2,1,3,1.5445672192695594
MET023,1,2,1,4,1.5513079612022569
MET023,1,2,1,5,1.405325383231971
MET023,1,2,1,6,1.3271798184583965
MET023,1,2,1,7,1.4066330927556945
MET023,1,2,1,8,1.4347204447681789
MET023,1,2,1,9,1.3433981371335293
MET023,1,2,2,0,1.679431241127904
MET023,1,2,2,1,1.6319304491358542
MET023,1,2,2,2,1.4381894679932146
MET023,1,2,2,3,1.2155411767261941
MET023,1,2,2,4,1.3983336293116295
MET023,1,2,2,5,1.2766357130427204
MET023,1,2,2,6,1.166358064823537
MET023,1,2,2,7,1.2489110805130166
MET023,1,2,2,8,1.1939807908105893
MET023,1,2,2,9,1.3641827316714303
MET023,1,2,3,0,1.6823581129171208
MET023,1,2,3,1,1.685240492352519
MET023,1,2,3,2,1.2259532395634771
MET023,1,2,3,3,1.5061005822374918
MET023,1,2,3,4,1.0809153566348562
MET023,1,2,3,5,0.91274183818158383
MET023,1,2,3,6,1.1174193524712239
MET023,1,2,3,7,1.0740876963979344
MET023,1,2,3,8,1.1830212400911571
MET023,1,2,3,9,1.1091401992128396
MET023,1,2,4,0,1.653807773486565
MET023,1,2,4,1,1.6011412045490467
MET023,1,2,4,2,1.319485492095773
MET023,1,2,4,3,1.3151616131303696
MET023,1,2,4,4,1.2224438371793895
MET023,1,2,4,5,1.1579221513169786
MET023,1,2,4,6,0.79167765911782728
MET023,1,2,4,7,1.3035566315305993
MET023,1,2,4,8,1.2877446357331044
MET023,1,2,4,9,1.3448202869907828
MET023,1,2,5,0,1.4829772643789163
MET023,1,2,5,1,1.3141158245349422
MET023,1,2,5,2,1.3160509487341661
MET023,1,2,5,3,1.2120872480492442
MET023,1,2,5,4,1.1273483425521065
MET023,1,2,5,5,1.0711253957408871
MET023,1,2,5,6,0.90601536447838238
MET023,1,2,5,7,1.0576712456705657
MET023,1,2,5,8,1.1323104325879243
MET023,1,2,5,9,1.309825390047993
MET023,1,2,6,0,1.4507077859503923
MET023,1,2,6,1,1.3102307935472748
MET023,1,2,6,2,1.5324267733025083
MET023,1,2,6,3,1.4208874798550151
MET023,1,2,6,4,1.2369104876991086
MET023,1,2,6,5,1.2295560129839862
MET023,1,2,6,6,1.2341765284016166
MET023,1,2,6,7,1.1564625563580939
MET023,1,2,6,8,1.1504118197323827
MET023,1,2,6,9,1.1971417933461603
MET023,1,2,7,0,1.4421943562120689
MET023,1,2,7,1,1.385215728420242
MET023,1,2,7,2,1.257617993568978
MET023,1,2,7,3,1.2547741093709459
MET023,1,2,7,4,1.197610235215786
MET023,1,2,7,5,1.2956595111673193
MET023,1,2,7,6,1.171363551830831
MET023,1,2,7,7,1.1689853175224123
MET023,1,2,7,8,1.1913076613552478
MET023,1,2,7,9,1.2600373746245128
MET023,1,2,8,0,1.3949787134269169
MET023,1,2,8,1,1.5947134099902169
MET023,1,2,8,2,1.5133740342871445
MET023,1,2,8,3,1.3765445335733135
MET023,1,2,8,4,1.39467656569825
MET023,1,2,8,5,1.2997526494841889
MET023,1,2,8,6,1.2355197636206094
MET023,1,2,8,7,1.1136211460087848
MET023,1,2,8,8,1.2467477136800371
MET023,1,2,8,9,1.0600858806114382
MET023,1,2,9,0,1.5261061137797534
MET023,1,2,9,1,1.6199139683596819
MET023,1,2,9,2,1.4945400272742675
MET023,1,2,9,3,1.4920628316856257
MET023,1,2,9,4,1.3347010634675931
MET023,1,2,9,5,1.2258514773299871
MET023,1,2,9,6,1.1980918784543442
MET023,1,2,9,7,1.073779691518258
MET023,1,2,9,8,1.1475988193300035
MET023,1,2,9,9,1.2579138702865151
MET023,1,3,0,0,1.79541364734167
MET023,1,3,0,1,1.6566874534686675
MET023,1,3,0,2,1.5453997407950566
MET023,1,3,0,3,1.6880761505327098
MET023,1,3,0,4,1.6772646113147252
MET023,1,3,0,5,1.6277850437593258
MET023,1,3,0,6,1.4095752729959701
MET023,1,3,0,7,1.3176809366494642
MET023,1,3,0,8,1.4692152552915705
MET023,1,3,0,9,1.067624747012853
MET023,1,3,1,0,1.5347539155840388
MET023,1,3,1,1,1.7341566240698081
MET023,1,3,1,2,1.4709760868939588
MET023,1,3,1,3,1.5140343319088172
MET023,1,3,1,4,1.3634679539938366
MET023,1,3,1,5,1.1803863099813721
MET023,1,3,1,6,1.3979742104163382
MET023,1,3,1,7,1.3680098454820544
MET023,1,3,1,8,1.1612901874675481
MET023,1,3,1,9,1.4346438084831434
MET023,1,3,2,0,1.6215870412823501
MET023,1,3,2,1,1.4474596168894445
MET023,1,3,2,2,1.4853451986663495
MET023,1,3,2,3,1.1437996045144798
MET023,1,3,2,4,1.3923736001348397
MET023,1,3,2,5,1.222841834823486
MET023,1,3,2,6,1.2803346429006168
MET023,1,3,2,7,1.3490285263168651
MET023,1,3,2,8,1.088557991593893
MET023,1,3,2,9,1.360866443786928
MET023,1,3,3,0,1.6607275218978954
MET023,1,3,3,1,1.5322613294292489
MET023,1,3,3,2,1.1462511200007841
MET023,1,3,3,3,1.2897600166506713
MET023,1,3,3,4,1.1565597546500526
MET023,1,3,3,5,0.79035308243711511
MET023,1,3,3,6,1.257030833114358
MET023,1,3,3,7,1.1626518167148383
MET023,1,3,3,8,1.1772559784225185
MET023,1,3,3,9,1.2981103185318339
MET023,1,3,4,0,1.5929987041967937
MET023,1,3,4,1,1.4935081012441569
MET023,1,3,4,2,1.5204445615399895
MET023,1,3,4,3,1.2478904707601577
MET023,1,3,4,4,1.1663729816531063
MET023,1,3,4,5,0.89055692234143058
MET023,1,3,4,6,0.94961263097441362
MET023,1,3,4,7,1.2532472129061514
MET023,1,3,4,8,1.2934017782856533
MET023,1,3,4,9,0.98949860491639641
MET023,1,3,5,0,1.4598416925253279
MET023,1,3,5,1,1.5419627519472352
MET023,1,3,5,2,1.2104546722833414
MET023,1,3,5,3,1.4293858195704676
MET023,1,3,5,4,1.1200503999696227
MET023,1,3,5,5,1.0578850185299891
MET023,1,3,5,6,1.0340896880663399
MET023,1,3,5,7,1.0795722233416762
MET023,1,3,5,8,1.1896778861600397
MET023,1,3,5,9,1.3266569708538836
MET023,1,3,6,0,1.4381318368413003
MET023,1,3,6,1,1.4835873937910811
MET023,1,3,6,2,1.5906325913870498
MET023,1,3,6,3,1.370673871941527
MET023,1,3,6,4,1.1280409180288871
MET023,1,3,6,5,1.0186638243449444
MET023,1,3,6,6,1.0049819812970089
MET023,1,3,6,7,0.86195311561104793
MET023,1,3,6,8,1.2086683229117481
MET023,1,3,6,9,1.2931647639976864
MET023,1,3,7,0,1.4861943592333524
MET023,1,3,7,1,1.3857022617546344
MET023,1,3,7,2,1.4305965692998559
MET023,1,3,7,3,1.4040960713725557
MET023,1,3,7,4,1.3116901524219522
MET023,1,3,7,5,1.3090540056824174
MET023,1,3,7,6,1.0818015922767434
MET023,1,3,7,7,0.95718549189020885
MET023,1,3,7,8,1.2357112234047329
MET023,1,3,7,9,1.129736145531635
MET023,1,3,8,0,1.4587609585774901
MET023,1,3,8,1,1.5363960672362471
MET023,1,3,8,2,1.3692053371014654
MET023,1,3,8,3,1.2456097421861123
MET023,1,3,8,4,1.3154215912418881
MET023,1,3,8,5,1.3085126200857471
MET023,1,3,8,6,1.1853534721471837
MET023,1,3,8,7,0.98805946758865981
MET023,1,3,8,8,1.1237537548664491
MET023,1,3,8,9,1.2278567130792184
MET023,1,3,9,0,1.3130817383235824
MET023,1,3,9,1,1.5039857341351257
MET023,1,3,9,2,1.4974056109585816
MET023,1,3,9,3,1.3900059358751933
MET023,1,3,9,4,1.342502597369434
MET023,1,3,9,5,1.1117580219750316
MET023,1,3,9,6,1.1498664977457671
MET023,1,3,9,7,1.3310478658649667
MET023,1,3,9,8,1.3250606442316639
MET023,1,3,9,9,1.2281723600117076
MET023,1,4,0,0,1.818922933484731
MET023,1,4,0,1,1.660287866889129
MET023,1,4,0,2,1.7527370172926122
MET023,1,4,0,3,1.6287953051848756
MET023,1,4,0,4,1.4545943741679668
MET023,1,4,0,5,1.4215261007782842
MET023,1,4,0,6,1.4060972937842366
MET023,1,4,0,7,1.1997577356295597
MET023,1,4,0,8,1.4710306360231933
MET023,1,4,0,9,1.2736520136510558
MET023,1,4,1,0,1.5465325682032554
MET023,1,4,1,1,1.7479197139779441
MET023,1,4,1,2,1.5667239924771104
MET023,1,4,1,3,1.3196416343374553
MET023,1,4,1,4,1.3518955260310803
MET023,1,4,1,5,1.5421443532478398
MET023,1,4,1,6,1.1742853683148284
MET023,1,4,1,7,1.1685361891437789
MET023,1,4,1,8,1.2957055949189034
MET023,1,4,1,9,1.4280414307278742
MET023,1,4,2,0,1.7068301035160749
MET023,1,4,2,1,1.348517997437598
MET023,1,4,2,2,1.5926044442740468
MET023,1,4,2,3,1.1259441437917723
MET023,1,4,2,4,1.0781983317650581
MET023,1,4,2,5,0.95057836341231605
MET023,1,4,2,6,1.1023421247108078
MET023,1,4,2,7,1.2374471720187981
MET023,1,4,2,8,1.1548901577954367
MET023,1,4,2,9,1.2306552515019835
MET023,1,4,3,0,1.6514662966014573
MET023,1,4,3,1,1.7934472299343307
MET023,1,4,3,2,1.1941666842956442
MET023,1,4,3,3,1.3365557208724403
MET023,1,4,3,4,1.0860967350211419
MET023,1,4,3,5,0.82773452082672661
MET023,1,4,3,6,0.97032602492295539
MET023,1,4,3,7,0.88667969563123195
MET023,1,4,3,8,1.1624352276797578
MET023,1,4,3,9,1.3176988090407549
MET023,1,4,4,0,1.6924065954352023
MET023,1,4,4,1,1.5473949779119609
MET023,1,4,4,2,1.3436025237933185
MET023,1,4,4,3,1.188122143427806
MET023,1,4,4,4,1.2243585393330043
MET023,1,4,4,5,0.89476915566945581
MET023,1,4,4,6,0.72507219233358933
MET023,1,4,4,7,1.0812896237950056
MET023,1,4,4,8,1.1263387019140629
MET023,1,4,4,9,1.2581004424788855
MET023,1,4,5,0,1.6795133729701366
MET023,1,4,5,1,1.4101690282776695
MET023,1,4,5,2,1.3471806918725029
MET023,1,4,5,3,1.4075293615101716
MET023,1,4,5,4,1.0660572299889404
MET023,1,4,5,5,1.0173331908996013
MET023,1,4,5,6,0.96702884145275736
MET023,1,4,5,7,1.3712913386066248
MET023,1,4,5,8,0.9901894607228916
MET023,1,4,5,9,1.4783330156561618
MET023,1,4,6,0,1.2950367152817646
MET023,1,4,6,1,1.3265888718495191
MET023,1,4,6,2,1.1559461955676544
MET023,1,4,6,3,1.2213905894619346
MET023,1,4,6,4,1.1573267760348871
MET023,1,4,6,5,1.0739499820752705
MET023,1,4,6,6,1.1632263303719601
MET023,1,4,6,7,1.1374091119295815
MET023,1,4,6,8,1.2250520785172203
MET023,1,4,6,9,1.1892084704509982
MET023,1,4,7,0,1.5670587632212545
MET023,1,4,7,1,1.14466909768666
MET023,1,4,7,2,1.3091378066238764
MET023,1,4,7,3,1.2486002083034815
MET023,1,4,7,4,1.0753143037004329
MET023,1,4,7,5,1.1523701448747985
MET023,1,4,7,6,1.0315589857900882
MET023,1,4,7,7,1.2695560704868822
MET023,1,4,7,8,1.1889469180098846
MET023,1,4,7,9,1.2459238477214831
MET023,1,4,8,0,1.3776420720535749
MET023,1,4,8,1,1.4977523600340497
MET023,1,4,8,2,1.4771593703587635
MET023,1,4,8,3,1.3313021312495583
MET023,1,4,8,4,1.3545819739764653
MET023,1,4,8,5,1.3670201194327782
MET023,1,4,8,6,1.22450904985158
MET023,1,4,8,7,1.4003249003239109
MET023,1,4,8,8,1.4328386110310198
MET023,1,4,8,9,1.1599444268166588
MET023,1,4,9,0,1.4170942308840064
MET023,1,4,9,1,1.3797702876190252
MET023,1,4,9,2,1.359195630532567
MET023,1,4,9,3,1.4938465649316264
MET023,1,4,9,4,1.0772616731447149
MET023,1,4,9,5,1.1691958813141414
MET023,1,4,9,6,1.3010813420234852
MET023,1,4,9,7,1.1892060936806732
MET023,1,4,9,8,1.1535135644755516
MET023,1,4,9,9,1.4698344516222339
MET023,2,1,0,0,1.7037842506454022
MET023,2,1,0,1,1.7277189775947359
MET023,2,1,0,2,1.553079705694244
MET023,2,1,0,3,1.6025366279497602
MET023,2,1,0,4,1.4974028923562788
MET023,2,1,0,5,1.4740452178962842
MET023,2,1,0,6,1.587010610572148
MET023,2,1,0,7,1.5384797141874609
MET023,2,1,0,8,1.6016404584688702
MET023,2,1,0,9,1.3718459743086051
MET023,2,1,1,0,1.6582281938011991
MET023,2,1,1,1,1.8145582166218159
MET023,2,1,1,2,1.2355812197613687
MET023,2,1,1,3,1.2944084829324298
MET023,2,1,1,4,1.3960240612952692
MET023,2,1,1,5,1.3071445842218312
MET023,2,1,1,6,1.3786501558273918
MET023,2,1,1,7,1.3825201325173651
MET023,2,1,1,8,1.4313018613491446
MET023,2,1,1,9,1.5369686439513379
MET023,2,1,2,0,1.6509195083141439
MET023,2,1,2,1,1.6219469429086537
MET023,2,1,2,2,1.5875808466310748
MET023,2,1,2,3,1.1188282779422092
MET023,2,1,2,4,1.0695493334928481
MET023,2,1,2,5,1.3940783664796443
MET023,2,1,2,6,1.2645780375148097
MET023,2,1,2,7,1.4045543283113338
MET023,2,1,2,8,1.3408880343650695
MET023,2,1,2,9,1.409512384323818
MET023,2,1,3,0,1.5208137167962339
MET023,2,1,3,1,1.6564167222947197
MET023,2,1,3,2,1.5735546711953623
MET023,2,1,3,3,1.2864744884763859
MET023,2,1,3,4,1.2185708758748146
MET023,2,1,3,5,0.81231125394535808
MET023,2,1,3,6,1.1125944512529846
MET023,2,1,3,7,1.3060654973539143
MET023,2,1,3,8,1.3836211304101584
MET023,2,1,3,9,1.1553059021870709
MET023,2,1,4,0,1.659273450522829
MET023,2,1,4,1,1.3130394753673036
MET023,2,1,4,2,1.4747012294791819
MET023,2,1,4,3,1.1887085905020207
MET023,2,1,4,4,1.0645464410240515
MET023,2,1,4,5,1.0202443057526356
MET023,2,1,4,6,0.96994758197244679
MET023,2,1,4,7,1.0873522006717409
MET023,2,1,4,8,1.44640013850676
MET023,2,1,4,9,1.2246073758193583
MET023,2,1,5,0,1.304890338842988
MET023,2,1,5,1,1.357373384856319
MET023,2,1,5,2,1.3146647698933289
MET023,2,1,5,3,1.3341542195741578
MET023,2,1,5,4,1.1871649339340675
MET023,2,1,5,5,1.2253902268268175
MET023,2,1,5,6,1.134792192654861
MET023,2,1,5,7,1.0466079220907507
MET023,2,1,5,8,1.1349126816606108
MET023,2,1,5,9,1.3958953776971883
MET023,2,1,6,0,1.1889121427533078
MET023,2,1,6,1,1.2195263130623628
MET023,2,1,6,2,1.3802250096053013
MET023,2,1,6,3,1.2766242871517282
MET023,2,1,6,4,1.4185492916702789
MET023,2,1,6,5,1.1788279408110474
MET023,2,1,6,6,1.286250973293531
MET023,2,1,6,7,1.3131693603021068
MET023,2,1,6,8,1.2315086268929232
MET023,2,1,6,9,1.2557172798865623
MET023,2,1,7,0,1.3326460034915899
MET023,2,1,7,1,1.3857828750507879
MET023,2,1,7,2,1.3480441373185554
MET023,2,1,7,3,1.455509092538936
MET023,2,1,7,4,1.2337590413991466
MET023,2,1,7,5,1.4364807450254964
MET023,2,1,7,6,1.1936589813685043
MET023,2,1,7,7,1.2521341304990037
MET023,2,1,7,8,1.1776499168058585
MET023,2,1,7,9,1.4676958333350063
MET023,2,1,8,0,1.3571794009822822
MET023,2,1,8,1,1.4930705008926279
MET023,2,1,8,2,1.6292290347867733
MET023,2,1,8,3,1.4571416137065705
MET023,2,1,8,4,1.3861466972269387
MET023,2,1,8,5,0.98392378782463397
MET023,2,1,8,6,1.3580879637847416
MET023,2,1,8,7,1.2280645036314439
MET023,2,1,8,8,1.3173514638952817
MET023,2,1,8,9,1.3091829619016275
MET023,2,1,9,0,1.5200024611848333
MET023,2,1,9,1,1.1957812429269814
MET023,2,1,9,2,1.4699794722518436
MET023,2,1,9,3,1.3989490850907906
MET023,2,1,9,4,1.1781862223875592
MET023,2,1,9,5,1.4215144917584772
MET023,2,1,9,6,1.2830990562057951
MET023,2,1,9,7,1.2120943092620229
MET023,2,1,9,8,1.4031395052750189
MET023,2,1,9,9,1.406730679690597
MET023,2,2,0,0,1.6400937026567588
MET023,2,2,0,1,1.6353974048454394
MET023,2,2,0,2,1.3815903874237467
MET023,2,2,0,3,1.4448175729632664
MET023,2,2,0,4,1.5680168120415461
MET023,2,2,0,5,1.4593280139324061
MET023,2,2,0,6,1.4440190889462168
MET023,2,2,0,7,1.3943057993514687
MET023,2,2,0,8,1.6526429006975043
MET023,2,2,0,9,1.3500817442874959
MET023,2,2,1,0,1.3683649303211221
MET023,2,2,1,1,1.7577013493502514
MET023,2,2,1,2,1.0567767567711248
MET023,2,2,1,3,1.3723375189332621
MET023,2,2,1,4,1.432181878539132
MET023,2,2,1,5,1.1657536168048224
MET023,2,2,1,6,1.2835003752871623
MET023,2,2,1,7,1.334656832084582
MET023,2,2,1,8,1.4434018932047397
MET023,2,2,1,9,1.3740029072220881
MET023,2,2,2,0,1.4871257731356631
MET023,2,2,2,1,1.4094459106583399
MET023,2,2,2,2,1.4458470722677166
MET023,2,2,2,3,0.85779712242193129
MET023,2,2,2,4,0.88964691343164226
MET023,2,2,2,5,1.2551304794162499
MET023,2,2,2,6,1.3439489075682625
MET023,2,2,2,7,1.1832867303863444
MET023,2,2,2,8,1.4187042502065126
MET023,2,2,2,9,1.2607204357324091
MET023,2,2,3,0,1.2250296339184881
MET023,2,2,3,1,1.4894960142198923
MET023,2,2,3,2,1.3771657676354434
MET023,2,2,3,3,1.2554609047360774
MET023,2,2,3,4,1.1755160267274329
MET023,2,2,3,5,0.8353990275430685
MET023,2,2,3,6,1.1340517336238602
MET023,2,2,3,7,0.95570399140175843
MET023,2,2,3,8,1.4018299366813576
MET023,2,2,3,9,1.3226237102323908
MET023,2,2,4,0,1.4802270167906071
MET023,2,2,4,1,1.3856719302463805
MET023,2,2,4,2,1.3311907346655929
MET023,2,2,4,3,1.2678685330331816
MET023,2,2,4,4,1.1102502501403182
MET023,2,2,4,5,1.0403827767325546
MET023,2,2,4,6,0.92405719916358997
MET023,2,2,4,7,1.091224494765213
MET023,2,2,4,8,1.164283259166796
MET023,2,2,4,9,1.3472101501605249
MET023,2,2,5,0,1.3880768907420782
MET023,2,2,5,1,1.4056622819313245
MET023,2,2,5,2,1.2960075632478238
MET023,2,2,5,3,1.2602767695142776
MET023,2,2,5,4,1.1574160870706816
MET023,2,2,5,5,0.87844029283575253
MET023,2,2,5,6,1.0169982020403476
MET023,2,2,5,7,1.1180008059571347
MET023,2,2,5,8,1.1936245675521502
MET023,2,2,5,9,1.3656183274606477
MET023,2,2,6,0,1.5092113546648425
MET023,2,2,6,1,1.4351948577433165
MET023,2,2,6,2,1.3828364696236746
MET023,2,2,6,3,1.3914264471009179
MET023,2,2,6,4,1.3218029972233936
MET023,2,2,6,5,1.0111339132250201
MET023,2,2,6,6,1.1701188992823344
MET023,2,2,6,7,1.0440011729186287
MET023,2,2,6,8,1.1281409499921966
MET023,2,2,6,9,1.2156326732160965
MET023,2,2,7,0,1.3748827985172616
MET023,2,2,7,1,1.3361417113755725
MET023,2,2,7,2,1.2880135907255443
MET023,2,2,7,3,1.3820628086667153
MET023,2,2,7,4,1.0419310582391497
MET023,2,2,7,5,1.3135151474807489
MET023,2,2,7,6,1.1953224794573218
MET023,2,2,7,7,1.2846759134242871
MET023,2,2,7,8,1.2950688164270343
MET023,2,2,7,9,1.2475824054068436
MET023,2,2,8,0,1.1608942576918779
MET023,2,2,8,1,1.4167062816101197
MET023,2,2,8,2,1.2791337118255499
MET023,2,2,8,3,1.2025513117525248
MET023,2,2,8,4,1.2621847447425818
MET023,2,2,8,5,1.1869269818951522
MET023,2,2,8,6,0.96220011882530343
MET023,2,2,8,7,1.0261115457463816
MET023,2,2,8,8,1.2798448020328743
MET023,2,2,8,9,1.3195735207672632
MET023,2,2,9,0,1.2263717415339079
MET023,2,2,9,1,1.3167950541713755
MET023,2,2,9,2,1.3444999922894054
MET023,2,2,9,3,1.4636032751833106
MET023,2,2,9,4,1.1229085512106518
MET023,2,2,9,5,1.1044592788067118
MET023,2,2,9,6,1.062233371548327
MET023,2,2,9,7,1.331908084623479
MET023,2,2,9,8,1.2682906403696119
MET023,2,2,9,9,1.3007898334118024
MET023,2,3,0,0,1.7677082804997426
MET023,2,3,0,1,1.7218589526218899
MET023,2,3,0,2,1.6392165142057915
MET023,2,3,0,3,1.6616376960533856
MET023,2,3,0,4,1.4502592230261129
MET023,2,3,0,5,1.5782985885809142
MET023,2,3,0,6,1.5123380475064194
MET023,2,3,0,7,1.3985407370583074
MET023,2,3,0,8,1.416244542984272
MET023,2,3,0,9,1.3207588855513883
MET023,2,3,1,0,1.6467959918803308
MET023,2,3,1,1,1.7526524711339879
MET023,2,3,1,2,1.4533046965494305
MET023,2,3,1,3,1.1921938238956329
MET023,2,3,1,4,1.4964160714550458
MET023,2,3,1,5,1.3818779666116876
MET023,2,3,1,6,1.4213776353742646
MET023,2,3,1,7,1.225985964950274
MET023,2,3,1,8,1.2358881970204625
MET023,2,3,1,9,1.4280062621281877
MET023,2,3,2,0,1.6294718106617418
MET023,2,3,2,1,1.4549324588235839
MET023,2,3,2,2,1.4597172881709166
MET023,2,3,2,3,1.2880681660622433
MET023,2,3,2,4,1.3024850322535746
MET023,2,3,2,5,1.1876265322165689
MET023,2,3,2,6,1.322056233154759
MET023,2,3,2,7,1.4115716670888596
MET023,2,3,2,8,1.2683407716305868
MET023,2,3,2,9,1.3975383982588874
MET023,2,3,3,0,1.6517218332629031
MET023,2,3,3,1,1.5740797788346099
MET023,2,3,3,2,1.2647929230492596
MET023,2,3,3,3,1.3909648624685365
MET023,2,3,3,4,1.1464173254247521
MET023,2,3,3,5,1.0627072548490597
MET023,2,3,3,6,1.0700375514123148
MET023,2,3,3,7,1.1667529159147989
MET023,2,3,3,8,1.2651673111330324
MET023,2,3,3,9,1.4166953555746664
MET023,2,3,4,0,1.3094278938450681
MET023,2,3,4,1,1.409207366976017
MET023,2,3,4,2,1.4290250219757981
MET023,2,3,4,3,1.1201057564747521
MET023,2,3,4,4,1.1168954400583628
MET023,2,3,4,5,1.105368020647763
MET023,2,3,4,6,0.96057540140173037
MET023,2,3,4,7,1.2483156483900208
MET023,2,3,4,8,1.4733756099198356
MET023,2,3,4,9,1.5677249253100871
MET023,2,3,5,0,1.2230627272515395
MET023,2,3,5,1,1.4038986997386909
MET023,2,3,5,2,1.319537725974183
MET023,2,3,5,3,1.1846964003333222
MET023,2,3,5,4,1.3555632003321003
MET023,2,3,5,5,1.1769721671373148
MET023,2,3,5,6,1.2078087215766973
MET023,2,3,5,7,0.9435728369330596
MET023,2,3,5,8,0.94965458123978597
MET023,2,3,5,9,1.2899048864571312
MET023,2,3,6,0,1.314022020093039
MET023,2,3,6,1,1.3673909759596587
MET023,2,3,6,2,1.6132259572988414
MET023,2,3,6,3,1.5152712742653609
MET023,2,3,6,4,1.5374248570780622
MET023,2,3,6,5,1.2638796618921404
MET023,2,3,6,6,1.2954611584798328
MET023,2,3,6,7,1.1928558363844113
MET023,2,3,6,8,1.2503751381729225
MET023,2,3,6,9,1.3224485300056961
MET023,2,3,7,0,1.4404140066333064
MET023,2,3,7,1,1.5224661957990264
MET023,2,3,7,2,1.4016678506382303
MET023,2,3,7,3,1.4322454240905269
MET023,2,3,7,4,1.4491807232839513
MET023,2,3,7,5,1.1651722563329381
MET023,2,3,7,6,1.318997298789726
MET023,2,3,7,7,1.2795764196179851
MET023,2,3,7,8,1.1044604448131945
MET023,2,3,7,9,1.2491171891446582
MET023,2,3,8,0,1.5365953047123
MET023,2,3,8,1,1.3965525408726989
MET023,2,3,8,2,1.1959186289636037
MET023,2,3,8,3,1.2980194707993016
MET023,2,3,8,4,1.4014691089913187
MET023,2,3,8,5,1.1791204268029445
MET023,2,3,8,6,1.1771765433726591
MET023,2,3,8,7,1.2988409726105568
MET023,2,3,8,8,1.4171757936380824
MET023,2,3,8,9,1.2373345404733946
MET023,2,3,9,0,1.407751065218642
MET023,2,3,9,1,1.2970886057137865
MET023,2,3,9,2,1.2448534018864872
MET023,2,3,9,3,1.3584603315918375
MET023,2,3,9,4,1.1951446681159128
MET023,2,3,9,5,1.2870213371470629
MET023,2,3,9,6,1.3074584039672343
MET023,2,3,9,7,1.3436038834823705
MET023,2,3,9,8,1.5347170209240799
MET023,2,3,9,9,1.3802994128909161
MET023,2,4,0,0,1.832909675546931
MET023,2,4,0,1,1.7454577298426237
MET023,2,4,0,2,1.6345099710963822
MET023,2,4,0,3,1.4018640083500626
MET023,2,4,0,4,1.5898330332559454
MET023,2,4,0,5,1.4700745323315878
MET023,2,4,0,6,1.5411749716963581
MET023,2,4,0,7,1.534548311316593
MET023,2,4,0,8,1.627666282515063
MET023,2,4,0,9,1.4847569536726812
MET023,2,4,1,0,1.4485746002093942
MET023,2,4,1,1,1.876829171072147
MET023,2,4,1,2,1.1771693856082162
MET023,2,4,1,3,1.3760615141024068
MET023,2,4,1,4,1.4830247717992917
MET023,2,4,1,5,1.5149149083396909
MET023,2,4,1,6,1.3877415437595155
MET023,2,4,1,7,1.4556140621408904
MET023,2,4,1,8,1.3641173289812589
MET023,2,4,1,9,1.3818824862592785
MET023,2,4,2,0,1.5470687482832417
MET023,2,4,2,1,1.4325358465360485
MET023,2,4,2,2,1.2957914568446018
MET023,2,4,2,3,1.0158294568988449
MET023,2,4,2,4,1.0461067521914953
MET023,2,4,2,5,1.4007147695147044
MET023,2,4,2,6,1.09734760143758
MET023,2,4,2,7,1.3514164017594721
MET023,2,4,2,8,1.3749595414418621
MET023,2,4,2,9,1.3067748270501478
MET023,2,4,3,0,1.6327130185273726
MET023,2,4,3,1,1.3342129367350617
MET023,2,4,3,2,1.476971264417863
MET023,2,4,3,3,1.5431153780165541
MET023,2,4,3,4,1.0486115278280022
MET023,2,4,3,5,0.88310942760186117
MET023,2,4,3,6,1.1510209312013149
MET023,2,4,3,7,1.071980406675223
MET023,2,4,3,8,1.2170297591134756
MET023,2,4,3,9,1.3476992992647563
MET023,2,4,4,0,1.3806160035493265
MET023,2,4,4,1,1.2872634508587546
MET023,2,4,4,2,1.2573842607143739
MET023,2,4,4,3,1.028245599612654
MET023,2,4,4,4,1.1849753098586555
MET023,2,4,4,5,0.96063881807410501
MET023,2,4,4,6,0.84506423068992942
MET023,2,4,4,7,1.1296661583975067
MET023,2,4,4,8,1.3494805184471128
MET023,2,4,4,9,1.452826510906424
MET023,2,4,5,0,1.4993684776300666
MET023,2,4,5,1,1.2138966893825771
MET023,2,4,5,2,1.2239883668335918
MET023,2,4,5,3,1.2814080912898795
MET023,2,4,5,4,1.4928398214011229
MET023,2,4,5,5,1.2930526011940289
MET023,2,4,5,6,0.97641967021610965
MET023,2,4,5,7,1.0733268032560268
MET023,2,4,5,8,1.1491186377061984
MET023,2,4,5,9,1.5619680545516681
MET023,2,4,6,0,1.3830330607614698
MET023,2,4,6,1,1.2765405696894403
MET023,2,4,6,2,1.6601131384055825
MET023,2,4,6,3,1.2396644758312685
MET023,2,4,6,4,1.5083956857234768
MET023,2,4,6,5,1.2759319851402529
MET023,2,4,6,6,1.0291405639342921
MET023,2,4,6,7,1.0525896636350356
MET023,2,4,6,8,1.1011439181698155
MET023,2,4,6,9,1.0312939518577364
MET023,2,4,7,0,1.2540645620825499
MET023,2,4,7,1,1.5816167446768965
MET023,2,4,7,2,1.4263371809930696
MET023,2,4,7,3,1.5219967293545371
MET023,2,4,7,4,1.1770715748861649
MET023,2,4,7,5,1.3948771665402151
MET023,2,4,7,6,1.1482659309763621
MET023,2,4,7,7,1.2982282932123457
MET023,2,4,7,8,1.3187671347488541
MET023,2,4,7,9,1.2040389333572097
MET023,2,4,8,0,1.5624965497551198
MET023,2,4,8,1,1.6056075097295048
MET023,2,4,8,2,1.489711723372291
MET023,2,4,8,3,1.3557665590010983
MET023,2,4,8,4,1.3505109614658863
MET023,2,4,8,5,1.1708844890872474
MET023,2,4,8,6,1.4775284063503813
MET023,2,4,8,7,1.4620271378757399
MET023,2,4,8,8,1.2608052987470713
MET023,2,4,8,9,1.2806249602943482
MET023,2,4,9,0,1.3899305850843156
MET023,2,4,9,1,1.5481780444970621
MET023,2,4,9,2,1.3001598257765441
MET023,2,4,9,3,1.4719780837145855
MET023,2,4,9,4,1.2392620711749929
MET023,2,4,9,5,1.2866799878847912
MET023,2,4,9,6,1.2027612777482035
MET023,2,4,9,7,1.3840871801819803
MET023,2,4,9,8,1.1654682299018129
MET023,2,4,9,9,1.3038247396343701
MET024,1,1,0,0,1.655182675781127
MET024,1,1,0,1,1.5551483044228425
MET024,1,1,0,2,1.5733723529231609
MET024,1,1,0,3,1.4754270471888975
MET024,1,1,0,4,1.7617236092700981
MET024,1,1,0,5,1.6492874966087228
MET024,1,1,0,6,1.2062184799734683
MET024,1,1,0,7,1.2420317202731304
MET024,1,1,0,8,1.1866537587184789
MET024,1,1,0,9,1.4070113389509762
MET024,1,1,1,0,1.5541344338649123
MET024,1,1,1,1,1.4898127042115692
MET024,1,1,1,2,1.5586821905086032
MET024,1,1,1,3,1.6111742684020385
MET024,1,1,1,4,1.5006060828285459
MET024,1,1,1,5,1.2709137884873001
MET024,1,1,1,6,1.3516630966979604
MET024,1,1,1,7,1.4153970648897232
MET024,1,1,1,8,1.1259004201013749
MET024,1,1,1,9,1.2154512386587379
MET024,1,1,2,0,1.5940971611042247
MET024,1,1,2,1,1.6140389370529118
MET024,1,1,2,2,1.5216015833828851
MET024,1,1,2,3,1.2792343648185409
MET024,1,1,2,4,1.265939166448133
MET024,1,1,2,5,1.0534660921819865
MET024,1,1,2,6,1.3389675626834217
MET024,1,1,2,7,1.1296873233493232
MET024,1,1,2,8,1.2843550794869034
MET024,1,1,2,9,1.1771710180927859
MET024,1,1,3,0,1.6357375839034507
MET024,1,1,3,1,1.431438922919569
MET024,1,1,3,2,1.304929187552081
MET024,1,1,3,3,1.313925357586875
MET024,1,1,3,4,1.257679698719973
MET024,1,1,3,5,0.92847828340117322
MET024,1,1,3,6,0.90066894122632424
MET024,1,1,3,7,0.92100188388619075
MET024,1,1,3,8,1.1692799054773295
MET024,1,1,3,9,1.0975507421295951
MET024,1,1,4,0,1.4873964626557814
MET024,1,1,4,1,1.6081748276440788
MET024,1,1,4,2,1.4187690958292585
MET024,1,1,4,3,1.2440026364180583
MET024,1,1,4,4,1.118851227216703
MET024,1,1,4,5,0.81217368595943695
MET024,1,1,4,6,0.94710666672125077
MET024,1,1,4,7,0.83354941026934881
MET024,1,1,4,8,1.0758793247815872
MET024,1,1,4,9,0.99900050896970782
MET024,1,1,5,0,1.3244252820120392
MET024,1,1,5,1,1.3022557007815547
MET024,1,1,5,2,1.2855451245998479
MET024,1,1,5,3,1.375314448400053
MET024,1,1,5,4,1.4777724990258698
MET024,1,1,5,5,1.2508231206698175
MET024,1,1,5,6,1.1329627700407396
MET024,1,1,5,7,0.8392977777145092
MET024,1,1,5,8,0.9322893196207156
MET024,1,1,5,9,0.92660253341614418
MET024,1,1,6,0,1.1783989483691331
MET024,1,1,6,1,1.1604498338066993
MET024,1,1,6,2,1.0337701805191712
MET024,1,1,6,3,1.091306266133073
MET024,1,1,6,4,1.1870732745825625
MET024,1,1,6,5,1.2196608296458014
MET024,1,1,6,6,0.95430665803338
MET024,1,1,6,7,0.984483008434344
MET024,1,1,6,8,0.91950704030758901
MET024,1,1,6,9,0.88866946490183452
MET024,1,1,7,0,1.3171497448858251
MET024,1,1,7,1,1.1639372353043129
MET024,1,1,7,2,0.99856465970919739
MET024,1,1,7,3,1.1903775587031198
MET024,1,1,7,4,1.2695251982528215
MET024,1,1,7,5,1.2605233464450505
MET024,1,1,7,6,1.0056183586490175
MET024,1,1,7,7,1.0330896523466222
MET024,1,1,7,8,1.1666425461395411
MET024,1,1,7,9,0.95604051021517122
MET024,1,1,8,0,1.2528589478296437
MET024,1,1,8,1,1.045044985202966
MET024,1,1,8,2,1.1532124388278702
MET024,1,1,8,3,1.2931053313103928
MET024,1,1,8,4,1.2630033239257554
MET024,1,1,8,5,1.0930906400296825
MET024,1,1,8,6,1.4466467064901378
MET024,1,1,8,7,1.4015665223396374
MET024,1,1,8,8,1.3009979791427599
MET024,1,1,8,9,0.95989787382378244
MET024,1,1,9,0,1.2572932685931342
MET024,1,1,9,1,1.2596754745403405
MET024,1,1,9,2,1.1951599501730128
MET024,1,1,9,3,1.3377839346554588
MET024,1,1,9,4,1.4985378167650396
MET024,1,1,9,5,1.792500025292203
MET024,1,1,9,6,1.6993124736667471
MET024,1,1,9,7,1.4563209037763711
MET024,1,1,9,8,1.4303737675919102
MET024,1,1,9,9,1.2789883687503472
MET024,1,2,0,0,1.6645880629176619
MET024,1,2,0,1,1.4854466930734287
MET024,1,2,0,2,1.4800810203148225
MET024,1,2,0,3,1.2579064325243363
MET024,1,2,0,4,1.4614127765661982
MET024,1,2,0,5,1.4949088149089158
MET024,1,2,0,6,1.4338438233589039
MET024,1,2,0,7,1.3829793216537731
MET024,1,2,0,8,1.1543109730775185
MET024,1,2,0,9,1.2186527680396897
MET024,1,2,1,0,1.41615903518252
MET024,1,2,1,1,1.4627941717273274
MET024,1,2,1,2,1.4730755282187764
MET024,1,2,1,3,1.4842460980033081
MET024,1,2,1,4,1.2854311943160432
MET024,1,2,1,5,1.2900151143420864
MET024,1,2,1,6,1.0323062692172862
MET024,1,2,1,7,1.1102721750347206
MET024,1,2,1,8,1.3552170938999837
MET024,1,2,1,9,1.0190407513168769
MET024,1,2,2,0,1.5473773535453088
MET024,1,2,2,1,1.0493845608287149
MET024,1,2,2,2,1.08890425650309
MET024,1,2,2,3,1.009618524381952
MET024,1,2,2,4,0.99542444494138282
MET024,1,2,2,5,1.0836877469895472
MET024,1,2,2,6,1.3392241877522526
MET024,1,2,2,7,1.3593186316579648
MET024,1,2,2,8,1.2380274034038965
MET024,1,2,2,9,0.95846716865711401
MET024,1,2,3,0,1.5216889241485658
MET024,1,2,3,1,1.5376660248551697
MET024,1,2,3,2,1.2795034221381478
MET024,1,2,3,3,1.1478170011284261
MET024,1,2,3,4,0.84940793080682686
MET024,1,2,3,5,0.82371590088577695
MET024,1,2,3,6,0.98190405049679819
MET024,1,2,3,7,1.1786603671260962
MET024,1,2,3,8,1.1177178573413711
MET024,1,2,3,9,1.1835920779110862
MET024,1,2,4,0,1.313722025293578
MET024,1,2,4,1,1.2560451414873162
MET024,1,2,4,2,1.2094508802820847
MET024,1,2,4,3,1.1950178227708088
MET024,1,2,4,4,1.1737980819866332
MET024,1,2,4,5,0.81182721428700277
MET024,1,2,4,6,1.0072388531079191
MET024,1,2,4,7,0.93577182823151805
MET024,1,2,4,8,0.914125947102992
MET024,1,2,4,9,0.85581002812199747
MET024,1,2,5,0,1.2117511207152938
MET024,1,2,5,1,1.1611506402379206
MET024,1,2,5,2,1.1262038863651354
MET024,1,2,5,3,1.044540614686766
MET024,1,2,5,4,1.3751775922952385
MET024,1,2,5,5,1.1262770542009797
MET024,1,2,5,6,0.89601042584881585
MET024,1,2,5,7,0.9881754077198448
MET024,1,2,5,8,0.77847138001447269
MET024,1,2,5,9,0.76185924415013884
MET024,1,2,6,0,1.1114170418523923
MET024,1,2,6,1,1.1013047299438989
MET024,1,2,6,2,1.1982744333332045
MET024,1,2,6,3,1.1792716369898939
MET024,1,2,6,4,1.2459139449070356
MET024,1,2,6,5,1.1467691045434405
MET024,1,2,6,6,1.2538062054030554
MET024,1,2,6,7,1.0027304247107369
MET024,1,2,6,8,0.79129500857755031
MET024,1,2,6,9,1.1486488071715772
MET024,1,2,7,0,1.2948559794114951
MET024,1,2,7,1,1.1912685935223926
MET024,1,2,7,2,1.027750045667293
MET024,1,2,7,3,1.4766616680960034
MET024,1,2,7,4,1.5131428053078448
MET024,1,2,7,5,0.93666124147754082
MET024,1,2,7,6,1.373226539469399
MET024,1,2,7,7,1.0711403585406649
MET024,1,2,7,8,1.0195260891502302
MET024,1,2,7,9,0.85826223681861435
MET024,1,2,8,0,1.1590845384723876
MET024,1,2,8,1,1.0751082939252254
MET024,1,2,8,2,1.2055359908915575
MET024,1,2,8,3,1.3258296423545399
MET024,1,2,8,4,0.8539621879238477
MET024,1,2,8,5,1.3464299759093259
MET024,1,2,8,6,0.85535533397828378
MET024,1,2,8,7,1.2895520898466011
MET024,1,2,8,8,1.0512137138276831
MET024,1,2,8,9,0.9381195168140336
MET024,1,2,9,0,0.89777769722320122
MET024,1,2,9,1,1.389142858477256
MET024,1,2,9,2,1.3008505729763351
MET024,1,2,9,3,1.1929447341819459
MET024,1,2,9,4,1.4127256049188639
MET024,1,2,9,5,0.66290297099127404
MET024,1,2,9,6,1.0747471842871457
MET024,1,2,9,7,1.5332471914364283
MET024,1,2,9,8,1.6448114194384695
MET024,1,2,9,9,1.4740356480353245
MET024,1,3,0,0,1.5261761408561183
MET024,1,3,0,1,1.4359522596098062
MET024,1,3,0,2,1.5438003474967514
MET024,1,3,0,3,1.302462613622752
MET024,1,3,0,4,1.4525512572761314
MET024,1,3,0,5,1.1585781364046042
MET024,1,3,0,6,1.5437076557605185
MET024,1,3,0,7,1.2361297649556442
MET024,1,3,0,8,1.1192051477737122
MET024,1,3,0,9,1.31620336053144
MET024,1,3,1,0,1.4015198109709548
MET024,1,3,1,1,1.2402149316648825
MET024,1,3,1,2,1.220495647024527
MET024,1,3,1,3,1.1814010716152068
MET024,1,3,1,4,1.1620458105900919
MET024,1,3,1,5,1.2827247446557013
MET024,1,3,1,6,1.0655166598325641
MET024,1,3,1,7,1.1246271468288795
MET024,1,3,1,8,1.1241021956193389
MET024,1,3,1,9,1.1403368092206581
MET024,1,3,2,0,1.5315390979589882
MET024,1,3,2,1,1.1909894799037883
MET024,1,3,2,2,1.2514422942486541
MET024,1,3,2,3,0.75262142252554376
MET024,1,3,2,4,1.3110132732975419
MET024,1,3,2,5,0.97161190633664685
MET024,1,3,2,6,1.0489900288505811
MET024,1,3,2,7,0.99462667777367264
MET024,1,3,2,8,1.057409657957987
MET024,1,3,2,9,1.1599473083111052
MET024,1,3,3,0,1.3291835721661269
MET024,1,3,3,1,1.1479898353051561
MET024,1,3,3,2,1.4493008161290135
MET024,1,3,3,3,1.1908750576287239
MET024,1,3,3,4,0.91879618733675217
MET024,1,3,3,5,0.81592016832433378
MET024,1,3,3,6,0.81307857671840356
MET024,1,3,3,7,0.92744485724157677
MET024,1,3,3,8,0.89977007852728197
MET024,1,3,3,9,0.90991922814916881
MET024,1,3,4,0,1.3731975785218968
MET024,1,3,4,1,0.82416731727456305
MET024,1,3,4,2,1.2959315704688923
MET024,1,3,4,3,1.0509249564669267
MET024,1,3,4,4,1.0768820745211567
MET024,1,3,4,5,0.83038129227675073
MET024,1,3,4,6,0.73035794641973528
MET024,1,3,4,7,0.83660827137435945
MET024,1,3,4,8,0.98808486840919263
MET024,1,3,4,9,0.9492638707492872
MET024,1,3,5,0,1.2639658265673184
MET024,1,3,5,1,1.1544421694446323
MET024,1,3,5,2,1.0070485981727226
MET024,1,3,5,3,1.0634667001082927
MET024,1,3,5,4,1.2145084742533732
MET024,1,3,5,5,1.0310871844305898
MET024,1,3,5,6,0.93875813793960905
MET024,1,3,5,7,0.65590751620607124
MET024,1,3,5,8,0.88241473675404691
MET024,1,3,5,9,0.86008545925830326
MET024,1,3,6,0,1.1149715344661719
MET024,1,3,6,1,1.0197698224496898
MET024,1,3,6,2,1.005983806123337
MET024,1,3,6,3,0.88475753426471138
MET024,1,3,6,4,1.2409967588281663
MET024,1,3,6,5,1.282338904917236
MET024,1,3,6,6,1.1409114711180075
MET024,1,3,6,7,0.81090229338104591
MET024,1,3,6,8,0.95192213197976361
MET024,1,3,6,9,1.0276044386914096
MET024,1,3,7,0,1.1870835605471159
MET024,1,3,7,1,0.9703197734954836
MET024,1,3,7,2,0.76226921768044287
MET024,1,3,7,3,1.3939702579880748
MET024,1,3,7,4,1.1496551640190449
MET024,1,3,7,5,1.221008130566432
MET024,1,3,7,6,0.93102725367213923
MET024,1,3,7,7,1.0792629134922531
MET024,1,3,7,8,0.92143092992156617
MET024,1,3,7,9,0.70189981766601017
MET024,1,3,8,0,1.0233680304988368
MET024,1,3,8,1,0.91559987282148758
MET024,1,3,8,2,1.2942462097361795
MET024,1,3,8,3,1.0327427593417102
MET024,1,3,8,4,1.1020229924736968
MET024,1,3,8,5,1.2726535535436925
MET024,1,3,8,6,1.2381821612745834
MET024,1,3,8,7,1.5576494208557596
MET024,1,3,8,8,1.1281074023481461
MET024,1,3,8,9,0.94333978550864117
MET024,1,3,9,0,1.1266240011879802
MET024,1,3,9,1,1.3196301607575347
MET024,1,3,9,2,1.0128582883122079
MET024,1,3,9,3,1.018540471492301
MET024,1,3,9,4,1.1238181676494936
MET024,1,3,9,5,1.2625307087236592
MET024,1,3,9,6,1.6374210014158888
MET024,1,3,9,7,1.2340914315635545
MET024,1,3,9,8,1.264764264518387
MET024,1,3,9,9,1.1486916734892847
MET024,1,4,0,0,1.655182675781127
MET024,1,4,0,1,1.5551483044228425
MET024,1,4,0,2,1.5733723529231609
MET024,1,4,0,3,1.4754270471888975
MET024,1,4,0,4,1.7617236092700981
MET024,1,4,0,5,1.6492874966087228
MET024,1,4,0,6,1.2062184799734683
MET024,1,4,0,7,1.2420317202731304
MET024,1,4,0,8,1.1866537587184789
MET024,1,4,0,9,1.4070113389509762
MET024,1,4,1,0,1.5541344338649123
MET024,1,4,1,1,1.4898127042115692
MET024,1,4,1,2,1.5586821905086032
MET024,1,4,1,3,1.6111742684020385
MET024,1,4,1,4,1.5006060828285459
MET024,1,4,1,5,1.2709137884873001
MET024,1,4,1,6,1.3516630966979604
MET024,1,4,1,7,1.4153970648897232
MET024,1,4,1,8,1.1259004201013749
MET024,1,4,1,9,1.2154512386587379
MET024,1,4,2,0,1.5940971611042247
MET024,1,4,2,1,1.6140389370529118
MET024,1,4,2,2,1.5216015833828851
MET024,1,4,2,3,1.2792343648185409
MET024,1,4,2,4,1.265939166448133
MET024,1,4,2,5,1.0534660921819865
MET024,1,4,2,6,1.3389675626834217
MET024,1,4,2,7,1.1296873233493232
MET024,1,4,2,8,1.2843550794869034
MET024,1,4,2,9,1.1771710180927859
MET024,1,4,3,0,1.6357375839034507
MET024,1,4,3,1,1.431438922919569
MET024,1,4,3,2,1.304929187552081
MET024,1,4,3,3,1.313925357586875
MET024,1,4,3,4,1.257679698719973
MET024,1,4,3,5,0.92847828340117322
MET024,1,4,3,6,0.90066894122632424
MET024,1,4,3,7,0.92100188388619075
MET024,1,4,3,8,1.1692799054773295
MET024,1,4,3,9,1.0975507421295951
MET024,1,4,4,0,1.4873964626557814
MET024,1,4,4,1,1.6081748276440788
MET024,1,4,4,2,1.4187690958292585
MET024,1,4,4,3,1.2440026364180583
MET024,1,4,4,4,1.118851227216703
MET024,1,4,4,5,0.81217368595943695
MET024,1,4,4,6,0.94710666672125077
MET024,1,4,4,7,0.83354941026934881
MET024,1,4,4,8,1.0758793247815872
MET024,1,4,4,9,0.99900050896970782
MET024,1,4,5,0,1.3244252820120392
MET024,1,4,5,1,1.3022557007815547
MET024,1,4,5,2,1.2855451245998479
MET024,1,4,5,3,1.375314448400053
MET024,1,4,5,4,1.4777724990258698
MET024,1,4,5,5,1.2508231206698175
MET024,1,4,5,6,1.1329627700407396
MET024,1,4,5,7,0.8392977777145092
MET024,1,4,5,8,0.9322893196207156
MET024,1,4,5,9,0.92660253341614418
MET024,1,4,6,0,1.1783989483691331
MET024,1,4,6,1,1.1604498338066993
MET024,1,4,6,2,1.0337701805191712
MET024,1,4,6,3,1.091306266133073
MET024,1,4,6,4,1.1870732745825625
MET024,1,4,6,5,1.2196608296458014
MET024,1,4,6,6,0.95430665803338
MET024,1,4,6,7,0.984483008434344
MET024,1,4,6,8,0.91950704030758901
MET024,1,4,6,9,0.88866946490183452
MET024,1,4,7,0,1.3171497448858251
MET024,1,4,7,1,1.1639372353043129
MET024,1,4,7,2,0.99856465970919739
MET024,1,4,7,3,1.1903775587031198
MET024,1,4,7,4,1.2695251982528215
MET024,1,4,7,5,1.2605233464450505
MET024,1,4,7,6,1.0056183586490175
MET024,1,4,7,7,1.0330896523466222
MET024,1,4,7,8,1.1666425461395411
MET024,1,4,7,9,0.95604051021517122
MET024,1,4,8,0,1.2528589478296437
MET024,1,4,8,1,1.045044985202966
MET024,1,4,8,2,1.1532124388278702
MET024,1,4,8,3,1.2931053313103928
MET024,1,4,8,4,1.2630033239257554
MET024,1,4,8,5,1.0930906400296825
MET024,1,4,8,6,1.4466467064901378
MET024,1,4,8,7,1.4015665223396374
MET024,1,4,8,8,1.3009979791427599
MET024,1,4,8,9,0.95989787382378244
MET024,1,4,9,0,1.2572932685931342
MET024,1,4,9,1,1.2596754745403405
MET024,1,4,9,2,1.1951599501730128
MET024,1,4,9,3,1.3377839346554588
MET024,1,4,9,4,1.4985378167650396
MET024,1,4,9,5,1.792500025292203
MET024,1,4,9,6,1.6993124736667471
MET024,1,4,9,7,1.4563209037763711
MET024,1,4,9,8,1.4303737675919102
MET024,1,4,9,9,1.2789883687503472
MET025,1,1,0,0,1.2381561494215174
MET025,1,1,0,1,1.5172613615099986
MET025,1,1,0,2,1.2819302931850056
MET025,1,1,0,3,1.3834335937785571
MET025,1,1,0,4,1.3930756424931088
MET025,1,1,0,5,1.0718482391415547
MET025,1,1,0,6,1.2251769406625337
MET025,1,1,0,7,1.3240962795148086
MET025,1,1,0,8,1.2280537658203527
MET025,1,1,0,9,1.3803043678609579
MET025,1,1,1,0,1.5310041746025478
MET025,1,1,1,1,1.0179302405629416
MET025,1,1,1,2,1.2003553206218489
MET025,1,1,1,3,1.3874588026731387
MET025,1,1,1,4,1.4532424454083519
MET025,1,1,1,5,1.3946239169912966
MET025,1,1,1,6,0.93198808206014361
MET025,1,1,1,7,1.1765685543340625
MET025,1,1,1,8,1.0737226475175481
MET025,1,1,1,9,1.2386463068889382
MET025,1,1,2,0,1.667877700492256
MET025,1,1,2,1,1.2142635807345481
MET025,1,1,2,2,1.0409852884550856
MET025,1,1,2,3,1.1749082206881116
MET025,1,1,2,4,1.0826439865049124
MET025,1,1,2,5,1.2707335861797049
MET025,1,1,2,6,1.310963043188712
MET025,1,1,2,7,1.1746279922201892
MET025,1,1,2,8,1.4206835909863371
MET025,1,1,2,9,1.2878919842943604
MET025,1,1,3,0,1.7397140227684147
MET025,1,1,3,1,1.5158275949228961
MET025,1,1,3,2,1.1013409267312471
MET025,1,1,3,3,1.1564032727222875
MET025,1,1,3,4,1.1172249115421895
MET025,1,1,3,5,0.92563423160375835
MET025,1,1,3,6,1.194261983888931
MET025,1,1,3,7,1.1009365321374005
MET025,1,1,3,8,1.1484625774022723
MET025,1,1,3,9,1.0588054752506564
MET025,1,1,4,0,1.70610235665548
MET025,1,1,4,1,1.4691500972026139
MET025,1,1,4,2,1.2522504993974446
MET025,1,1,4,3,1.1874995297918189
MET025,1,1,4,4,1.2392410689595237
MET025,1,1,4,5,0.93678112277756442
MET025,1,1,4,6,1.148062023669832
MET025,1,1,4,7,1.1766764177496454
MET025,1,1,4,8,1.238380673632103
MET025,1,1,4,9,1.2153555871542621
MET025,1,1,5,0,1.5223472694199665
MET025,1,1,5,1,1.4514392035756496
MET025,1,1,5,2,1.1612274168564916
MET025,1,1,5,3,1.2750993714550989
MET025,1,1,5,4,1.1356955415757859
MET025,1,1,5,5,1.1017828322687451
MET025,1,1,5,6,1.1075027989530124
MET025,1,1,5,7,1.1538483328060092
MET025,1,1,5,8,1.1340324100380914
MET025,1,1,5,9,1.1532492361178726
MET025,1,1,6,0,1.3218904925800727
MET025,1,1,6,1,1.468895507930688
MET025,1,1,6,2,1.3934882880695301
MET025,1,1,6,3,1.486492985952047
MET025,1,1,6,4,1.0006997022670241
MET025,1,1,6,5,1.1388217103387646
MET025,1,1,6,6,1.1715810928672536
MET025,1,1,6,7,1.0265796255082191
MET025,1,1,6,8,0.99840832738665641
MET025,1,1,6,9,1.1761031591470368
MET025,1,1,7,0,1.4698217498110624
MET025,1,1,7,1,1.4842183190584359
MET025,1,1,7,2,1.0768075867853162
MET025,1,1,7,3,1.1727126908329391
MET025,1,1,7,4,1.1927264315792316
MET025,1,1,7,5,0.89400636805609446
MET025,1,1,7,6,1.3377375103258948
MET025,1,1,7,7,1.1293431773946754
MET025,1,1,7,8,0.95194573749133082
MET025,1,1,7,9,1.3001471100612088
MET025,1,1,8,0,1.5085772565954978
MET025,1,1,8,1,1.3346757401192435
MET025,1,1,8,2,1.3140591863225839
MET025,1,1,8,3,1.0428218613949043
MET025,1,1,8,4,1.0711712568616916
MET025,1,1,8,5,1.223960970651442
MET025,1,1,8,6,1.1328538215251232
MET025,1,1,8,7,1.0430907046976059
MET025,1,1,8,8,0.996406636176974
MET025,1,1,8,9,1.1816877393371772
MET025,1,1,9,0,1.3878069830959261
MET025,1,1,9,1,1.4430037070083146
MET025,1,1,9,2,1.3025708512036922
MET025,1,1,9,3,1.0743602572427993
MET025,1,1,9,4,1.0503857885143206
MET025,1,1,9,5,1.0668872309925774
MET025,1,1,9,6,1.3238081159593686
MET025,1,1,9,7,1.2139465016689903
MET025,1,1,9,8,1.2351718581301461
MET025,1,1,9,9,1.0463156926174524
MET025,1,2,0,0,1.4176306050044003
MET025,1,2,0,1,1.2412831039878776
MET025,1,2,0,2,1.0830707672145261
MET025,1,2,0,3,1.2289049047050926
MET025,1,2,0,4,1.200267091719686
MET025,1,2,0,5,1.1125392604403199
MET025,1,2,0,6,1.224983730140663
MET025,1,2,0,7,1.1173795766452972
MET025,1,2,0,8,1.3093154848096518
MET025,1,2,0,9,1.2336899024319363
MET025,1,2,1,0,1.4687526113297271
MET025,1,2,1,1,1.1082661050812033
MET025,1,2,1,2,1.3268147824141066
MET025,1,2,1,3,1.3744765452685972
MET025,1,2,1,4,1.1069107347191385
MET025,1,2,1,5,1.2409415748064454
MET025,1,2,1,6,1.1124561176556187
MET025,1,2,1,7,1.2658273168855154
MET025,1,2,1,8,1.1362591100225048
MET025,1,2,1,9,1.4039110293528616
MET025,1,2,2,0,1.6204874322901608
MET025,1,2,2,1,1.0840076281553459
MET025,1,2,2,2,1.2364184846354831
MET025,1,2,2,3,1.1319581081078678
MET025,1,2,2,4,0.98382657742800783
MET025,1,2,2,5,1.2834160170674889
MET025,1,2,2,6,1.2431861707386831
MET025,1,2,2,7,1.130925273766928
MET025,1,2,2,8,1.2800811931273379
MET025,1,2,2,9,1.1077751448262996
MET025,1,2,3,0,1.757949288675877
MET025,1,2,3,1,1.4002684576888296
MET025,1,2,3,2,1.1005177408884119
MET025,1,2,3,3,1.244318989854339
MET025,1,2,3,4,0.89529219130217585
MET025,1,2,3,5,1.0089885817366988
MET025,1,2,3,6,0.96858820666543677
MET025,1,2,3,7,1.2009546282769019
MET025,1,2,3,8,1.2736504618051336
MET025,1,2,3,9,1.060170800541395
MET025,1,2,4,0,1.5248612704244231
MET025,1,2,4,1,1.4878072759346022
MET025,1,2,4,2,1.2827463884459107
MET025,1,2,4,3,1.1749815611696748
MET025,1,2,4,4,1.1819305515517446
MET025,1,2,4,5,1.072410467725867
MET025,1,2,4,6,0.96386792602710381
MET025,1,2,4,7,1.3801743800077531
MET025,1,2,4,8,1.1154224323984994
MET025,1,2,4,9,1.149655818944098
MET025,1,2,5,0,1.369410874334408
MET025,1,2,5,1,1.3075186832131396
MET025,1,2,5,2,1.2027387009140107
MET025,1,2,5,3,1.2136665203075747
MET025,1,2,5,4,1.1817143744404035
MET025,1,2,5,5,1.0457859379053709
MET025,1,2,5,6,0.88657524744962934
MET025,1,2,5,7,1.0805947388843851
MET025,1,2,5,8,1.1459557728737806
MET025,1,2,5,9,1.1237200168354109
MET025,1,2,6,0,1.5354148372346603
MET025,1,2,6,1,1.3818806054283417
MET025,1,2,6,2,1.4101580278986994
MET025,1,2,6,3,1.0582456266497766
MET025,1,2,6,4,0.8218809861790064
MET025,1,2,6,5,1.1447606063437592
MET025,1,2,6,6,1.0913714360193365
MET025,1,2,6,7,1.0219243001869234
MET025,1,2,6,8,1.3072939378243296
MET025,1,2,6,9,1.3101576707565059
MET025,1,2,7,0,1.3903303782337206
MET025,1,2,7,1,1.3975189518712323
MET025,1,2,7,2,1.1165574618010805
MET025,1,2,7,3,1.1190686446734257
MET025,1,2,7,4,1.1267100433888531
MET025,1,2,7,5,1.0616794116012831
MET025,1,2,7,6,1.2832770781366389
MET025,1,2,7,7,1.0953103130593058
MET025,1,2,7,8,0.97858811832447845
MET025,1,2,7,9,1.2422087649883391
MET025,1,2,8,0,1.4819969228467449
MET025,1,2,8,1,1.3690569991094701
MET025,1,2,8,2,1.3103924854263025
MET025,1,2,8,3,1.1302652638036901
MET025,1,2,8,4,1.000832140326571
MET025,1,2,8,5,1.1964356408358754
MET025,1,2,8,6,1.1517677759760401
MET025,1,2,8,7,1.2408438273486391
MET025,1,2,8,8,1.1074406639632453
MET025,1,2,8,9,1.1249256871528928
MET025,1,2,9,0,1.3508149793351958
MET025,1,2,9,1,1.3579822555851919
MET025,1,2,9,2,1.2575342058970262
MET025,1,2,9,3,1.0351274081208597
MET025,1,2,9,4,1.1129417724091883
MET025,1,2,9,5,1.002811091205706
MET025,1,2,9,6,1.1009953943795636
MET025,1,2,9,7,1.2083022106581969
MET025,1,2,9,8,1.2141907038885065
MET025,1,2,9,9,1.0451356543464929
MET025,1,3,0,0,1.1612259748642242
MET025,1,3,0,1,1.1250124873988296
MET025,1,3,0,2,1.290495147932303
MET025,1,3,0,3,1.2042305943817029
MET025,1,3,0,4,1.2668955339840098
MET025,1,3,0,5,1.096417824350906
MET025,1,3,0,6,1.1982917862576761
MET025,1,3,0,7,1.2588598633958985
MET025,1,3,0,8,1.1530177769393262
MET025,1,3,0,9,1.1186055258997989
MET025,1,3,1,0,1.4444866199374355
MET025,1,3,1,1,0.91871716572095596
MET025,1,3,1,2,1.1255900388573177
MET025,1,3,1,3,1.4414186332361476
MET025,1,3,1,4,1.3449507573818966
MET025,1,3,1,5,1.2792000482874972
MET025,1,3,1,6,1.2335466769848804
MET025,1,3,1,7,1.0272618467720434
MET025,1,3,1,8,1.410689744580448
MET025,1,3,1,9,1.1956023726125231
MET025,1,3,2,0,1.5028233744537909
MET025,1,3,2,1,0.93610451882515
MET025,1,3,2,2,1.1281479280491773
MET025,1,3,2,3,1.0707206348925109
MET025,1,3,2,4,1.0718837584049621
MET025,1,3,2,5,1.1758376259825669
MET025,1,3,2,6,1.1732324727802022
MET025,1,3,2,7,1.2069911915152731
MET025,1,3,2,8,1.0674395194388897
MET025,1,3,2,9,1.2517537154909333
MET025,1,3,3,0,1.5162104445628712
MET025,1,3,3,1,1.5796067901516495
MET025,1,3,3,2,1.138564534573598
MET025,1,3,3,3,1.3170561718373648
MET025,1,3,3,4,1.0455340263854904
MET025,1,3,3,5,1.0528044018325595
MET025,1,3,3,6,1.1390761585522662
MET025,1,3,3,7,1.3273967303111935
MET025,1,3,3,8,1.117113364057239
MET025,1,3,3,9,1.0558318786534224
MET025,1,3,4,0,1.3931242288343293
MET025,1,3,4,1,1.1837258160040871
MET025,1,3,4,2,1.0952907971387329
MET025,1,3,4,3,1.3319180576031175
MET025,1,3,4,4,1.0948984316838144
MET025,1,3,4,5,1.0706691756161435
MET025,1,3,4,6,1.0486823579122599
MET025,1,3,4,7,1.18918414323627
MET025,1,3,4,8,1.0816660860969569
MET025,1,3,4,9,1.1987572831747291
MET025,1,3,5,0,1.5289121144710764
MET025,1,3,5,1,1.590799085559254
MET025,1,3,5,2,1.3198213629109965
MET025,1,3,5,3,0.95784909550369302
MET025,1,3,5,4,0.84129715729314625
MET025,1,3,5,5,0.94542058535340923
MET025,1,3,5,6,0.98718041933225076
MET025,1,3,5,7,1.2286101522092023
MET025,1,3,5,8,1.2842491107955971
MET025,1,3,5,9,1.1521345194994386
MET025,1,3,6,0,1.399694295680872
MET025,1,3,6,1,1.5255932665560867
MET025,1,3,6,2,1.2358989195162351
MET025,1,3,6,3,0.96387909719580478
MET025,1,3,6,4,1.0361893541225251
MET025,1,3,6,5,1.1160670005975526
MET025,1,3,6,6,1.1425657966316625
MET025,1,3,6,7,1.0334479619842123
MET025,1,3,6,8,1.1740085645017595
MET025,1,3,6,9,1.1703079269184673
MET025,1,3,7,0,1.5413816601882964
MET025,1,3,7,1,1.2988657004068704
MET025,1,3,7,2,1.1093451522704183
MET025,1,3,7,3,1.1980472932836848
MET025,1,3,7,4,0.93204094861242481
MET025,1,3,7,5,0.86476998084560663
MET025,1,3,7,6,1.0798234227158725
MET025,1,3,7,7,1.1084666217705563
MET025,1,3,7,8,1.0374745270397423
MET025,1,3,7,9,1.200002371878907
MET025,1,3,8,0,1.3093498712556817
MET025,1,3,8,1,1.3009631997121851
MET025,1,3,8,2,1.1249369846475046
MET025,1,3,8,3,1.1449038570068073
MET025,1,3,8,4,1.1887995077533935
MET025,1,3,8,5,1.2202282965726716
MET025,1,3,8,6,1.0975168424525343
MET025,1,3,8,7,1.3628798102827984
MET025,1,3,8,8,1.0915323809930118
MET025,1,3,8,9,1.0351944142985985
MET025,1,3,9,0,1.3348017172068969
MET025,1,3,9,1,1.3085138331984922
MET025,1,3,9,2,1.3720475225159274
MET025,1,3,9,3,0.99901946950791998
MET025,1,3,9,4,0.97834780228466756
MET025,1,3,9,5,1.050259085439454
MET025,1,3,9,6,1.1070534085248669
MET025,1,3,9,7,0.99894115600184918
MET025,1,3,9,8,0.95272129883240797
MET025,1,3,9,9,1.035206918597438
MET025,1,4,0,0,1.1290237890707016
MET025,1,4,0,1,1.4301124825021692
MET025,1,4,0,2,1.3190448737392246
MET025,1,4,0,3,1.4924313808756844
MET025,1,4,0,4,1.2436654489037948
MET025,1,4,0,5,1.2103879393025814
MET025,1,4,0,6,1.2041696880002364
MET025,1,4,0,7,1.1582562096379254
MET025,1,4,0,8,1.0956410283479552
MET025,1,4,0,9,1.2695281444479127
MET025,1,4,1,0,1.2797593076017597
MET025,1,4,1,1,1.1298641951169113
MET025,1,4,1,2,1.2206426825125829
MET025,1,4,1,3,1.1917513977883325
MET025,1,4,1,4,1.2113186333469868
MET025,1,4,1,5,1.1353200281447764
MET025,1,4,1,6,1.2151158880219219
MET025,1,4,1,7,1.1997237354321206
MET025,1,4,1,8,1.1927409965339606
MET025,1,4,1,9,1.246821843333787
MET025,1,4,2,0,1.4493341544298246
MET025,1,4,2,1,1.1135108028992582
MET025,1,4,2,2,1.2817058645199215
MET025,1,4,2,3,1.0423523874254721
MET025,1,4,2,4,1.1208090852079389
MET025,1,4,2,5,1.1437887799666
MET025,1,4,2,6,1.0220255708824473
MET025,1,4,2,7,1.2588980889080359
MET025,1,4,2,8,1.1986073016936989
MET025,1,4,2,9,1.0534822065412384
MET025,1,4,3,0,1.3137221474224181
MET025,1,4,3,1,1.3186011778262221
MET025,1,4,3,2,1.2063979744180973
MET025,1,4,3,3,1.1366989007265231
MET025,1,4,3,4,1.0007934795387587
MET025,1,4,3,5,0.82477317365951131
MET025,1,4,3,6,1.0069546634194817
MET025,1,4,3,7,1.1811668548672041
MET025,1,4,3,8,1.2245333475347711
MET025,1,4,3,9,1.0847800018163467
MET025,1,4,4,0,1.3868254738423298
MET025,1,4,4,1,1.5735250006858903
MET025,1,4,4,2,1.0941034012965518
MET025,1,4,4,3,1.1848726267407614
MET025,1,4,4,4,0.94040444064157258
MET025,1,4,4,5,0.93657334124286362
MET025,1,4,4,6,1.0860458386300598
MET025,1,4,4,7,0.95736056611906162
MET025,1,4,4,8,1.3138982138711153
MET025,1,4,4,9,1.2537519433344948
MET025,1,4,5,0,1.4603781369100557
MET025,1,4,5,1,1.3405298458366119
MET025,1,4,5,2,1.1390406031269709
MET025,1,4,5,3,1.1239161369528174
MET025,1,4,5,4,0.95613207734145045
MET025,1,4,5,5,0.8924002622458449
MET025,1,4,5,6,0.8769790888187754
MET025,1,4,5,7,1.1409756202568615
MET025,1,4,5,8,1.1394024302230528
MET025,1,4,5,9,1.1708347263802652
MET025,1,4,6,0,1.3745278891148065
MET025,1,4,6,1,1.2821173466015221
MET025,1,4,6,2,1.135282433644085
MET025,1,4,6,3,1.055587703459423
MET025,1,4,6,4,0.84256466574078059
MET025,1,4,6,5,0.92071675986608437
MET025,1,4,6,6,0.91404571770003717
MET025,1,4,6,7,0.99630618099529278
MET025,1,4,6,8,1.2639665527258728
MET025,1,4,6,9,1.1360302326342591
MET025,1,4,7,0,1.4156719131648128
MET025,1,4,7,1,1.2269644185628623
MET025,1,4,7,2,1.2198076214658222
MET025,1,4,7,3,1.1474664905031238
MET025,1,4,7,4,1.0730417834995822
MET025,1,4,7,5,1.0556281854420999
MET025,1,4,7,6,1.1390857472171632
MET025,1,4,7,7,1.3489876741836784
MET025,1,4,7,8,1.0200757057735073
MET025,1,4,7,9,1.2388432695249021
MET025,1,4,8,0,1.3645968569095399
MET025,1,4,8,1,1.3950464693781111
MET025,1,4,8,2,1.2153068398619848
MET025,1,4,8,3,0.98274367691942022
MET025,1,4,8,4,0.9385707455456318
MET025,1,4,8,5,1.1088525607884752
MET025,1,4,8,6,0.94861278596564003
MET025,1,4,8,7,1.1453874357001981
MET025,1,4,8,8,0.95404759824959018
MET025,1,4,8,9,1.0895039008199257
MET025,1,4,9,0,1.4599466453469123
MET025,1,4,9,1,1.2326554167381636
MET025,1,4,9,2,1.0638082187734412
MET025,1,4,9,3,1.0475763433167069
MET025,1,4,9,4,1.0297851418372508
MET025,1,4,9,5,0.8353885425363794
MET025,1,4,9,6,1.0208061323433946
MET025,1,4,9,7,1.2157797359495506
MET025,1,4,9,8,1.0937872582123622
MET025,1,4,9,9,0.99082770326074521
MET025,2,1,0,0,1.4841459750393522
MET025,2,1,0,1,1.2959014657398968
MET025,2,1,0,2,1.3066741223724312
MET025,2,1,0,3,1.5103965521147265
MET025,2,1,0,4,1.1255270061496472
MET025,2,1,0,5,1.3878857987048503
MET025,2,1,0,6,1.2635208071274724
MET025,2,1,0,7,1.289352037677143
MET025,2,1,0,8,1.231822179242285
MET025,2,1,0,9,1.4411958487916341
MET025,2,1,1,0,1.7755941283577117
MET025,2,1,1,1,1.0913514196402287
MET025,2,1,1,2,1.3186931573022267
MET025,2,1,1,3,1.2249339724136574
MET025,2,1,1,4,1.2286486279789803
MET025,2,1,1,5,1.2683385344999143
MET025,2,1,1,6,1.2094437962343212
MET025,2,1,1,7,1.4436380217705682
MET025,2,1,1,8,1.2731690648348903
MET025,2,1,1,9,1.4793347323347843
MET025,2,1,2,0,1.7870941303936694
MET025,2,1,2,1,1.4884981903603776
MET025,2,1,2,2,1.2777988945587373
MET025,2,1,2,3,1.2245856697385784
MET025,2,1,2,4,1.1803872967416429
MET025,2,1,2,5,1.2966006258238008
MET025,2,1,2,6,1.3946661494780035
MET025,2,1,2,7,1.2339171524621333
MET025,2,1,2,8,1.4392077683402402
MET025,2,1,2,9,1.1296661222468578
MET025,2,1,3,0,1.6060439111202141
MET025,2,1,3,1,1.569836390093297
MET025,2,1,3,2,1.2229450120841274
MET025,2,1,3,3,1.2392658571136248
MET025,2,1,3,4,1.0768072846202124
MET025,2,1,3,5,0.99127176303719922
MET025,2,1,3,6,1.1474630853080574
MET025,2,1,3,7,1.2073725018140942
MET025,2,1,3,8,1.3818771302391939
MET025,2,1,3,9,1.3032882071966689
MET025,2,1,4,0,1.5502863586697999
MET025,2,1,4,1,1.7209650697062548
MET025,2,1,4,2,1.6405244504692715
MET025,2,1,4,3,1.3980810474040064
MET025,2,1,4,4,0.90899062867093883
MET025,2,1,4,5,1.2295505799475248
MET025,2,1,4,6,1.17978904892169
MET025,2,1,4,7,1.2800352706629821
MET025,2,1,4,8,1.1851993767590785
MET025,2,1,4,9,1.5014847220709666
MET025,2,1,5,0,1.6887286946827835
MET025,2,1,5,1,1.6391753609238282
MET025,2,1,5,2,1.1208574872429455
MET025,2,1,5,3,1.2380713009268491
MET025,2,1,5,4,1.0574830435841751
MET025,2,1,5,5,0.98907315865562195
MET025,2,1,5,6,1.1889119489304727
MET025,2,1,5,7,1.2765125418780079
MET025,2,1,5,8,1.186683865647489
MET025,2,1,5,9,1.3471340886110801
MET025,2,1,6,0,1.4875887459846513
MET025,2,1,6,1,1.4552063394949022
MET025,2,1,6,2,1.3961390210116464
MET025,2,1,6,3,1.372384324997892
MET025,2,1,6,4,1.2106706968125529
MET025,2,1,6,5,1.3815167780986006
MET025,2,1,6,6,1.1013739276269383
MET025,2,1,6,7,1.1751393509111725
MET025,2,1,6,8,1.1470722892849898
MET025,2,1,6,9,1.4293463807746682
MET025,2,1,7,0,1.4639184144822317
MET025,2,1,7,1,1.3713567739686294
MET025,2,1,7,2,1.4221769878016088
MET025,2,1,7,3,1.3853848502722741
MET025,2,1,7,4,1.2034252377748631
MET025,2,1,7,5,1.1085255710009629
MET025,2,1,7,6,1.2129693709304026
MET025,2,1,7,7,1.3605528600167405
MET025,2,1,7,8,1.2645996623923208
MET025,2,1,7,9,1.2954810651442197
MET025,2,1,8,0,1.4543641134459735
MET025,2,1,8,1,1.5132913717819589
MET025,2,1,8,2,1.3954963958679909
MET025,2,1,8,3,1.3971026044915376
MET025,2,1,8,4,1.3011107509309865
MET025,2,1,8,5,1.4263143631880224
MET025,2,1,8,6,1.3524276903002117
MET025,2,1,8,7,1.3221451536452724
MET025,2,1,8,8,1.2857398566277238
MET025,2,1,8,9,1.1926401206459971
MET025,2,1,9,0,1.480426761719944
MET025,2,1,9,1,1.5007755548839314
MET025,2,1,9,2,1.4104243157562839
MET025,2,1,9,3,1.3420296000266154
MET025,2,1,9,4,1.2112376807627625
MET025,2,1,9,5,1.1236498796175418
MET025,2,1,9,6,1.2585944542647685
MET025,2,1,9,7,1.1127206064692794
MET025,2,1,9,8,1.1988915950328445
MET025,2,1,9,9,1.36158694866894
MET025,2,2,0,0,1.3206189470312242
MET025,2,2,0,1,1.3419955312538825
MET025,2,2,0,2,1.3212424488107364
MET025,2,2,0,3,1.4512474674703659
MET025,2,2,0,4,1.2321978447785529
MET025,2,2,0,5,1.1672828715822616
MET025,2,2,0,6,1.2455093223568954
MET025,2,2,0,7,1.3406009324538459
MET025,2,2,0,8,1.2553929098727017
MET025,2,2,0,9,1.2547816681281707
MET025,2,2,1,0,1.7709507218634153
MET025,2,2,1,1,1.3373383221812931
MET025,2,2,1,2,1.217888170481304
MET025,2,2,1,3,1.3377636471316383
MET025,2,2,1,4,1.1138532715178664
MET025,2,2,1,5,1.3505882851276645
MET025,2,2,1,6,1.2759724880504406
MET025,2,2,1,7,1.3321621288603931
MET025,2,2,1,8,1.3081720263511245
MET025,2,2,1,9,1.475960979150962
MET025,2,2,2,0,1.7139594355723071
MET025,2,2,2,1,1.2095301123754925
MET025,2,2,2,2,1.3226188849044185
MET025,2,2,2,3,1.4138685514354346
MET025,2,2,2,4,1.0015487911222658
MET025,2,2,2,5,1.2657389079598442
MET025,2,2,2,6,1.2385981031329281
MET025,2,2,2,7,1.4520959410330641
MET025,2,2,2,8,1.5403351185906351
MET025,2,2,2,9,1.3517189748746357
MET025,2,2,3,0,1.7569295280202055
MET025,2,2,3,1,1.6522552246766309
MET025,2,2,3,2,1.2243874088089988
MET025,2,2,3,3,1.3851546288616687
MET025,2,2,3,4,1.1734168706214874
MET025,2,2,3,5,1.117290275951011
MET025,2,2,3,6,1.3821643442086735
MET025,2,2,3,7,1.1007794747175748
MET025,2,2,3,8,1.4357964735621369
MET025,2,2,3,9,1.3646605147691335
MET025,2,2,4,0,1.7303413605792966
MET025,2,2,4,1,1.5467933584064342
MET025,2,2,4,2,1.3809669627343863
MET025,2,2,4,3,1.2587923761309288
MET025,2,2,4,4,1.0810046984008439
MET025,2,2,4,5,0.81544560351562034
MET025,2,2,4,6,1.0067425822481697
MET025,2,2,4,7,1.2705391251093381
MET025,2,2,4,8,1.1512955815679884
MET025,2,2,4,9,1.4711950054024896
MET025,2,2,5,0,1.6628332264531356
MET025,2,2,5,1,1.5708387745104779
MET025,2,2,5,2,1.3103332553800389
MET025,2,2,5,3,1.1031806634984471
MET025,2,2,5,4,1.0987788437979851
MET025,2,2,5,5,0.92736603656253858
MET025,2,2,5,6,1.2609001038159211
MET025,2,2,5,7,1.1210383302641089
MET025,2,2,5,8,1.1921179465089391
MET025,2,2,5,9,1.1895233775062577
MET025,2,2,6,0,1.6431211514113249
MET025,2,2,6,1,1.6132067020276206
MET025,2,2,6,2,1.486712471468965
MET025,2,2,6,3,1.1704053677453965
MET025,2,2,6,4,1.1245077280164149
MET025,2,2,6,5,1.4716318819608232
MET025,2,2,6,6,1.1783346431814197
MET025,2,2,6,7,1.2884608810090781
MET025,2,2,6,8,1.3850011971887994
MET025,2,2,6,9,1.3922081651332971
MET025,2,2,7,0,1.5257770452999977
MET025,2,2,7,1,1.3946965884280242
MET025,2,2,7,2,1.3465369212140827
MET025,2,2,7,3,1.2666975665422611
MET025,2,2,7,4,1.1416406532055154
MET025,2,2,7,5,1.0834393822414052
MET025,2,2,7,6,1.2366539953512778
MET025,2,2,7,7,1.20463429049062
MET025,2,2,7,8,1.3874504193039705
MET025,2,2,7,9,1.2822820377550921
MET025,2,2,8,0,1.679715508943844
MET025,2,2,8,1,1.3067383337627736
MET025,2,2,8,2,1.4161511662378097
MET025,2,2,8,3,1.2493804567857201
MET025,2,2,8,4,1.1854646770172597
MET025,2,2,8,5,1.2178292883140212
MET025,2,2,8,6,1.458924518879996
MET025,2,2,8,7,1.4586007431772856
MET025,2,2,8,8,1.2712675268522136
MET025,2,2,8,9,1.1644554108006313
MET025,2,2,9,0,1.3661638289953886
MET025,2,2,9,1,1.5169441255631155
MET025,2,2,9,2,1.3436986822834502
MET025,2,2,9,3,1.2653593828011971
MET025,2,2,9,4,1.2654452803255292
MET025,2,2,9,5,1.3670807683709842
MET025,2,2,9,6,1.166072017735448
MET025,2,2,9,7,1.3235927315850184
MET025,2,2,9,8,1.3205856075320193
MET025,2,2,9,9,1.4165170923044079
MET025,2,3,0,0,1.5144540696249529
MET025,2,3,0,1,1.4981195830582821
MET025,2,3,0,2,1.3561597216298511
MET025,2,3,0,3,1.3577316767465548
MET025,2,3,0,4,1.2384716300390306
MET025,2,3,0,5,1.1786696724936163
MET025,2,3,0,6,1.2461033527114174
MET025,2,3,0,7,1.4597751730312172
MET025,2,3,0,8,1.4849688799768717
MET025,2,3,0,9,1.3247483176427983
MET025,2,3,1,0,1.5966350479752591
MET025,2,3,1,1,1.2998749355035319
MET025,2,3,1,2,1.4038338256048744
MET025,2,3,1,3,1.3517784063804248
MET025,2,3,1,4,1.3847242456782125
MET025,2,3,1,5,1.3199591930772816
MET025,2,3,1,6,1.3746129345977149
MET025,2,3,1,7,1.3627578218792418
MET025,2,3,1,8,1.3918230765272872
MET025,2,3,1,9,1.4137701366950188
MET025,2,3,2,0,1.6791518994366663
MET025,2,3,2,1,1.4605015351379971
MET025,2,3,2,2,1.2709837921258818
MET025,2,3,2,3,1.2142048100644851
MET025,2,3,2,4,1.0729706754769548
MET025,2,3,2,5,1.0402005829431058
MET025,2,3,2,6,1.3143035773395135
MET025,2,3,2,7,1.2153275858723391
MET025,2,3,2,8,1.5158011287654325
MET025,2,3,2,9,1.3394493012002502
MET025,2,3,3,0,1.6328740956903731
MET025,2,3,3,1,1.5659471210477085
MET025,2,3,3,2,1.183489056261309
MET025,2,3,3,3,1.0616617515030853
MET025,2,3,3,4,1.0988815832225654
MET025,2,3,3,5,1.206748086482226
MET025,2,3,3,6,1.1343217615397123
MET025,2,3,3,7,1.303321084693142
MET025,2,3,3,8,1.5380411221002528
MET025,2,3,3,9,1.3967116726624722
MET025,2,3,4,0,1.5430511067470902
MET025,2,3,4,1,1.4315434095180264
MET025,2,3,4,2,1.403925412282663
MET025,2,3,4,3,1.2793011169494797
MET025,2,3,4,4,0.93900599661084161
MET025,2,3,4,5,0.79937122577946973
MET025,2,3,4,6,1.2638109421541506
MET025,2,3,4,7,1.2556617641323369
MET025,2,3,4,8,1.2732837321091941
MET025,2,3,4,9,1.3874293498849368
MET025,2,3,5,0,1.5829163120903589
MET025,2,3,5,1,1.5685703357913694
MET025,2,3,5,2,1.3641127794872392
MET025,2,3,5,3,1.2486244639059063
MET025,2,3,5,4,1.1011681801276905
MET025,2,3,5,5,1.1303557462426119
MET025,2,3,5,6,1.0456495839754949
MET025,2,3,5,7,1.3556933851814277
MET025,2,3,5,8,1.2527122169268881
MET025,2,3,5,9,1.2087467321548566
MET025,2,3,6,0,1.4665657171587156
MET025,2,3,6,1,1.4932542331253027
MET025,2,3,6,2,1.6167821135150275
MET025,2,3,6,3,1.1121222299347993
MET025,2,3,6,4,1.187782473595713
MET025,2,3,6,5,1.2711165673427618
MET025,2,3,6,6,1.2001756441892684
MET025,2,3,6,7,1.0774283886535756
MET025,2,3,6,8,1.283903315403552
MET025,2,3,6,9,1.2455912154792104
MET025,2,3,7,0,1.421674855064903
MET025,2,3,7,1,1.5990486413252616
MET025,2,3,7,2,1.351057372420452
MET025,2,3,7,3,1.4552685941336183
MET025,2,3,7,4,1.3057261373492977
MET025,2,3,7,5,1.276240119936308
MET025,2,3,7,6,1.3149905539055431
MET025,2,3,7,7,1.2608299614082901
MET025,2,3,7,8,1.2951267902247092
MET025,2,3,7,9,1.421607700938176
MET025,2,3,8,0,1.5077390600805884
MET025,2,3,8,1,1.5449227347757459
MET025,2,3,8,2,1.5484620065012891
MET025,2,3,8,3,1.204946775147822
MET025,2,3,8,4,1.2131529619762134
MET025,2,3,8,5,1.3179776206975242
MET025,2,3,8,6,1.4688629616775686
MET025,2,3,8,7,1.3209814560556197
MET025,2,3,8,8,1.3493617865766787
MET025,2,3,8,9,1.4703291382922308
MET025,2,3,9,0,1.3491419359266248
MET025,2,3,9,1,1.5621375813430254
MET025,2,3,9,2,1.2314500301218654
MET025,2,3,9,3,1.3860103448328702
MET025,2,3,9,4,1.4439880073889668
MET025,2,3,9,5,1.2140533769908559
MET025,2,3,9,6,1.340547444755616
MET025,2,3,9,7,1.1679184077468061
MET025,2,3,9,8,1.5403483375523324
MET025,2,3,9,9,1.484920077733165
MET025,2,4,0,0,1.2106791949095506
MET025,2,4,0,1,1.4930432968443601
MET025,2,4,0,2,1.4469783567063648
MET025,2,4,0,3,1.4697600449888468
MET025,2,4,0,4,1.2965488921401045
MET025,2,4,0,5,1.1611086254307279
MET025,2,4,0,6,1.2497701890126882
MET025,2,4,0,7,1.4267388275624362
MET025,2,4,0,8,1.4676993807396683
MET025,2,4,0,9,1.577203028414885
MET025,2,4,1,0,1.3968691047645478
MET025,2,4,1,1,1.1807776080883463
MET025,2,4,1,2,1.3316187160900927
MET025,2,4,1,3,1.3334139177424631
MET025,2,4,1,4,1.3905892334645666
MET025,2,4,1,5,1.5070663642004507
MET025,2,4,1,6,1.0996836002889954
MET025,2,4,1,7,1.4286157982148426
MET025,2,4,1,8,1.3464829985405455
MET025,2,4,1,9,1.5172293777556762
MET025,2,4,2,0,1.6021661998131032
MET025,2,4,2,1,1.2676212097073276
MET025,2,4,2,2,1.4145094690069775
MET025,2,4,2,3,1.278806144598426
MET025,2,4,2,4,1.188609758049658
MET025,2,4,2,5,1.2257486346245656
MET025,2,4,2,6,1.0769732143044439
MET025,2,4,2,7,1.4249129279468471
MET025,2,4,2,8,1.3839468382474889
MET025,2,4,2,9,1.338921540522007
MET025,2,4,3,0,1.6763662792708989
MET025,2,4,3,1,1.6675854039479323
MET025,2,4,3,2,1.4415817090676968
MET025,2,4,3,3,1.5492749034072526
MET025,2,4,3,4,1.0543798242013884
MET025,2,4,3,5,1.2010144247557062
MET025,2,4,3,6,1.1421377846419849
MET025,2,4,3,7,1.014885392805035
MET025,2,4,3,8,1.5726298268869114
MET025,2,4,3,9,1.3791193233238503
MET025,2,4,4,0,1.4408151311316102
MET025,2,4,4,1,1.5650089290663218
MET025,2,4,4,2,1.5101606695951864
MET025,2,4,4,3,1.3328454271592911
MET025,2,4,4,4,1.1071518603773445
MET025,2,4,4,5,0.95658167665200655
MET025,2,4,4,6,0.93798794647004857
MET025,2,4,4,7,1.2875911648546925
MET025,2,4,4,8,1.2842964954005902
MET025,2,4,4,9,1.290040765614189
MET025,2,4,5,0,1.536921478167776
MET025,2,4,5,1,1.6770888657384568
MET025,2,4,5,2,1.2584212514521842
MET025,2,4,5,3,1.2115167092065204
MET025,2,4,5,4,1.0904182663599125
MET025,2,4,5,5,1.1745711258789326
MET025,2,4,5,6,0.81997013318490863
MET025,2,4,5,7,1.2063770810191996
MET025,2,4,5,8,1.2679520635563732
MET025,2,4,5,9,1.3608487705704675
MET025,2,4,6,0,1.4541728329765418
MET025,2,4,6,1,1.4711129024903806
MET025,2,4,6,2,1.5463008020631777
MET025,2,4,6,3,1.3082501154032511
MET025,2,4,6,4,1.0760356689358908
MET025,2,4,6,5,1.2160685604684078
MET025,2,4,6,6,1.3897521149939984
MET025,2,4,6,7,1.3532041157159329
MET025,2,4,6,8,1.41217869037386
MET025,2,4,6,9,1.3668826988556091
MET025,2,4,7,0,1.544834734120901
MET025,2,4,7,1,1.422713094160164
MET025,2,4,7,2,1.307085063281501
MET025,2,4,7,3,1.5361849507236598
MET025,2,4,7,4,1.343906841134517
MET025,2,4,7,5,1.2494693386242299
MET025,2,4,7,6,1.3107245953136368
MET025,2,4,7,7,1.3988934120750209
MET025,2,4,7,8,1.3137484732551616
MET025,2,4,7,9,1.3306452479335709
MET025,2,4,8,0,1.5158670305881039
MET025,2,4,8,1,1.3416319532544974
MET025,2,4,8,2,1.371280746858109
MET025,2,4,8,3,1.3634678250229757
MET025,2,4,8,4,1.4186733730473775
MET025,2,4,8,5,1.1658600830144701
MET025,2,4,8,6,1.3321320306631226
MET025,2,4,8,7,1.3071998594006582
MET025,2,4,8,8,1.2634105668068021
MET025,2,4,8,9,1.4167121048485076
MET025,2,4,9,0,1.295349367219502
MET025,2,4,9,1,1.5458996854866731
MET025,2,4,9,2,1.4057798639065937
MET025,2,4,9,3,1.201679917062574
MET025,2,4,9,4,1.2237025328664419
MET025,2,4,9,5,1.3270083388733993
MET025,2,4,9,6,1.4037356777269121
MET025,2,4,9,7,1.3759956219767833
MET025,2,4,9,8,1.5235731630650384
MET025,2,4,9,9,1.3818292327827184
MET026,1,1,0,0,1.2996217974388795
MET026,1,1,0,1,1.2202800945430012
MET026,1,1,0,2,1.1022646701617194
MET026,1,1,0,3,1.056613963589019
MET026,1,1,0,4,1.0452950096583251
MET026,1,1,0,5,1.2640866173812559
MET026,1,1,0,6,1.5047196348395049
MET026,1,1,0,7,1.2669847475428391
MET026,1,1,0,8,1.4780813850776109
MET026,1,1,0,9,1.3112344968381182
MET026,1,1,1,0,1.1280988410876509
MET026,1,1,1,1,1.1142405414493517
MET026,1,1,1,2,1.0894131611863376
MET026,1,1,1,3,1.059431887052855
MET026,1,1,1,4,1.1913387283712196
MET026,1,1,1,5,1.1983681563878927
MET026,1,1,1,6,1.0997254456584351
MET026,1,1,1,7,1.506112969265587
MET026,1,1,1,8,0.81696942834655972
MET026,1,1,1,9,1.2332586360976381
MET026,1,1,2,0,0.99701980074195717
MET026,1,1,2,1,1.4333200693572907
MET026,1,1,2,2,0.94790031104219119
MET026,1,1,2,3,0.997094319308371
MET026,1,1,2,4,1.053760432205836
MET026,1,1,2,5,1.2060132775100671
MET026,1,1,2,6,1.2528133483644268
MET026,1,1,2,7,1.0848452273929512
MET026,1,1,2,8,1.272739089704628
MET026,1,1,2,9,1.6158049560293897
MET026,1,1,3,0,1.1943120473212248
MET026,1,1,3,1,0.9318053268085168
MET026,1,1,3,2,1.0991696484637263
MET026,1,1,3,3,1.1477955134133535
MET026,1,1,3,4,1.0250864784949909
MET026,1,1,3,5,0.92188388040187275
MET026,1,1,3,6,1.0506996741242969
MET026,1,1,3,7,1.3265171833053615
MET026,1,1,3,8,1.1632056597858815
MET026,1,1,3,9,1.3144783288443167
MET026,1,1,4,0,0.95639573784572218
MET026,1,1,4,1,1.6159090261567719
MET026,1,1,4,2,1.192976042290554
MET026,1,1,4,3,1.1545801671048306
MET026,1,1,4,4,1.1060535800499445
MET026,1,1,4,5,1.149152632197624
MET026,1,1,4,6,1.0645003902407191
MET026,1,1,4,7,1.1243698452053761
MET026,1,1,4,8,1.0179679405705395
MET026,1,1,4,9,1.0036683026314801
MET026,1,1,5,0,1.1411547247563298
MET026,1,1,5,1,1.0630602220671963
MET026,1,1,5,2,0.99226547753031957
MET026,1,1,5,3,1.4124680443441795
MET026,1,1,5,4,1.1016400496269885
MET026,1,1,5,5,1.1913347864211363
MET026,1,1,5,6,0.96820663676458663
MET026,1,1,5,7,1.010333367828117
MET026,1,1,5,8,1.1222863226907021
MET026,1,1,5,9,1.1022205735534158
MET026,1,1,6,0,0.99644380404354416
MET026,1,1,6,1,0.87609648099615645
MET026,1,1,6,2,1.4758706891030331
MET026,1,1,6,3,0.98192098519634263
MET026,1,1,6,4,1.1269386438158231
MET026,1,1,6,5,0.93841464453549839
MET026,1,1,6,6,1.0555821123065661
MET026,1,1,6,7,0.99454330651351563
MET026,1,1,6,8,1.0130310294967708
MET026,1,1,6,9,0.93624990568157562
MET026,1,1,7,0,1.0379719041227646
MET026,1,1,7,1,1.4009856418679612
MET026,1,1,7,2,1.026625195042739
MET026,1,1,7,3,1.3581932549058235
MET026,1,1,7,4,0.92681329864721085
MET026,1,1,7,5,1.0559868760903746
MET026,1,1,7,6,1.1513419798581579
MET026,1,1,7,7,0.80848885986958663
MET026,1,1,7,8,0.98693924509726905
MET026,1,1,7,9,0.93368209203931363
MET026,1,1,8,0,1.2057767527945409
MET026,1,1,8,1,1.0726376526605219
MET026,1,1,8,2,1.5165279521298984
MET026,1,1,8,3,1.1393646830014359
MET026,1,1,8,4,1.1498241348374505
MET026,1,1,8,5,1.4034167869204011
MET026,1,1,8,6,1.1778394084971155
MET026,1,1,8,7,1.2010043355642863
MET026,1,1,8,8,1.073316407726282
MET026,1,1,8,9,1.1031978452753168
MET026,1,1,9,0,1.0262862197550311
MET026,1,1,9,1,1.6248999440654277
MET026,1,1,9,2,1.4413081680648363
MET026,1,1,9,3,1.360313350877673
MET026,1,1,9,4,1.1852447082510955
MET026,1,1,9,5,1.256927282673143
MET026,1,1,9,6,1.0493055006964096
MET026,1,1,9,7,1.0197993409249502
MET026,1,1,9,8,1.25129049953586
MET026,1,1,9,9,1.105029527484225
MET026,1,2,0,0,1.341475477255526
MET026,1,2,0,1,1.5558848038422115
MET026,1,2,0,2,1.3879908519896182
MET026,1,2,0,3,1.1636133985865853
MET026,1,2,0,4,1.3823835674302265
MET026,1,2,0,5,1.1587743880472248
MET026,1,2,0,6,1.1651067677615317
MET026,1,2,0,7,1.1906931570987325
MET026,1,2,0,8,1.4452554947524889
MET026,1,2,0,9,1.3827545830153771
MET026,1,2,1,0,1.398159293819448
MET026,1,2,1,1,1.4942163064528668
MET026,1,2,1,2,0.92027248572384435
MET026,1,2,1,3,0.96910165088919398
MET026,1,2,1,4,0.9598286257836588
MET026,1,2,1,5,1.2285944478576358
MET026,1,2,1,6,1.058839876931372
MET026,1,2,1,7,0.9993724723143228
MET026,1,2,1,8,1.4546089209776245
MET026,1,2,1,9,1.4720479272620004
MET026,1,2,2,0,1.6742290172874008
MET026,1,2,2,1,1.5880693205730108
MET026,1,2,2,2,1.240560586707208
MET026,1,2,2,3,1.3141421496858561
MET026,1,2,2,4,0.99619822949405801
MET026,1,2,2,5,1.0559570438764381
MET026,1,2,2,6,1.1400905117630276
MET026,1,2,2,7,1.5050106662994844
MET026,1,2,2,8,1.3400997968278443
MET026,1,2,2,9,0.97775971800261163
MET026,1,2,3,0,1.2919073947440065
MET026,1,2,3,1,1.7703303883415134
MET026,1,2,3,2,1.0573012573916034
MET026,1,2,3,3,1.1661066192347334
MET026,1,2,3,4,0.97534921853115875
MET026,1,2,3,5,1.0444468104587872
MET026,1,2,3,6,1.0004667312286968
MET026,1,2,3,7,0.86783195463971774
MET026,1,2,3,8,1.0966510511462595
MET026,1,2,3,9,0.99376925858720622
MET026,1,2,4,0,1.6674039758244523
MET026,1,2,4,1,1.6785505269181591
MET026,1,2,4,2,1.3781948116346965
MET026,1,2,4,3,1.3711305822991302
MET026,1,2,4,4,1.0030585815793436
MET026,1,2,4,5,0.94833708517452642
MET026,1,2,4,6,0.93539430969445159
MET026,1,2,4,7,0.97944665757699056
MET026,1,2,4,8,0.8506188705125991
MET026,1,2,4,9,0.85863046869417248
MET026,1,2,5,0,1.6256821076482026
MET026,1,2,5,1,1.7744586483614759
MET026,1,2,5,2,0.87268006552245914
MET026,1,2,5,3,0.93007781387888155
MET026,1,2,5,4,0.94687819403249462
MET026,1,2,5,5,0.74433886087710099
MET026,1,2,5,6,0.94908975951398222
MET026,1,2,5,7,1.0251327148771276
MET026,1,2,5,8,0.80791946194691078
MET026,1,2,5,9,1.0164960921752819
MET026,1,2,6,0,1.5635805227248298
MET026,1,2,6,1,1.1420016689237786
MET026,1,2,6,2,1.0635226868312959
MET026,1,2,6,3,0.98157037793872315
MET026,1,2,6,4,0.91909196211996802
MET026,1,2,6,5,1.1268009851520255
MET026,1,2,6,6,0.97568099956230037
MET026,1,2,6,7,0.89553425820444377
MET026,1,2,6,8,1.0161726990505278
MET026,1,2,6,9,1.0540916200093298
MET026,1,2,7,0,1.0296552722437815
MET026,1,2,7,1,1.2743193906085786
MET026,1,2,7,2,1.0394073769815744
MET026,1,2,7,3,1.0627262271268858
MET026,1,2,7,4,0.92833735940608897
MET026,1,2,7,5,1.0374101774074067
MET026,1,2,7,6,1.0567891378469942
MET026,1,2,7,7,1.0025486074863177
MET026,1,2,7,8,0.93317607713682482
MET026,1,2,7,9,1.0006867974702556
MET026,1,2,8,0,0.86928028173368499
MET026,1,2,8,1,0.92156365051203004
MET026,1,2,8,2,1.0323591225275617
MET026,1,2,8,3,0.87304641677264105
MET026,1,2,8,4,0.86196020689460306
MET026,1,2,8,5,1.0965175950849364
MET026,1,2,8,6,0.95105625321142295
MET026,1,2,8,7,0.79150792520003643
MET026,1,2,8,8,0.96194263139155345
MET026,1,2,8,9,1.1417740408214323
MET026,1,2,9,0,0.86681625045944399
MET026,1,2,9,1,1.0426744428709271
MET026,1,2,9,2,0.96576117156358765
MET026,1,2,9,3,1.0138571247960859
MET026,1,2,9,4,1.3255555155796306
MET026,1,2,9,5,0.99001837177035457
MET026,1,2,9,6,0.82488962260042242
MET026,1,2,9,7,1.1750785603402312
MET026,1,2,9,8,1.1518089388964166
MET026,1,2,9,9,0.85974104843136168
MET026,1,3,0,0,1.4346596608479274
MET026,1,3,0,1,1.0067752792250255
MET026,1,3,0,2,0.93247517325934959
MET026,1,3,0,3,0.82871277518899911
MET026,1,3,0,4,1.3615497779744463
MET026,1,3,0,5,1.0192714368485425
MET026,1,3,0,6,1.2874671807709213
MET026,1,3,0,7,0.92725544349795419
MET026,1,3,0,8,0.90942255517345283
MET026,1,3,0,9,1.2715280281956649
MET026,1,3,1,0,1.3419761583834446
MET026,1,3,1,1,0.87093424789382157
MET026,1,3,1,2,1.0639251088215309
MET026,1,3,1,3,1.2435186652590775
MET026,1,3,1,4,1.0394328436325604
MET026,1,3,1,5,1.2340906191631855
MET026,1,3,1,6,1.0033356202746069
MET026,1,3,1,7,0.94015781078828864
MET026,1,3,1,8,0.91319930602231725
MET026,1,3,1,9,0.77810916004162178
MET026,1,3,2,0,1.0825306439570077
MET026,1,3,2,1,1.6074850414430679
MET026,1,3,2,2,0.8736362784512316
MET026,1,3,2,3,0.84235376306936205
MET026,1,3,2,4,1.0839432933316395
MET026,1,3,2,5,0.98901684350809005
MET026,1,3,2,6,0.97486117144039663
MET026,1,3,2,7,1.3779401920391827
MET026,1,3,2,8,1.1040329974232237
MET026,1,3,2,9,0.90414052465995665
MET026,1,3,3,0,1.7100985414646972
MET026,1,3,3,1,1.1099214470925616
MET026,1,3,3,2,0.9255861492528572
MET026,1,3,3,3,0.81222916443187632
MET026,1,3,3,4,0.75360968313687515
MET026,1,3,3,5,0.96721292448024598
MET026,1,3,3,6,1.1108879943459984
MET026,1,3,3,7,1.1094595201040121
MET026,1,3,3,8,0.91074099349171456
MET026,1,3,3,9,0.87496269353789058
MET026,1,3,4,0,1.286155142393794
MET026,1,3,4,1,1.081036540334626
MET026,1,3,4,2,0.95087305599556637
MET026,1,3,4,3,1.158369004748633
MET026,1,3,4,4,1.0630567379949567
MET026,1,3,4,5,0.87636898209927649
MET026,1,3,4,6,1.0915056431565484
MET026,1,3,4,7,0.84941653491855107
MET026,1,3,4,8,0.76464766119551497
MET026,1,3,4,9,1.5208908893920643
MET026,1,3,5,0,1.0017864579190303
MET026,1,3,5,1,1.0424861901526821
MET026,1,3,5,2,1.2721781378546504
MET026,1,3,5,3,1.1366566848150244
MET026,1,3,5,4,1.5594181448297659
MET026,1,3,5,5,1.110960493804928
MET026,1,3,5,6,1.2300503439957051
MET026,1,3,5,7,0.89331377457951044
MET026,1,3,5,8,1.2643005378982168
MET026,1,3,5,9,1.4143756785198909
MET026,1,3,6,0,1.1047433892406937
MET026,1,3,6,1,1.6365172063421267
MET026,1,3,6,2,1.2699683038805696
MET026,1,3,6,3,1.4852845901538982
MET026,1,3,6,4,0.7876800715720369
MET026,1,3,6,5,0.95270845860339637
MET026,1,3,6,6,1.077491248691858
MET026,1,3,6,7,1.0358253393777446
MET026,1,3,6,8,1.0704843958878865
MET026,1,3,6,9,1.2223654245767532
MET026,1,3,7,0,1.4314970506667568
MET026,1,3,7,1,0.96211947319304636
MET026,1,3,7,2,1.185782219408247
MET026,1,3,7,3,1.2282342680817766
MET026,1,3,7,4,1.1861870790484874
MET026,1,3,7,5,1.0287776360236542
MET026,1,3,7,6,1.2973151027239709
MET026,1,3,7,7,1.3095870853644147
MET026,1,3,7,8,1.1870284355546554
MET026,1,3,7,9,0.99455480636626836
MET026,1,3,8,0,0.9111053295338688
MET026,1,3,8,1,0.87629560850117716
MET026,1,3,8,2,1.2313229545779214
MET026,1,3,8,3,0.8768404127282533
MET026,1,3,8,4,1.0854898432531506
MET026,1,3,8,5,1.084427191666693
MET026,1,3,8,6,1.690596308420824
MET026,1,3,8,7,1.2582467169695517
MET026,1,3,8,8,1.065026577724298
MET026,1,3,8,9,1.1691956040898095
MET026,1,3,9,0,0.99881970191458203
MET026,1,3,9,1,1.0012482966546452
MET026,1,3,9,2,1.2753322770998938
MET026,1,3,9,3,1.0442747805087409
MET026,1,3,9,4,1.178045678615999
MET026,1,3,9,5,1.3778597122799248
MET026,1,3,9,6,1.0613663147141787
MET026,1,3,9,7,1.3965353102329925
MET026,1,3,9,8,1.1615188574209534
MET026,1,3,9,9,1.0278153708086295
MET026,1,4,0,0,1.5396347819741001
MET026,1,4,0,1,1.8186262382961089
MET026,1,4,0,2,1.6884617710875087
MET026,1,4,0,3,1.0540957646474525
MET026,1,4,0,4,1.3185668727619859
MET026,1,4,0,5,1.3265885532453334
MET026,1,4,0,6,1.1730071434289555
MET026,1,4,0,7,1.111025301432333
MET026,1,4,0,8,1.2695419306580713
MET026,1,4,0,9,0.9808243513178736
MET026,1,4,1,0,1.5699346013193181
MET026,1,4,1,1,1.4686665584133529
MET026,1,4,1,2,1.1739521236376436
MET026,1,4,1,3,1.3074795758711175
MET026,1,4,1,4,1.1715104724319232
MET026,1,4,1,5,1.2255872988871466
MET026,1,4,1,6,1.0599692295136791
MET026,1,4,1,7,0.87329373222720752
MET026,1,4,1,8,0.92427800786640557
MET026,1,4,1,9,1.2962190763656849
MET026,1,4,2,0,1.8984910687608021
MET026,1,4,2,1,1.8124063750921904
MET026,1,4,2,2,1.5838764503431511
MET026,1,4,2,3,0.85715591792589529
MET026,1,4,2,4,1.0429203628319306
MET026,1,4,2,5,0.93322496601457205
MET026,1,4,2,6,1.1157784517325686
MET026,1,4,2,7,1.0396586063725937
MET026,1,4,2,8,1.1643687964443548
MET026,1,4,2,9,0.90944153393750704
MET026,1,4,3,0,1.9836812658480147
MET026,1,4,3,1,1.5773370259424051
MET026,1,4,3,2,1.3818594105269515
MET026,1,4,3,3,1.4012604684123695
MET026,1,4,3,4,0.94965959057247662
MET026,1,4,3,5,0.98835670853640256
MET026,1,4,3,6,1.0836384542734705
MET026,1,4,3,7,1.1742267374728199
MET026,1,4,3,8,0.95083281817982679
MET026,1,4,3,9,1.3926635786893236
MET026,1,4,4,0,1.6012922852404117
MET026,1,4,4,1,1.2223171773420027
MET026,1,4,4,2,1.3942912005521255
MET026,1,4,4,3,1.1603060426406937
MET026,1,4,4,4,1.1404772764213733
MET026,1,4,4,5,0.94436466679444064
MET026,1,4,4,6,0.93582247119282425
MET026,1,4,4,7,0.93169816730956023
MET026,1,4,4,8,1.4168397639123351
MET026,1,4,4,9,1.5503239926873569
MET026,1,4,5,0,1.03941425645023
MET026,1,4,5,1,1.6065169263793804
MET026,1,4,5,2,1.1304829742782585
MET026,1,4,5,3,1.049470003551787
MET026,1,4,5,4,1.0633135302637984
MET026,1,4,5,5,1.4684066519495704
MET026,1,4,5,6,1.1162468833596011
MET026,1,4,5,7,1.0491562596364006
MET026,1,4,5,8,1.3156385432797828
MET026,1,4,5,9,1.3722071878959117
MET026,1,4,6,0,1.0685489159458852
MET026,1,4,6,1,1.2689149917067846
MET026,1,4,6,2,1.4698282093577806
MET026,1,4,6,3,1.0816408028227824
MET026,1,4,6,4,1.2869070628871582
MET026,1,4,6,5,1.0153487135197661
MET026,1,4,6,6,1.3966073412526101
MET026,1,4,6,7,1.028770027755628
MET026,1,4,6,8,1.2649542444046078
MET026,1,4,6,9,1.1207770009030906
MET026,1,4,7,0,1.3206447198824551
MET026,1,4,7,1,1.2883672991958075
MET026,1,4,7,2,1.0762312981714337
MET026,1,4,7,3,1.8402175911846976
MET026,1,4,7,4,1.4137436322923771
MET026,1,4,7,5,1.3609031564410019
MET026,1,4,7,6,1.013634608003696
MET026,1,4,7,7,1.3227341437133109
MET026,1,4,7,8,0.97562411994740905
MET026,1,4,7,9,1.3093337075923293
MET026,1,4,8,0,1.3419177817813319
MET026,1,4,8,1,0.88066940857815446
MET026,1,4,8,2,1.8742206843017331
MET026,1,4,8,3,1.1072087511088715
MET026,1,4,8,4,1.148935531575183
MET026,1,4,8,5,1.2349020914194979
MET026,1,4,8,6,1.2086839410017665
MET026,1,4,8,7,1.3916459546418658
MET026,1,4,8,8,1.1106697529600029
MET026,1,4,8,9,1.0550339190002205
MET026,1,4,9,0,1.0797167681446156
MET026,1,4,9,1,1.2544222889186758
MET026,1,4,9,2,1.2498600034859912
MET026,1,4,9,3,1.1218072717757586
MET026,1,4,9,4,1.0341657942699736
MET026,1,4,9,5,1.1966311294548151
MET026,1,4,9,6,1.1721089987233255
MET026,1,4,9,7,1.3876387771192309
MET026,1,4,9,8,1.2783667529480229
MET026,1,4,9,9,1.0454890645557475
MET027,1,1,0,0,1.9897251617982643
MET027,1,1,0,1,1.9879568950729087
MET027,1,1,0,2,1.8065029714261891
MET027,1,1,0,3,1.7696529369359788
MET027,1,1,0,4,1.7908090127518554
MET027,1,1,0,5,1.7268975535508018
MET027,1,1,0,6,1.6343326441348125
MET027,1,1,0,7,1.7144159664348406
MET027,1,1,0,8,1.6828877158292459
MET027,1,1,0,9,1.6527453534713523
MET027,1,1,1,0,1.7969570640089534
MET027,1,1,1,1,1.9995307803367131
MET027,1,1,1,2,1.7165425065319049
MET027,1,1,1,3,1.8167502077247208
MET027,1,1,1,4,1.7572224307630433
MET027,1,1,1,5,1.7695345013094146
MET027,1,1,1,6,1.6837715737191441
MET027,1,1,1,7,1.7815160206526897
MET027,1,1,1,8,1.7967161974404049
MET027,1,1,1,9,1.7457208087150184
MET027,1,1,2,0,1.993895883040701
MET027,1,1,2,1,1.706285908447839
MET027,1,1,2,2,1.8106320305922721
MET027,1,1,2,3,1.517046010708359
MET027,1,1,2,4,1.4938468781495386
MET027,1,1,2,5,1.7402176985611519
MET027,1,1,2,6,1.7920562267022278
MET027,1,1,2,7,1.6515094726230244
MET027,1,1,2,8,1.6890476696576162
MET027,1,1,2,9,1.7535790675419418
MET027,1,1,3,0,1.8147523812111888
MET027,1,1,3,1,1.9245656763932659
MET027,1,1,3,2,1.7871055918114906
MET027,1,1,3,3,1.7403385083034566
MET027,1,1,3,4,1.4036808678439368
MET027,1,1,3,5,1.2305262580276823
MET027,1,1,3,6,1.523806752211172
MET027,1,1,3,7,1.4313409823011485
MET027,1,1,3,8,1.5968370808551109
MET027,1,1,3,9,1.8511966169989924
MET027,1,1,4,0,1.8673572621572463
MET027,1,1,4,1,1.8377890932905736
MET027,1,1,4,2,1.7594204702635254
MET027,1,1,4,3,1.9101229334487813
MET027,1,1,4,4,1.7832487370818957
MET027,1,1,4,5,1.4050954761466758
MET027,1,1,4,6,1.4300659721471003
MET027,1,1,4,7,1.4303253644958551
MET027,1,1,4,8,1.5880838814640583
MET027,1,1,4,9,1.9755663417592173
MET027,1,1,5,0,1.7775472671501742
MET027,1,1,5,1,1.6479026388029985
MET027,1,1,5,2,1.752381709477856
MET027,1,1,5,3,1.7420823293332053
MET027,1,1,5,4,1.5352984802615159
MET027,1,1,5,5,1.6709395745944486
MET027,1,1,5,6,1.569443525459487
MET027,1,1,5,7,1.3251284900082627
MET027,1,1,5,8,1.2399001249587067
MET027,1,1,5,9,1.5228008280923542
MET027,1,1,6,0,1.8842602514044933
MET027,1,1,6,1,1.7529246760608788
MET027,1,1,6,2,1.6986196747757998
MET027,1,1,6,3,1.9020679248712
MET027,1,1,6,4,1.8002471622944192
MET027,1,1,6,5,1.9836592119977725
MET027,1,1,6,6,1.6602673819449334
MET027,1,1,6,7,1.4327772961266929
MET027,1,1,6,8,1.3660083194464985
MET027,1,1,6,9,1.3625728286851495
MET027,1,1,7,0,1.6355575525128825
MET027,1,1,7,1,1.6206156616835905
MET027,1,1,7,2,1.8203305279100592
MET027,1,1,7,3,1.7235008956706634
MET027,1,1,7,4,1.7866591902234572
MET027,1,1,7,5,1.851164815821132
MET027,1,1,7,6,1.770212178040045
MET027,1,1,7,7,1.6351286273453367
MET027,1,1,7,8,1.7211431142106666
MET027,1,1,7,9,1.3818254941818908
MET027,1,1,8,0,1.5748671748871328
MET027,1,1,8,1,1.7226956421384121
MET027,1,1,8,2,1.7088187292178858
MET027,1,1,8,3,1.7089690788310798
MET027,1,1,8,4,1.7353043626503435
MET027,1,1,8,5,1.8933948442093289
MET027,1,1,8,6,1.6635106476635246
MET027,1,1,8,7,1.7592949932297248
MET027,1,1,8,8,1.5632084610399897
MET027,1,1,8,9,1.4737041324179101
MET027,1,1,9,0,1.8484220959686599
MET027,1,1,9,1,1.6325399057960377
MET027,1,1,9,2,1.8438403190132089
MET027,1,1,9,3,1.7682901845312891
MET027,1,1,9,4,1.8707095351916441
MET027,1,1,9,5,1.8800977220682
MET027,1,1,9,6,1.888843692511107
MET027,1,1,9,7,1.8741483829710079
MET027,1,1,9,8,1.8558666730027875
MET027,1,1,9,9,1.7070459711452783
MET027,1,2,0,0,1.9282610283730184
MET027,1,2,0,1,1.9062082701939893
MET027,1,2,0,2,1.7775085066973737
MET027,1,2,0,3,1.760857838718705
MET027,1,2,0,4,1.7628835970623191
MET027,1,2,0,5,1.7521086242779993
MET027,1,2,0,6,1.6047166527266288
MET027,1,2,0,7,1.6917412746196281
MET027,1,2,0,8,1.7852818111379862
MET027,1,2,0,9,1.6366953017972581
MET027,1,2,1,0,1.8661653006121319
MET027,1,2,1,1,2.0125043315880471
MET027,1,2,1,2,1.6049309145753314
MET027,1,2,1,3,1.6658375523339728
MET027,1,2,1,4,1.5072657361774311
MET027,1,2,1,5,1.770020251191889
MET027,1,2,1,6,1.571723795845861
MET027,1,2,1,7,1.4009877943826621
MET027,1,2,1,8,1.5999221220001978
MET027,1,2,1,9,1.766729527875172
MET027,1,2,2,0,1.8068969369688079
MET027,1,2,2,1,1.9013022402968764
MET027,1,2,2,2,1.4620976948462203
MET027,1,2,2,3,1.4211596459108391
MET027,1,2,2,4,1.639459240895778
MET027,1,2,2,5,1.5363543335972087
MET027,1,2,2,6,1.6572404247876888
MET027,1,2,2,7,1.7557914120184874
MET027,1,2,2,8,1.737753462361987
MET027,1,2,2,9,1.7930312424940615
MET027,1,2,3,0,1.9305803964797199
MET027,1,2,3,1,1.6422793317546109
MET027,1,2,3,2,1.8232164158620143
MET027,1,2,3,3,1.7083533256817067
MET027,1,2,3,4,1.3580852746008418
MET027,1,2,3,5,1.1412540615435611
MET027,1,2,3,6,1.5035545334983054
MET027,1,2,3,7,1.5453038791168625
MET027,1,2,3,8,1.7969862183964698
MET027,1,2,3,9,1.9066511310037264
MET027,1,2,4,0,1.8103822168421999
MET027,1,2,4,1,1.8054853920230705
MET027,1,2,4,2,1.8512460035067115
MET027,1,2,4,3,1.7094661284433106
MET027,1,2,4,4,1.5124242142103099
MET027,1,2,4,5,1.6247234749618504
MET027,1,2,4,6,1.209943434313568
MET027,1,2,4,7,1.5204997217272362
MET027,1,2,4,8,1.6684585772627265
MET027,1,2,4,9,1.8273203699647704
MET027,1,2,5,0,1.7762606700428083
MET027,1,2,5,1,1.6500599933136506
MET027,1,2,5,2,1.8553734456947049
MET027,1,2,5,3,1.7603091891251852
MET027,1,2,5,4,1.8099720704009143
MET027,1,2,5,5,1.5813233936497419
MET027,1,2,5,6,1.1991573360979779
MET027,1,2,5,7,1.332696963361867
MET027,1,2,5,8,1.3026566508232675
MET027,1,2,5,9,1.3970902098913369
MET027,1,2,6,0,1.7975385509677304
MET027,1,2,6,1,1.6958858349794841
MET027,1,2,6,2,1.6714038197305117
MET027,1,2,6,3,1.6536628232802446
MET027,1,2,6,4,1.5555104161283655
MET027,1,2,6,5,1.8996646188357
MET027,1,2,6,6,1.3485151738383216
MET027,1,2,6,7,1.4015460380905209
MET027,1,2,6,8,1.3657496278731789
MET027,1,2,6,9,1.4446579284968446
MET027,1,2,7,0,1.7964472598317305
MET027,1,2,7,1,1.802599800995262
MET027,1,2,7,2,1.8210065944820208
MET027,1,2,7,3,1.6673956520665691
MET027,1,2,7,4,1.7861756742682711
MET027,1,2,7,5,1.8538635234937653
MET027,1,2,7,6,1.7930769357574881
MET027,1,2,7,7,1.5970277331315166
MET027,1,2,7,8,1.5932256362491477
MET027,1,2,7,9,1.3237736268886
MET027,1,2,8,0,1.7361249291701062
MET027,1,2,8,1,1.7161627990214929
MET027,1,2,8,2,1.6971205237948974
MET027,1,2,8,3,1.9100291626227184
MET027,1,2,8,4,1.7054884199632654
MET027,1,2,8,5,1.937117710330803
MET027,1,2,8,6,1.8460646443754885
MET027,1,2,8,7,1.9110266040032
MET027,1,2,8,8,1.7718491339107301
MET027,1,2,8,9,1.62703053792645
MET027,1,2,9,0,1.7788386246067347
MET027,1,2,9,1,1.6526773441954117
MET027,1,2,9,2,1.7334705991731885
MET027,1,2,9,3,1.8345340779477288
MET027,1,2,9,4,1.8978474149986289
MET027,1,2,9,5,1.7967139959747609
MET027,1,2,9,6,1.8956777034994488
MET027,1,2,9,7,1.6637891648446024
MET027,1,2,9,8,1.8042550619829736
MET027,1,2,9,9,1.6348747128027383
MET027,1,3,0,0,1.9297156466063308
MET027,1,3,0,1,1.9619719296245319
MET027,1,3,0,2,1.8506743692411096
MET027,1,3,0,3,1.7760570431808458
MET027,1,3,0,4,1.513362887365342
MET027,1,3,0,5,1.7165048538288421
MET027,1,3,0,6,1.6463052133492928
MET027,1,3,0,7,1.6316494591073516
MET027,1,3,0,8,1.6262159943036389
MET027,1,3,0,9,1.7223536395911909
MET027,1,3,1,0,1.8999663784187319
MET027,1,3,1,1,1.8484855551775417
MET027,1,3,1,2,1.7758227033686791
MET027,1,3,1,3,1.6661583198859331
MET027,1,3,1,4,1.5986833141548948
MET027,1,3,1,5,1.8163031372940408
MET027,1,3,1,6,1.5937461747405499
MET027,1,3,1,7,1.4368435319956681
MET027,1,3,1,8,1.6310251510294638
MET027,1,3,1,9,1.9438885675413184
MET027,1,3,2,0,1.8592902654848409
MET027,1,3,2,1,1.9883256076294284
MET027,1,3,2,2,1.838435631689779
MET027,1,3,2,3,1.3546034694876767
MET027,1,3,2,4,1.3646649571005829
MET027,1,3,2,5,1.6594610136480756
MET027,1,3,2,6,1.6023827732809872
MET027,1,3,2,7,1.7197761070228867
MET027,1,3,2,8,1.9139783487321731
MET027,1,3,2,9,1.6431491032657972
MET027,1,3,3,0,1.9196325790641395
MET027,1,3,3,1,1.4847919944886143
MET027,1,3,3,2,1.7837022611766631
MET027,1,3,3,3,1.8083510770311544
MET027,1,3,3,4,1.5729405714869531
MET027,1,3,3,5,1.1202685929351444
MET027,1,3,3,6,1.4011495026760412
MET027,1,3,3,7,1.5779531876863668
MET027,1,3,3,8,1.4591629436560565
MET027,1,3,3,9,1.5316653660951172
MET027,1,3,4,0,1.7105314177581172
MET027,1,3,4,1,1.8903714465716663
MET027,1,3,4,2,1.723517840935523
MET027,1,3,4,3,1.7276578695630445
MET027,1,3,4,4,1.6729690249111531
MET027,1,3,4,5,1.4895142997144899
MET027,1,3,4,6,1.1324168838104678
MET027,1,3,4,7,1.4810332158695616
MET027,1,3,4,8,1.6180547771270866
MET027,1,3,4,9,1.6408645971082885
MET027,1,3,5,0,1.718536009403046
MET027,1,3,5,1,1.8192444541728203
MET027,1,3,5,2,1.7574409387443857
MET027,1,3,5,3,1.5813376345623942
MET027,1,3,5,4,1.7575534921959608
MET027,1,3,5,5,1.7458614463153412
MET027,1,3,5,6,1.6234633591443
MET027,1,3,5,7,1.287859496886945
MET027,1,3,5,8,1.4362182444793186
MET027,1,3,5,9,1.6190079763947265
MET027,1,3,6,0,1.7911507526296422
MET027,1,3,6,1,1.7325605987546409
MET027,1,3,6,2,1.7515865480221131
MET027,1,3,6,3,1.7782659545104098
MET027,1,3,6,4,1.7153388098441378
MET027,1,3,6,5,1.7921860499219555
MET027,1,3,6,6,1.1659568890396996
MET027,1,3,6,7,1.4518840968088855
MET027,1,3,6,8,1.4184413173166763
MET027,1,3,6,9,1.4281695109327184
MET027,1,3,7,0,1.7111286257296408
MET027,1,3,7,1,1.6611957833694404
MET027,1,3,7,2,1.7210406871149926
MET027,1,3,7,3,1.7113645328871905
MET027,1,3,7,4,1.9053502874926509
MET027,1,3,7,5,1.7532307090298982
MET027,1,3,7,6,1.8741640377150539
MET027,1,3,7,7,1.7163592748290186
MET027,1,3,7,8,1.6206127007948721
MET027,1,3,7,9,1.5034454172617022
MET027,1,3,8,0,1.7824832490199434
MET027,1,3,8,1,1.817120713697419
MET027,1,3,8,2,1.588531032869015
MET027,1,3,8,3,1.6926301885552679
MET027,1,3,8,4,1.8521977050556944
MET027,1,3,8,5,1.8377629818478047
MET027,1,3,8,6,1.6331242155242274
MET027,1,3,8,7,1.8233450366487027
MET027,1,3,8,8,1.3940942572827038
MET027,1,3,8,9,1.2270827920877081
MET027,1,3,9,0,1.7984781972880244
MET027,1,3,9,1,1.7715494639223472
MET027,1,3,9,2,1.7969891153351054
MET027,1,3,9,3,1.7298047191468773
MET027,1,3,9,4,1.897171722719843
MET027,1,3,9,5,1.790989442311314
MET027,1,3,9,6,1.6807920756831209
MET027,1,3,9,7,1.8169193053397743
MET027,1,3,9,8,1.8587319531610456
MET027,1,3,9,9,1.7041895837060692
MET027,1,4,0,0,2.074024138561589
MET027,1,4,0,1,1.8879913001969644
MET027,1,4,0,2,1.5666781168397406
MET027,1,4,0,3,1.7273817274567107
MET027,1,4,0,4,1.5447794898575871
MET027,1,4,0,5,1.6052347069339123
MET027,1,4,0,6,1.5702591256140379
MET027,1,4,0,7,1.6970332323763984
MET027,1,4,0,8,1.7019279058408228
MET027,1,4,0,9,1.6528628763322646
MET027,1,4,1,0,1.8145032607647649
MET027,1,4,1,1,1.8055514732108291
MET027,1,4,1,2,1.8447384829376809
MET027,1,4,1,3,1.7720634914047997
MET027,1,4,1,4,1.6602736442802588
MET027,1,4,1,5,1.7449734399395871
MET027,1,4,1,6,1.7097686552595104
MET027,1,4,1,7,1.6469120537241813
MET027,1,4,1,8,1.5095076332358599
MET027,1,4,1,9,1.6494121237796695
MET027,1,4,2,0,1.777939069062703
MET027,1,4,2,1,1.7126935635941385
MET027,1,4,2,2,1.6203452322804932
MET027,1,4,2,3,1.3594841787538705
MET027,1,4,2,4,1.5535462169823424
MET027,1,4,2,5,1.3849922112418824
MET027,1,4,2,6,1.5845987514485738
MET027,1,4,2,7,1.7552712465704758
MET027,1,4,2,8,1.8506271422601059
MET027,1,4,2,9,1.5334283171448524
MET027,1,4,3,0,1.6110502801036095
MET027,1,4,3,1,1.8166242126670469
MET027,1,4,3,2,1.8870001486846639
MET027,1,4,3,3,1.7275506007085479
MET027,1,4,3,4,1.4785268168647152
MET027,1,4,3,5,1.3779203750516489
MET027,1,4,3,6,1.5709189312633178
MET027,1,4,3,7,1.5784733951698684
MET027,1,4,3,8,1.5161097891226678
MET027,1,4,3,9,1.7654853822972152
MET027,1,4,4,0,1.8892050131918641
MET027,1,4,4,1,1.815334112942609
MET027,1,4,4,2,1.8896140398802936
MET027,1,4,4,3,1.8528081394600879
MET027,1,4,4,4,1.6243584442251295
MET027,1,4,4,5,1.6458298461117251
MET027,1,4,4,6,1.2775986101099164
MET027,1,4,4,7,1.4552168807706267
MET027,1,4,4,8,1.6167406348067741
MET027,1,4,4,9,1.6719416529837019
MET027,1,4,5,0,1.8767850786483573
MET027,1,4,5,1,1.7843719532274871
MET027,1,4,5,2,1.8292222596061489
MET027,1,4,5,3,1.7098273589224375
MET027,1,4,5,4,1.6993419473195177
MET027,1,4,5,5,1.5600811441602442
MET027,1,4,5,6,1.6050418961590278
MET027,1,4,5,7,1.3553811562364215
MET027,1,4,5,8,1.5186631190426467
MET027,1,4,5,9,1.3659696492542968
MET027,1,4,6,0,1.8104611300253881
MET027,1,4,6,1,1.9168659291265275
MET027,1,4,6,2,1.7638975372840653
MET027,1,4,6,3,1.7426538366562905
MET027,1,4,6,4,1.6845763732036436
MET027,1,4,6,5,1.8469725293976289
MET027,1,4,6,6,1.6637207459625718
MET027,1,4,6,7,1.5474182013611066
MET027,1,4,6,8,1.3905518971576047
MET027,1,4,6,9,1.2191533457072159
MET027,1,4,7,0,1.7625238370241127
MET027,1,4,7,1,1.910253696889016
MET027,1,4,7,2,1.8491561320412211
MET027,1,4,7,3,1.6488718803073636
MET027,1,4,7,4,1.827988506845222
MET027,1,4,7,5,1.4915491103727687
MET027,1,4,7,6,1.7861289834615419
MET027,1,4,7,7,1.4936567211543683
MET027,1,4,7,8,1.4387955298840114
MET027,1,4,7,9,1.430639063735788
MET027,1,4,8,0,1.7378200335419536
MET027,1,4,8,1,1.7266745091795823
MET027,1,4,8,2,1.5900517147297089
MET027,1,4,8,3,1.7666122727826381
MET027,1,4,8,4,1.6607257855936124
MET027,1,4,8,5,1.9019363042248263
MET027,1,4,8,6,1.7986578849961286
MET027,1,4,8,7,1.6846445015000548
MET027,1,4,8,8,1.6763607978856705
MET027,1,4,8,9,1.2493939625106705
MET027,1,4,9,0,1.7432147396049329
MET027,1,4,9,1,1.5888370759226369
MET027,1,4,9,2,1.8298702904470088
MET027,1,4,9,3,1.7955281556607254
MET027,1,4,9,4,1.6521020323723468
MET027,1,4,9,5,1.7822573147223602
MET027,1,4,9,6,1.8273138078461264
MET027,1,4,9,7,1.7201904920516748
MET027,1,4,9,8,1.6713390681812204
MET027,1,4,9,9,1.629387957513257
MET027,2,1,0,0,1.6052530188147731
MET027,2,1,0,1,1.6360739980805024
MET027,2,1,0,2,1.5794203957942468
MET027,2,1,0,3,1.4930459112666197
MET027,2,1,0,4,1.7397428879912746
MET027,2,1,0,5,1.6226213132343674
MET027,2,1,0,6,1.4302668920659505
MET027,2,1,0,7,1.5571653117696205
MET027,2,1,0,8,1.7344570615298336
MET027,2,1,0,9,1.6758767925504676
MET027,2,1,1,0,1.8806217577534656
MET027,2,1,1,1,1.8733788662501161
MET027,2,1,1,2,1.5882052760412002
MET027,2,1,1,3,1.6424538325300693
MET027,2,1,1,4,1.4561274403264362
MET027,2,1,1,5,1.7066773162729829
MET027,2,1,1,6,1.3729207102853509
MET027,2,1,1,7,1.7436254125772279
MET027,2,1,1,8,1.3154293601718423
MET027,2,1,1,9,1.6786314174150814
MET027,2,1,2,0,1.8088111796280903
MET027,2,1,2,1,1.9882077784282508
MET027,2,1,2,2,1.7820078503960095
MET027,2,1,2,3,1.4439784658194692
MET027,2,1,2,4,1.0951420790253048
MET027,2,1,2,5,1.2209982781012609
MET027,2,1,2,6,1.6676826383594072
MET027,2,1,2,7,1.3753523194093056
MET027,2,1,2,8,1.6855775028048083
MET027,2,1,2,9,1.5173870850206472
MET027,2,1,3,0,1.7534410385239625
MET027,2,1,3,1,1.6559969975679123
MET027,2,1,3,2,1.5359590723699823
MET027,2,1,3,3,1.7822061598432897
MET027,2,1,3,4,1.2256168980610389
MET027,2,1,3,5,0.99122079394505958
MET027,2,1,3,6,1.4209502691169198
MET027,2,1,3,7,1.3336381251046063
MET027,2,1,3,8,1.4653414567107119
MET027,2,1,3,9,1.3259052733663681
MET027,2,1,4,0,1.7990865283711079
MET027,2,1,4,1,1.84503102836831
MET027,2,1,4,2,1.6077265656429187
MET027,2,1,4,3,1.6087144656048529
MET027,2,1,4,4,1.6591264602653375
MET027,2,1,4,5,1.1034278230515939
MET027,2,1,4,6,1.1469819703567361
MET027,2,1,4,7,1.2838409381639198
MET027,2,1,4,8,1.6178255177607377
MET027,2,1,4,9,1.6873513538307636
MET027,2,1,5,0,1.6675381682211683
MET027,2,1,5,1,1.6546395541741823
MET027,2,1,5,2,1.813344173174489
MET027,2,1,5,3,1.829267552703709
MET027,2,1,5,4,1.4326380541371819
MET027,2,1,5,5,1.5994853970622429
MET027,2,1,5,6,0.9930948933783742
MET027,2,1,5,7,1.4135973150860348
MET027,2,1,5,8,1.4619841808303886
MET027,2,1,5,9,1.5634765047783463
MET027,2,1,6,0,1.6419867807089032
MET027,2,1,6,1,1.714115900849098
MET027,2,1,6,2,1.4406525384485862
MET027,2,1,6,3,1.736521933634132
MET027,2,1,6,4,1.5834307606171176
MET027,2,1,6,5,1.7337071179833414
MET027,2,1,6,6,1.5401838793199476
MET027,2,1,6,7,1.1278070434499432
MET027,2,1,6,8,1.2374719649883239
MET027,2,1,6,9,1.4083222141552578
MET027,2,1,7,0,1.5136904760132339
MET027,2,1,7,1,1.82928302608044
MET027,2,1,7,2,1.6459416610027071
MET027,2,1,7,3,1.629148638867091
MET027,2,1,7,4,1.7482607943695183
MET027,2,1,7,5,1.5044266284070509
MET027,2,1,7,6,1.5957741904510223
MET027,2,1,7,7,1.6527321969439466
MET027,2,1,7,8,1.3623125212271467
MET027,2,1,7,9,1.3359005950313494
MET027,2,1,8,0,1.7272082899749404
MET027,2,1,8,1,1.7561414122301331
MET027,2,1,8,2,1.2885217327492702
MET027,2,1,8,3,1.493734278254232
MET027,2,1,8,4,1.7210271037186091
MET027,2,1,8,5,1.7206286704243898
MET027,2,1,8,6,1.5419134120164542
MET027,2,1,8,7,1.717765538307888
MET027,2,1,8,8,1.6278520266477523
MET027,2,1,8,9,1.1485411199224516
MET027,2,1,9,0,1.6753809233275496
MET027,2,1,9,1,1.5514206651383489
MET027,2,1,9,2,1.8742053413917164
MET027,2,1,9,3,1.5224328261009086
MET027,2,1,9,4,1.9149639569778527
MET027,2,1,9,5,1.661040977293937
MET027,2,1,9,6,1.8277275132690081
MET027,2,1,9,7,1.4422401656329169
MET027,2,1,9,8,1.4756020969481785
MET027,2,1,9,9,1.6777649431819568
MET027,2,2,0,0,1.765821420273088
MET027,2,2,0,1,1.7365833443568637
MET027,2,2,0,2,1.5795631417399805
MET027,2,2,0,3,1.4308451169550496
MET027,2,2,0,4,1.368278094869378
MET027,2,2,0,5,1.253185757165435
MET027,2,2,0,6,1.4927120717254367
MET027,2,2,0,7,1.5160589614130042
MET027,2,2,0,8,1.3126460740606698
MET027,2,2,0,9,1.2231200112212377
MET027,2,2,1,0,1.5261437807512384
MET027,2,2,1,1,1.805781274616066
MET027,2,2,1,2,1.4337896959784415
MET027,2,2,1,3,1.4004092701957178
MET027,2,2,1,4,1.4275379914936206
MET027,2,2,1,5,1.6530209790203083
MET027,2,2,1,6,1.2710175488711739
MET027,2,2,1,7,1.2472501232967883
MET027,2,2,1,8,1.1858763793632081
MET027,2,2,1,9,1.5372681378407664
MET027,2,2,2,0,1.940671598296404
MET027,2,2,2,1,1.8180344242088031
MET027,2,2,2,2,1.4181729252197277
MET027,2,2,2,3,1.4097404169976011
MET027,2,2,2,4,1.0986074270494612
MET027,2,2,2,5,1.5564319923987979
MET027,2,2,2,6,1.5608761037053809
MET027,2,2,2,7,1.3817497471845122
MET027,2,2,2,8,1.4038065698994509
MET027,2,2,2,9,1.6080341592621019
MET027,2,2,3,0,1.8052721880317584
MET027,2,2,3,1,1.9360123145378991
MET027,2,2,3,2,1.6124598600019291
MET027,2,2,3,3,1.5454775190003516
MET027,2,2,3,4,1.0906400998290886
MET027,2,2,3,5,1.0630616061846012
MET027,2,2,3,6,1.3428767797142429
MET027,2,2,3,7,1.5141980270245003
MET027,2,2,3,8,1.360103825697391
MET027,2,2,3,9,1.7026195608942287
MET027,2,2,4,0,1.8811094909672903
MET027,2,2,4,1,1.640135553492462
MET027,2,2,4,2,1.6284911638368569
MET027,2,2,4,3,1.213994521249212
MET027,2,2,4,4,1.3263490623465937
MET027,2,2,4,5,1.076222353737307
MET027,2,2,4,6,0.99568376404621517
MET027,2,2,4,7,1.3080943272735199
MET027,2,2,4,8,1.6349451768751715
MET027,2,2,4,9,1.4237566432679012
MET027,2,2,5,0,1.6683640002575031
MET027,2,2,5,1,1.3502108339613232
MET027,2,2,5,2,1.519777353607731
MET027,2,2,5,3,1.6709339924222548
MET027,2,2,5,4,1.7821178842382224
MET027,2,2,5,5,1.4276790094710889
MET027,2,2,5,6,1.0446091058672351
MET027,2,2,5,7,1.2395409519969307
MET027,2,2,5,8,1.1147223804864304
MET027,2,2,5,9,1.5495018414120882
MET027,2,2,6,0,1.5048541443920718
MET027,2,2,6,1,1.3985110105952101
MET027,2,2,6,2,1.3578586239421966
MET027,2,2,6,3,1.5874428847289366
MET027,2,2,6,4,1.2191268668032489
MET027,2,2,6,5,1.1957347620702641
MET027,2,2,6,6,1.5148470339322706
MET027,2,2,6,7,1.4866623760106641
MET027,2,2,6,8,1.1711362433362331
MET027,2,2,6,9,1.1640822362024119
MET027,2,2,7,0,1.218815845479315
MET027,2,2,7,1,1.3204257613781942
MET027,2,2,7,2,1.5903481845839402
MET027,2,2,7,3,1.2967131747309115
MET027,2,2,7,4,1.7266401622274077
MET027,2,2,7,5,1.8079365527401623
MET027,2,2,7,6,1.7084601190048885
MET027,2,2,7,7,1.5788565509399863
MET027,2,2,7,8,1.4412234153077981
MET027,2,2,7,9,1.1026846949261588
MET027,2,2,8,0,1.6714269892661615
MET027,2,2,8,1,1.7807185734240971
MET027,2,2,8,2,1.5887120442009015
MET027,2,2,8,3,1.8370288873426075
MET027,2,2,8,4,1.7764896777355008
MET027,2,2,8,5,1.6268205464590719
MET027,2,2,8,6,1.3802553983928214
MET027,2,2,8,7,1.7886257018043128
MET027,2,2,8,8,1.7513034839302897
MET027,2,2,8,9,1.2998009259183452
MET027,2,2,9,0,1.8137993204128464
MET027,2,2,9,1,1.7139779301344591
MET027,2,2,9,2,1.8070600449167409
MET027,2,2,9,3,1.6978665315172716
MET027,2,2,9,4,1.6388913828559468
MET027,2,2,9,5,1.5738607272511771
MET027,2,2,9,6,1.6637807995369096
MET027,2,2,9,7,1.5881542161105824
MET027,2,2,9,8,1.778680188243301
MET027,2,2,9,9,1.851525517419792
MET027,2,3,0,0,1.8050321406926093
MET027,2,3,0,1,1.7633457559140735
MET027,2,3,0,2,1.3407742714041462
MET027,2,3,0,3,1.6133890294945501
MET027,2,3,0,4,1.4597785628275552
MET027,2,3,0,5,1.3568334033030631
MET027,2,3,0,6,1.5464961323191992
MET027,2,3,0,7,1.3992589012932239
MET027,2,3,0,8,1.2055307802308759
MET027,2,3,0,9,1.5342423162551004
MET027,2,3,1,0,1.814832480285516
MET027,2,3,1,1,1.8556846025585048
MET027,2,3,1,2,1.3980054916607758
MET027,2,3,1,3,1.6156185107848382
MET027,2,3,1,4,1.0781356307813623
MET027,2,3,1,5,1.6257421833447177
MET027,2,3,1,6,1.3426605138553227
MET027,2,3,1,7,1.3780803887828681
MET027,2,3,1,8,1.484009497766561
MET027,2,3,1,9,1.5492214537062046
MET027,2,3,2,0,1.9494665285905224
MET027,2,3,2,1,1.7690519232161377
MET027,2,3,2,2,1.4836642577515875
MET027,2,3,2,3,1.2234293399654346
MET027,2,3,2,4,1.2308306099929858
MET027,2,3,2,5,1.3553833241709758
MET027,2,3,2,6,1.2366806866776088
MET027,2,3,2,7,1.5725122961279361
MET027,2,3,2,8,1.5119761146664843
MET027,2,3,2,9,1.7355634401609366
MET027,2,3,3,0,1.8311145261153841
MET027,2,3,3,1,1.751869345051797
MET027,2,3,3,2,1.5957743441425585
MET027,2,3,3,3,1.4856885879066559
MET027,2,3,3,4,1.0397265307794177
MET027,2,3,3,5,1.0852185657798958
MET027,2,3,3,6,1.1666481676699061
MET027,2,3,3,7,1.6096255509244777
MET027,2,3,3,8,1.6400407547977327
MET027,2,3,3,9,1.5901394084501881
MET027,2,3,4,0,1.7440660423677992
MET027,2,3,4,1,1.7294670982546037
MET027,2,3,4,2,1.8680400531925736
MET027,2,3,4,3,1.1737856582122814
MET027,2,3,4,4,1.429650485825209
MET027,2,3,4,5,1.2811347032726952
MET027,2,3,4,6,1.1550338133944644
MET027,2,3,4,7,1.3788889935558371
MET027,2,3,4,8,1.4158213247180855
MET027,2,3,4,9,1.2978845099919432
MET027,2,3,5,0,1.6929866703004255
MET027,2,3,5,1,1.6151496636104457
MET027,2,3,5,2,1.2475211968612103
MET027,2,3,5,3,1.5624217426262876
MET027,2,3,5,4,1.4660208298390531
MET027,2,3,5,5,1.4610470545183765
MET027,2,3,5,6,1.1988584905320512
MET027,2,3,5,7,1.3083262772420019
MET027,2,3,5,8,1.486721707324612
MET027,2,3,5,9,1.3641817664158578
MET027,2,3,6,0,1.7062986431463232
MET027,2,3,6,1,1.6682153201969858
MET027,2,3,6,2,1.5048602026939044
MET027,2,3,6,3,1.3260968022683517
MET027,2,3,6,4,1.2784163980158043
MET027,2,3,6,5,1.4131531971007718
MET027,2,3,6,6,1.4795888100361689
MET027,2,3,6,7,1.551470996973656
MET027,2,3,6,8,1.3815618928681439
MET027,2,3,6,9,1.3538868980722922
MET027,2,3,7,0,1.52193221201169
MET027,2,3,7,1,1.4411857534616024
MET027,2,3,7,2,1.5484062245947847
MET027,2,3,7,3,1.740536982144961
MET027,2,3,7,4,1.4749649102841016
MET027,2,3,7,5,1.5967092824619715
MET027,2,3,7,6,1.5653167588021626
MET027,2,3,7,7,1.2811312802949699
MET027,2,3,7,8,1.1446670016911538
MET027,2,3,7,9,1.3407566803472679
MET027,2,3,8,0,1.724084007838969
MET027,2,3,8,1,1.693540676140618
MET027,2,3,8,2,1.6118593442335611
MET027,2,3,8,3,1.7934993243410366
MET027,2,3,8,4,1.2996210974623148
MET027,2,3,8,5,1.1981256814471906
MET027,2,3,8,6,1.6378227185696903
MET027,2,3,8,7,1.6207809854906059
MET027,2,3,8,8,1.2792963693565658
MET027,2,3,8,9,1.2891602701833478
MET027,2,3,9,0,1.7087342328180286
MET027,2,3,9,1,1.6992188564775816
MET027,2,3,9,2,1.7005154213809861
MET027,2,3,9,3,1.4632024042552569
MET027,2,3,9,4,1.4649488241337982
MET027,2,3,9,5,1.565196254220599
MET027,2,3,9,6,1.6895339352778149
MET027,2,3,9,7,1.5155756866195127
MET027,2,3,9,8,1.295988476894405
MET027,2,3,9,9,1.5938497448791564
MET027,2,4,0,0,1.9214568674770569
MET027,2,4,0,1,1.7474884353839044
MET027,2,4,0,2,1.5781344730915912
MET027,2,4,0,3,1.601347963241514
MET027,2,4,0,4,1.5241275794426234
MET027,2,4,0,5,1.2607908461524957
MET027,2,4,0,6,1.6555335725221081
MET027,2,4,0,7,1.2576727314864928
MET027,2,4,0,8,1.6559957541040284
MET027,2,4,0,9,1.5272242615903338
MET027,2,4,1,0,1.9122470610639559
MET027,2,4,1,1,1.9211375781492963
MET027,2,4,1,2,1.5267183641677731
MET027,2,4,1,3,1.564540130926134
MET027,2,4,1,4,1.5619975058829021
MET027,2,4,1,5,1.6895944521673585
MET027,2,4,1,6,1.3923488281711387
MET027,2,4,1,7,1.7023226883900175
MET027,2,4,1,8,1.3873264316624896
MET027,2,4,1,9,1.7235082368357266
MET027,2,4,2,0,1.8004917831235745
MET027,2,4,2,1,1.8895226915663503
MET027,2,4,2,2,1.5768037452986876
MET027,2,4,2,3,1.3443377157116809
MET027,2,4,2,4,1.133078444987615
MET027,2,4,2,5,1.3259202798448646
MET027,2,4,2,6,1.720522988898983
MET027,2,4,2,7,1.336389568360892
MET027,2,4,2,8,1.7886152240198336
MET027,2,4,2,9,1.2715201461244137
MET027,2,4,3,0,1.7870537498753007
MET027,2,4,3,1,1.7799063730021516
MET027,2,4,3,2,1.7233329423621078
MET027,2,4,3,3,1.4174261873245324
MET027,2,4,3,4,1.1075035899151162
MET027,2,4,3,5,1.1035585393084688
MET027,2,4,3,6,1.4242762069028985
MET027,2,4,3,7,1.5695762086469869
MET027,2,4,3,8,1.3950763678602347
MET027,2,4,3,9,1.7228727204959711
MET027,2,4,4,0,1.7105805527712017
MET027,2,4,4,1,1.7175914121063904
MET027,2,4,4,2,1.7891705637941278
MET027,2,4,4,3,1.2510671360411003
MET027,2,4,4,4,1.0855920314697938
MET027,2,4,4,5,1.2102421112580175
MET027,2,4,4,6,0.98523334773303295
MET027,2,4,4,7,1.5036207317592842
MET027,2,4,4,8,1.6226980124638679
MET027,2,4,4,9,1.7357011881841775
MET027,2,4,5,0,1.7437175351727869
MET027,2,4,5,1,1.5636942196152126
MET027,2,4,5,2,1.854592340426398
MET027,2,4,5,3,1.6352492779058061
MET027,2,4,5,4,1.7717044149723515
MET027,2,4,5,5,1.4033734064330567
MET027,2,4,5,6,1.2757728679852309
MET027,2,4,5,7,1.1279370400548994
MET027,2,4,5,8,1.3454079749099914
MET027,2,4,5,9,1.2819590964666234
MET027,2,4,6,0,1.806583040730261
MET027,2,4,6,1,1.6229240947504535
MET027,2,4,6,2,1.3936756848590821
MET027,2,4,6,3,1.7785293343513917
MET027,2,4,6,4,1.5215973481481151
MET027,2,4,6,5,1.3656389085523963
MET027,2,4,6,6,1.4829593766859446
MET027,2,4,6,7,1.2855646726737615
MET027,2,4,6,8,1.361222490598728
MET027,2,4,6,9,1.3613520192373905
MET027,2,4,7,0,1.7761146551273359
MET027,2,4,7,1,1.5065056699301829
MET027,2,4,7,2,1.6051362363432229
MET027,2,4,7,3,1.5991894825109714
MET027,2,4,7,4,1.8007381882977509
MET027,2,4,7,5,1.6329471170873795
MET027,2,4,7,6,1.5936190364414791
MET027,2,4,7,7,1.3222114981879485
MET027,2,4,7,8,1.3277259364614156
MET027,2,4,7,9,1.3231243762295035
MET027,2,4,8,0,1.5072538402926268
MET027,2,4,8,1,1.7622360655517491
MET027,2,4,8,2,1.50271761150873
MET027,2,4,8,3,1.7216833455183682
MET027,2,4,8,4,1.3166349959153505
MET027,2,4,8,5,1.8763937486286031
MET027,2,4,8,6,1.6454325357288171
MET027,2,4,8,7,1.2399690324075991
MET027,2,4,8,8,1.3921570973263775
MET027,2,4,8,9,1.2851525090685716
MET027,2,4,9,0,1.6110785679196007
MET027,2,4,9,1,1.7585700648714095
MET027,2,4,9,2,1.8347516532735468
MET027,2,4,9,3,1.6283625228583094
MET027,2,4,9,4,1.6925274582283072
MET027,2,4,9,5,1.5096346606808575
MET027,2,4,9,6,1.8707618851690611
MET027,2,4,9,7,1.8066669053951363
MET027,2,4,9,8,1.4851514644497077
MET027,2,4,9,9,1.1874557910882839
MET028,1,1,0,0,1.4147893994128491
MET028,1,1,0,1,1.7240445369456872
MET028,1,1,0,2,1.6090549060352723
MET028,1,1,0,3,1.5390947865775182
MET028,1,1,0,4,1.7862761658655322
MET028,1,1,0,5,1.778797080410766
MET028,1,1,0,6,1.3571400222472902
MET028,1,1,0,7,1.7069810211744316
MET028,1,1,0,8,1.6646789714681227
MET028,1,1,0,9,1.6579006736170734
MET028,1,1,1,0,1.6557748344337304
MET028,1,1,1,1,1.679478453957286
MET028,1,1,1,2,1.5838528145365052
MET028,1,1,1,3,1.5597928840212325
MET028,1,1,1,4,1.6923345331161768
MET028,1,1,1,5,1.6922257252812347
MET028,1,1,1,6,1.6684138632715859
MET028,1,1,1,7,1.4839623539299589
MET028,1,1,1,8,1.494193655945744
MET028,1,1,1,9,1.3841664796997923
MET028,1,1,2,0,1.5441628979430448
MET028,1,1,2,1,1.6671343375204442
MET028,1,1,2,2,1.5090875918258737
MET028,1,1,2,3,1.6366514783738957
MET028,1,1,2,4,1.3935509886168509
MET028,1,1,2,5,1.4920622124436511
MET028,1,1,2,6,1.3557685316232737
MET028,1,1,2,7,1.4629421311837771
MET028,1,1,2,8,1.4948408723655346
MET028,1,1,2,9,1.2864662420079196
MET028,1,1,3,0,1.5066075129573349
MET028,1,1,3,1,1.5423270040100301
MET028,1,1,3,2,1.2566877723439214
MET028,1,1,3,3,1.4098191746564324
MET028,1,1,3,4,1.4469334635404441
MET028,1,1,3,5,1.2872096072143588
MET028,1,1,3,6,1.1672866099856769
MET028,1,1,3,7,1.0773222840034609
MET028,1,1,3,8,0.95980831240019016
MET028,1,1,3,9,0.90034951228681726
MET028,1,1,4,0,1.3253600722603402
MET028,1,1,4,1,1.1654168498411257
MET028,1,1,4,2,1.2917987807069038
MET028,1,1,4,3,0.88118398897329453
MET028,1,1,4,4,1.0615202981434351
MET028,1,1,4,5,1.1206511959748855
MET028,1,1,4,6,1.1231811469573361
MET028,1,1,4,7,1.2007105658626895
MET028,1,1,4,8,1.1845425988381653
MET028,1,1,4,9,1.1254465869320189
MET028,1,1,5,0,0.91073227425319503
MET028,1,1,5,1,1.1118083815444797
MET028,1,1,5,2,1.0604244859282776
MET028,1,1,5,3,1.1538046809477951
MET028,1,1,5,4,1.3646591636593863
MET028,1,1,5,5,1.1320687604609947
MET028,1,1,5,6,1.2659361266123941
MET028,1,1,5,7,1.2600533969210912
MET028,1,1,5,8,1.5456730283725608
MET028,1,1,5,9,1.4284862022225946
MET028,1,1,6,0,1.3308886655760721
MET028,1,1,6,1,1.3345601152757307
MET028,1,1,6,2,1.345358281454736
MET028,1,1,6,3,1.4390677411484547
MET028,1,1,6,4,1.5591491127419812
MET028,1,1,6,5,1.4513325889453683
MET028,1,1,6,6,1.4910947742196281
MET028,1,1,6,7,1.5878246749432623
MET028,1,1,6,8,1.529601343604404
MET028,1,1,6,9,1.5410855479085288
MET028,1,1,7,0,1.4644713257257502
MET028,1,1,7,1,1.4709864719242758
MET028,1,1,7,2,1.5760944798020238
MET028,1,1,7,3,1.4915359273795858
MET028,1,1,7,4,1.5555101877566484
MET028,1,1,7,5,1.6986583502319921
MET028,1,1,7,6,1.3826986375510288
MET028,1,1,7,7,1.5941281443753077
MET028,1,1,7,8,1.5725230333964251
MET028,1,1,7,9,1.5986273579948325
MET028,1,1,8,0,1.6735877092499192
MET028,1,1,8,1,1.4250294428318675
MET028,1,1,8,2,1.457023236448463
MET028,1,1,8,3,1.5322836035662095
MET028,1,1,8,4,1.7752969955822728
MET028,1,1,8,5,1.5979044749429601
MET028,1,1,8,6,1.6696566805890274
MET028,1,1,8,7,1.5872134071183546
MET028,1,1,8,8,1.5552323137967281
MET028,1,1,8,9,1.4778133191446403
MET028,1,1,9,0,1.7635610027189796
MET028,1,1,9,1,1.7378010355473477
MET028,1,1,9,2,1.6559421713862157
MET028,1,1,9,3,1.6568095485486896
MET028,1,1,9,4,1.6106428822295296
MET028,1,1,9,5,1.5560408344034358
MET028,1,1,9,6,1.7120560647717042
MET028,1,1,9,7,1.368134820677088
MET028,1,1,9,8,1.5570340687376769
MET028,1,1,9,9,1.5910596564308876
MET028,1,2,0,0,1.2960323723781384
MET028,1,2,0,1,1.4332850935686892
MET028,1,2,0,2,1.5583257014575771
MET028,1,2,0,3,1.6531877636811658
MET028,1,2,0,4,1.6545379136260068
MET028,1,2,0,5,1.6341424497074586
MET028,1,2,0,6,1.6442680461654602
MET028,1,2,0,7,1.4958192970799988
MET028,1,2,0,8,1.4860368562833519
MET028,1,2,0,9,1.6637030296965258
MET028,1,2,1,0,1.6520564931298201
MET028,1,2,1,1,1.6182897187973595
MET028,1,2,1,2,1.631295969362857
MET028,1,2,1,3,1.5138061783654615
MET028,1,2,1,4,1.782898445593573
MET028,1,2,1,5,1.4390053355609134
MET028,1,2,1,6,1.4994270502269902
MET028,1,2,1,7,1.3224278409583183
MET028,1,2,1,8,1.5614261389815602
MET028,1,2,1,9,1.3217233640458064
MET028,1,2,2,0,1.2178610604605924
MET028,1,2,2,1,1.3142192434500857
MET028,1,2,2,2,1.32816242801773
MET028,1,2,2,3,1.4498018555765342
MET028,1,2,2,4,1.2788861025824361
MET028,1,2,2,5,1.4443635007221074
MET028,1,2,2,6,1.1815301447304096
MET028,1,2,2,7,1.463234779961291
MET028,1,2,2,8,1.2802035446733118
MET028,1,2,2,9,1.2328895302607463
MET028,1,2,3,0,1.2670585420490674
MET028,1,2,3,1,1.2722088932992874
MET028,1,2,3,2,1.35498945189201
MET028,1,2,3,3,1.1347857641348105
MET028,1,2,3,4,1.3105512426894479
MET028,1,2,3,5,1.1275244166522469
MET028,1,2,3,6,1.074152138684932
MET028,1,2,3,7,0.95775595575735695
MET028,1,2,3,8,0.8018139544816113
MET028,1,2,3,9,1.1496091746824724
MET028,1,2,4,0,1.241728284837095
MET028,1,2,4,1,1.1646559901021505
MET028,1,2,4,2,0.92376011603730879
MET028,1,2,4,3,0.90073838290134922
MET028,1,2,4,4,0.85419016329363751
MET028,1,2,4,5,1.2150567270505914
MET028,1,2,4,6,1.2073634380542098
MET028,1,2,4,7,1.1079555175679403
MET028,1,2,4,8,1.1906467764550397
MET028,1,2,4,9,1.1273294344163067
MET028,1,2,5,0,1.0752804264592617
MET028,1,2,5,1,1.1837571259149486
MET028,1,2,5,2,1.1781655436680971
MET028,1,2,5,3,1.1983897151299787
MET028,1,2,5,4,1.2203600812820237
MET028,1,2,5,5,1.1414159059195474
MET028,1,2,5,6,1.0948481537884869
MET028,1,2,5,7,1.3169246163560075
MET028,1,2,5,8,1.3360796976263565
MET028,1,2,5,9,1.3782107691052043
MET028,1,2,6,0,1.2989377448813302
MET028,1,2,6,1,1.4091207335087634
MET028,1,2,6,2,1.4494627104919071
MET028,1,2,6,3,1.4372043177823983
MET028,1,2,6,4,1.3592436097678429
MET028,1,2,6,5,1.4183908787058399
MET028,1,2,6,6,1.4775061565845793
MET028,1,2,6,7,1.2593449047705871
MET028,1,2,6,8,1.4537269273270079
MET028,1,2,6,9,1.4155112062294
MET028,1,2,7,0,1.231218196185127
MET028,1,2,7,1,1.4864723594912921
MET028,1,2,7,2,1.559390680752236
MET028,1,2,7,3,1.4395083042355623
MET028,1,2,7,4,1.487243177445867
MET028,1,2,7,5,1.4261243639445738
MET028,1,2,7,6,1.5867852761357963
MET028,1,2,7,7,1.3747021055556103
MET028,1,2,7,8,1.5859042310431379
MET028,1,2,7,9,1.3660599760489351
MET028,1,2,8,0,1.6017505803409802
MET028,1,2,8,1,1.5490151122629163
MET028,1,2,8,2,1.5784585261180066
MET028,1,2,8,3,1.4334379782651203
MET028,1,2,8,4,1.610798655692453
MET028,1,2,8,5,1.6230736430707933
MET028,1,2,8,6,1.2512860526384255
MET028,1,2,8,7,1.3970221053366021
MET028,1,2,8,8,1.4506405302020318
MET028,1,2,8,9,1.5585430294462777
MET028,1,2,9,0,1.6992198544590795
MET028,1,2,9,1,1.7489440699447345
MET028,1,2,9,2,1.6878874249328308
MET028,1,2,9,3,1.5705885569638911
MET028,1,2,9,4,1.550643584298425
MET028,1,2,9,5,1.5426381350399361
MET028,1,2,9,6,1.6249018619942472
MET028,1,2,9,7,1.382675917305987
MET028,1,2,9,8,1.4937649324425406
MET028,1,2,9,9,1.5779062502138963
MET028,1,3,0,0,1.2818523168879312
MET028,1,3,0,1,1.6356143982525977
MET028,1,3,0,2,1.5541547997780103
MET028,1,3,0,3,1.6646112641310571
MET028,1,3,0,4,1.7022920838049531
MET028,1,3,0,5,1.80476077716812
MET028,1,3,0,6,1.7201558372585679
MET028,1,3,0,7,1.5474087998273132
MET028,1,3,0,8,1.413894175708901
MET028,1,3,0,9,1.679325033474159
MET028,1,3,1,0,1.4406975971267546
MET028,1,3,1,1,1.5972922248392241
MET028,1,3,1,2,1.2583458133038012
MET028,1,3,1,3,1.5065903476134923
MET028,1,3,1,4,1.6450320298822223
MET028,1,3,1,5,1.5136647423977354
MET028,1,3,1,6,1.673257063515335
MET028,1,3,1,7,1.3035240494809723
MET028,1,3,1,8,1.4689039202794349
MET028,1,3,1,9,1.2656259165831685
MET028,1,3,2,0,1.2078006113529798
MET028,1,3,2,1,1.2620199137658641
MET028,1,3,2,2,1.4374945376843378
MET028,1,3,2,3,1.5139804640230836
MET028,1,3,2,4,1.3557275396813919
MET028,1,3,2,5,1.2783784600323396
MET028,1,3,2,6,1.5557245797738506
MET028,1,3,2,7,1.3390240180547974
MET028,1,3,2,8,1.1452701818870661
MET028,1,3,2,9,1.0281102433926148
MET028,1,3,3,0,1.2801268780045914
MET028,1,3,3,1,1.3469945174112516
MET028,1,3,3,2,1.46345340671165
MET028,1,3,3,3,1.3150776852121906
MET028,1,3,3,4,1.2242805305701869
MET028,1,3,3,5,1.0110669894869253
MET028,1,3,3,6,0.91051974392825319
MET028,1,3,3,7,1.1316898323970133
MET028,1,3,3,8,0.84076042268157958
MET028,1,3,3,9,0.85391746604621799
MET028,1,3,4,0,1.1234449640359805
MET028,1,3,4,1,1.310544829522279
MET028,1,3,4,2,0.91852922446535035
MET028,1,3,4,3,0.96570749374007481
MET028,1,3,4,4,0.79040201157484236
MET028,1,3,4,5,1.0661241896946612
MET028,1,3,4,6,1.092177301652407
MET028,1,3,4,7,0.99518623645906679
MET028,1,3,4,8,1.272593750805636
MET028,1,3,4,9,1.1110136698193018
MET028,1,3,5,0,0.99123660300919136
MET028,1,3,5,1,1.2413190771787932
MET028,1,3,5,2,1.2970159318487051
MET028,1,3,5,3,1.1171531760428777
MET028,1,3,5,4,1.1835978433198584
MET028,1,3,5,5,1.3451268120284563
MET028,1,3,5,6,1.0734029070122135
MET028,1,3,5,7,1.3380194107207282
MET028,1,3,5,8,1.3110383637477467
MET028,1,3,5,9,1.3937010401547527
MET028,1,3,6,0,1.3255960952543036
MET028,1,3,6,1,1.3601082935732578
MET028,1,3,6,2,1.3671893623082001
MET028,1,3,6,3,1.359846974332299
MET028,1,3,6,4,1.5292260300221407
MET028,1,3,6,5,1.2826127902153577
MET028,1,3,6,6,1.3502355768043657
MET028,1,3,6,7,1.3297257531339983
MET028,1,3,6,8,1.3962948666007875
MET028,1,3,6,9,1.2644615149656868
MET028,1,3,7,0,1.5238211215336646
MET028,1,3,7,1,1.4035726985461152
MET028,1,3,7,2,1.5799078840095486
MET028,1,3,7,3,1.5084476280454411
MET028,1,3,7,4,1.5600941877733061
MET028,1,3,7,5,1.6015293369352808
MET028,1,3,7,6,1.3414894711542693
MET028,1,3,7,7,1.4983869455030916
MET028,1,3,7,8,1.4838486125124311
MET028,1,3,7,9,1.4217996284219423
MET028,1,3,8,0,1.6449301325329235
MET028,1,3,8,1,1.6248998977303406
MET028,1,3,8,2,1.4819736169820501
MET028,1,3,8,3,1.4582704013968619
MET028,1,3,8,4,1.724815964936504
MET028,1,3,8,5,1.4879841743939739
MET028,1,3,8,6,1.5494775309381117
MET028,1,3,8,7,1.4821693650356111
MET028,1,3,8,8,1.4668162484859899
MET028,1,3,8,9,1.3077416362404184
MET028,1,3,9,0,1.6116397865306116
MET028,1,3,9,1,1.6762185856125291
MET028,1,3,9,2,1.4625292864028872
MET028,1,3,9,3,1.6014868622950929
MET028,1,3,9,4,1.6510705879693288
MET028,1,3,9,5,1.4989566888066372
MET028,1,3,9,6,1.5684837814252557
MET028,1,3,9,7,1.4145620683879605
MET028,1,3,9,8,1.615203991141487
MET028,1,3,9,9,1.5379339650687718
MET028,1,4,0,0,1.2693381006613811
MET028,1,4,0,1,1.4726443182905935
MET028,1,4,0,2,1.496249454872721
MET028,1,4,0,3,1.4306960668435598
MET028,1,4,0,4,1.4764051541435086
MET028,1,4,0,5,1.5543526869844455
MET028,1,4,0,6,1.4441870808305699
MET028,1,4,0,7,1.5785749919134535
MET028,1,4,0,8,1.4683091309542895
MET028,1,4,0,9,1.3924554068192885
MET028,1,4,1,0,1.4534708457038772
MET028,1,4,1,1,1.6526406032942642
MET028,1,4,1,2,1.5306185433112247
MET028,1,4,1,3,1.274440825326798
MET028,1,4,1,4,1.4887575364235648
MET028,1,4,1,5,1.3751231154562591
MET028,1,4,1,6,1.6112546353877997
MET028,1,4,1,7,1.4307928962026808
MET028,1,4,1,8,1.425909226751416
MET028,1,4,1,9,1.3701408570285285
MET028,1,4,2,0,1.4429130471000484
MET028,1,4,2,1,1.3206627571181613
MET028,1,4,2,2,1.1664827761007084
MET028,1,4,2,3,1.5234410479344234
MET028,1,4,2,4,1.3760377326795517
MET028,1,4,2,5,1.3622946362607808
MET028,1,4,2,6,1.1602622769254314
MET028,1,4,2,7,1.3318395766424815
MET028,1,4,2,8,1.178008476396242
MET028,1,4,2,9,1.271066808283585
MET028,1,4,3,0,1.5236877048954849
MET028,1,4,3,1,1.2481145034801773
MET028,1,4,3,2,1.3840688727654058
MET028,1,4,3,3,1.2611918766370729
MET028,1,4,3,4,1.3286805299522135
MET028,1,4,3,5,1.124449409039435
MET028,1,4,3,6,1.0385045321896902
MET028,1,4,3,7,0.93467656050240622
MET028,1,4,3,8,0.95315815099670942
MET028,1,4,3,9,0.81809213625279587
MET028,1,4,4,0,1.0654104706228704
MET028,1,4,4,1,1.1525277236158702
MET028,1,4,4,2,0.93901421323615164
MET028,1,4,4,3,1.071226306531208
MET028,1,4,4,4,0.89845492262171212
MET028,1,4,4,5,1.0258492200265734
MET028,1,4,4,6,1.1454174491025266
MET028,1,4,4,7,1.0472452528395304
MET028,1,4,4,8,1.1582578363218083
MET028,1,4,4,9,1.0649343174174959
MET028,1,4,5,0,0.95083365439101442
MET028,1,4,5,1,0.9619523637412688
MET028,1,4,5,2,1.0961231185470639
MET028,1,4,5,3,1.0139069207159199
MET028,1,4,5,4,1.1655784135481799
MET028,1,4,5,5,1.1738819692251274
MET028,1,4,5,6,1.2336790442854151
MET028,1,4,5,7,1.353568044157538
MET028,1,4,5,8,1.3555032813660106
MET028,1,4,5,9,1.3422079023459299
MET028,1,4,6,0,1.2086694742582069
MET028,1,4,6,1,1.3398319790707192
MET028,1,4,6,2,1.3410552835387528
MET028,1,4,6,3,1.2227564066692516
MET028,1,4,6,4,1.4637972066094471
MET028,1,4,6,5,1.3703017317781685
MET028,1,4,6,6,1.4925678452158238
MET028,1,4,6,7,1.3196418189800938
MET028,1,4,6,8,1.3966332856354218
MET028,1,4,6,9,1.3507819081843422
MET028,1,4,7,0,1.4205788689622836
MET028,1,4,7,1,1.5514557423976425
MET028,1,4,7,2,1.5121670631972997
MET028,1,4,7,3,1.4356531765589291
MET028,1,4,7,4,1.3820498753329862
MET028,1,4,7,5,1.7000161877183326
MET028,1,4,7,6,1.4842727889645468
MET028,1,4,7,7,1.5023076118591521
MET028,1,4,7,8,1.6150344330647326
MET028,1,4,7,9,1.5435751186414677
MET028,1,4,8,0,1.4798805930482586
MET028,1,4,8,1,1.353063267291287
MET028,1,4,8,2,1.6899610494390476
MET028,1,4,8,3,1.5548952080593983
MET028,1,4,8,4,1.6844822830638824
MET028,1,4,8,5,1.5981831426524813
MET028,1,4,8,6,1.5024758879046984
MET028,1,4,8,7,1.4681139803558387
MET028,1,4,8,8,1.4992271695773951
MET028,1,4,8,9,1.4356542456661541
MET028,1,4,9,0,1.4788551501277505
MET028,1,4,9,1,1.7305725541391233
MET028,1,4,9,2,1.5588556842734536
MET028,1,4,9,3,1.6397543400309598
MET028,1,4,9,4,1.6124655327931712
MET028,1,4,9,5,1.5221590985997997
MET028,1,4,9,6,1.5365246246699154
MET028,1,4,9,7,1.4628024025276611
MET028,1,4,9,8,1.6350613932122871
MET028,1,4,9,9,1.4251475238722575
MET029,1,1,0,0,1.9333005667011904
MET029,1,1,0,1,1.6640312330747971
MET029,1,1,0,2,1.4874438614138421
MET029,1,1,0,3,1.5005793680149679
MET029,1,1,0,4,1.4067906590016004
MET029,1,1,0,5,1.4132038662973589
MET029,1,1,0,6,1.2118108791599371
MET029,1,1,0,7,1.153411012462394
MET029,1,1,0,8,1.0525442854002325
MET029,1,1,0,9,0.93974528525757195
MET029,1,1,1,0,1.7171115149284004
MET029,1,1,1,1,1.7926623058524549
MET029,1,1,1,2,1.6899787268123845
MET029,1,1,1,3,1.4496769228214701
MET029,1,1,1,4,1.2134661659872017
MET029,1,1,1,5,1.1702803885436446
MET029,1,1,1,6,1.1218893675364912
MET029,1,1,1,7,0.89706978873000431
MET029,1,1,1,8,0.85208138457811955
MET029,1,1,1,9,1.1962052811290214
MET029,1,1,2,0,1.2445737080885253
MET029,1,1,2,1,1.5176231662031694
MET029,1,1,2,2,1.7315751215399251
MET029,1,1,2,3,1.3573738241902062
MET029,1,1,2,4,1.4265386514059577
MET029,1,1,2,5,1.1430521131348068
MET029,1,1,2,6,0.89105609554360776
MET029,1,1,2,7,0.90115013027019597
MET029,1,1,2,8,0.80037948241114842
MET029,1,1,2,9,1.2103862568344022
MET029,1,1,3,0,1.44019634622061
MET029,1,1,3,1,1.6964637008087151
MET029,1,1,3,2,1.5376359051544617
MET029,1,1,3,3,1.1269772074331468
MET029,1,1,3,4,1.2293134612396015
MET029,1,1,3,5,0.95663343849088145
MET029,1,1,3,6,1.0815466681336023
MET029,1,1,3,7,0.85495973207471487
MET029,1,1,3,8,0.94479019801737996
MET029,1,1,3,9,0.91345080737950357
MET029,1,1,4,0,1.6528119240168688
MET029,1,1,4,1,1.4111444956657742
MET029,1,1,4,2,1.2408589033622648
MET029,1,1,4,3,1.0738787785366994
MET029,1,1,4,4,1.1447670605963276
MET029,1,1,4,5,0.90721629983476637
MET029,1,1,4,6,1.0542101640716288
MET029,1,1,4,7,0.99797476466424795
MET029,1,1,4,8,0.94367726031995403
MET029,1,1,4,9,0.91142337611130275
MET029,1,1,5,0,1.3569263710232458
MET029,1,1,5,1,1.5272129105642531
MET029,1,1,5,2,1.2021361178836634
MET029,1,1,5,3,1.2090615895236718
MET029,1,1,5,4,1.0445478576439964
MET029,1,1,5,5,0.94220405951386077
MET029,1,1,5,6,1.1917853417086339
MET029,1,1,5,7,1.0580467878836757
MET029,1,1,5,8,1.0876407629820803
MET029,1,1,5,9,0.92762594945784982
MET029,1,1,6,0,1.0655069251972094
MET029,1,1,6,1,0.89053742001424874
MET029,1,1,6,2,1.3164685113283272
MET029,1,1,6,3,0.88675451655455184
MET029,1,1,6,4,1.1027578206016189
MET029,1,1,6,5,0.82574098628217796
MET029,1,1,6,6,0.91929977271802354
MET029,1,1,6,7,0.90453107149143042
MET029,1,1,6,8,1.0531562969923225
MET029,1,1,6,9,1.0340268049182362
MET029,1,1,7,0,1.333567880327748
MET029,1,1,7,1,1.35541756509079
MET029,1,1,7,2,1.2710532322084744
MET029,1,1,7,3,1.0065077218037946
MET029,1,1,7,4,1.114007569014684
MET029,1,1,7,5,1.1418807001732532
MET029,1,1,7,6,1.0653342463900921
MET029,1,1,7,7,1.0261599268895674
MET029,1,1,7,8,1.2622639992520217
MET029,1,1,7,9,1.1594733060220817
MET029,1,1,8,0,1.2614734321060692
MET029,1,1,8,1,1.0365836539595688
MET029,1,1,8,2,1.1312317070866351
MET029,1,1,8,3,0.989463828799934
MET029,1,1,8,4,1.3897375424492011
MET029,1,1,8,5,1.0835131553136477
MET029,1,1,8,6,1.1413359725948331
MET029,1,1,8,7,1.0900094203335862
MET029,1,1,8,8,1.1841151798817269
MET029,1,1,8,9,1.2716105906332658
MET029,1,1,9,0,1.0038281142045342
MET029,1,1,9,1,0.90101105430507256
MET029,1,1,9,2,0.94060727487695917
MET029,1,1,9,3,0.92924140649651921
MET029,1,1,9,4,1.0577707168222481
MET029,1,1,9,5,1.2469645198171613
MET029,1,1,9,6,1.4223713834576768
MET029,1,1,9,7,1.3607071183625634
MET029,1,1,9,8,1.2823259708798209
MET029,1,1,9,9,1.2021308548231799
MET029,1,2,0,0,1.4124586776713066
MET029,1,2,0,1,1.9284220779647201
MET029,1,2,0,2,1.550141148740976
MET029,1,2,0,3,1.3565957610679056
MET029,1,2,0,4,1.1501667411331258
MET029,1,2,0,5,1.0818983376196336
MET029,1,2,0,6,1.2541318482972543
MET029,1,2,0,7,0.83262889604404888
MET029,1,2,0,8,0.87373600771209714
MET029,1,2,0,9,1.0364611539389994
MET029,1,2,1,0,1.7358156110726717
MET029,1,2,1,1,1.7950316845920895
MET029,1,2,1,2,1.5525636716676201
MET029,1,2,1,3,1.2271484500231098
MET029,1,2,1,4,1.2361791599789145
MET029,1,2,1,5,1.057051508876075
MET029,1,2,1,6,0.93845150799516364
MET029,1,2,1,7,0.64834759078392323
MET029,1,2,1,8,0.92818877091991436
MET029,1,2,1,9,0.99709660292074442
MET029,1,2,2,0,1.6874597649216208
MET029,1,2,2,1,1.3403054055099084
MET029,1,2,2,2,1.4539435392074109
MET029,1,2,2,3,1.1627826826434231
MET029,1,2,2,4,0.99365868358479237
MET029,1,2,2,5,1.04436908235371
MET029,1,2,2,6,0.97857016229316496
MET029,1,2,2,7,0.96188897282768637
MET029,1,2,2,8,0.80393232909554524
MET029,1,2,2,9,0.968536732214336
MET029,1,2,3,0,1.2782838916448078
MET029,1,2,3,1,1.4676442910931451
MET029,1,2,3,2,1.4657023484600231
MET029,1,2,3,3,1.4418396854828048
MET029,1,2,3,4,1.3367130459407102
MET029,1,2,3,5,0.99283967041094601
MET029,1,2,3,6,0.92212763427412336
MET029,1,2,3,7,0.96256755866307475
MET029,1,2,3,8,1.0412161919936769
MET029,1,2,3,9,1.0118934758285296
MET029,1,2,4,0,1.2339599564715884
MET029,1,2,4,1,1.2137786700465298
MET029,1,2,4,2,1.2182055400323974
MET029,1,2,4,3,1.1409825531371918
MET029,1,2,4,4,0.92445167101031955
MET029,1,2,4,5,0.77261923744420036
MET029,1,2,4,6,0.9095558187717252
MET029,1,2,4,7,0.95271376183507284
MET029,1,2,4,8,1.3947323154536524
MET029,1,2,4,9,0.96817019941929117
MET029,1,2,5,0,1.3121855254246813
MET029,1,2,5,1,1.291598396586477
MET029,1,2,5,2,1.1773088177456887
MET029,1,2,5,3,1.0538807256076677
MET029,1,2,5,4,0.8320242889511249
MET029,1,2,5,5,0.89191251624532597
MET029,1,2,5,6,0.89200416268528648
MET029,1,2,5,7,0.93935952137062861
MET029,1,2,5,8,1.0689197136162107
MET029,1,2,5,9,1.0157641071481376
MET029,1,2,6,0,1.3664631525515529
MET029,1,2,6,1,1.2331224894922976
MET029,1,2,6,2,1.0495315292336891
MET029,1,2,6,3,1.0173134582616836
MET029,1,2,6,4,1.0217772150734208
MET029,1,2,6,5,1.1545126755634745
MET029,1,2,6,6,1.1188999835940521
MET029,1,2,6,7,0.88247875057110714
MET029,1,2,6,8,0.9593104744229648
MET029,1,2,6,9,1.1471483808542835
MET029,1,2,7,0,1.3734868821587527
MET029,1,2,7,1,1.5084874792964598
MET029,1,2,7,2,1.296668961280997
MET029,1,2,7,3,0.96411904281151495
MET029,1,2,7,4,1.0889273173734839
MET029,1,2,7,5,1.2994885881490841
MET029,1,2,7,6,1.3201480654940845
MET029,1,2,7,7,1.1772286886601899
MET029,1,2,7,8,1.0924189959862596
MET029,1,2,7,9,1.2596935028960237
MET029,1,2,8,0,0.83330045270493946
MET029,1,2,8,1,1.0744821332934338
MET029,1,2,8,2,1.1521236228767997
MET029,1,2,8,3,1.0399355628214162
MET029,1,2,8,4,1.2005004918631144
MET029,1,2,8,5,0.99562679609783322
MET029,1,2,8,6,1.3986281619163865
MET029,1,2,8,7,0.98084990681925877
MET029,1,2,8,8,1.3701200944421217
MET029,1,2,8,9,1.2347602348619613
MET029,1,2,9,0,1.2053568253542071
MET029,1,2,9,1,1.0575912408067567
MET029,1,2,9,2,0.95352399061385085
MET029,1,2,9,3,1.0155996002074954
MET029,1,2,9,4,0.98291304986170724
MET029,1,2,9,5,1.4443133786416078
MET029,1,2,9,6,1.0963506819447313
MET029,1,2,9,7,1.3261568865436051
MET029,1,2,9,8,1.3596750608332271
MET029,1,2,9,9,1.0475074344383084
MET029,1,3,0,0,1.5898423483410591
MET029,1,3,0,1,1.5262734445661252
MET029,1,3,0,2,1.7590275369253081
MET029,1,3,0,3,1.4063734436678963
MET029,1,3,0,4,1.4732817721221825
MET029,1,3,0,5,1.1960285345551525
MET029,1,3,0,6,1.0741237058889568
MET029,1,3,0,7,1.1253456716167909
MET029,1,3,0,8,1.0178209324270671
MET029,1,3,0,9,1.0165522735157595
MET029,1,3,1,0,1.278379698335754
MET029,1,3,1,1,1.2623369171300769
MET029,1,3,1,2,1.7202970567660114
MET029,1,3,1,3,1.3119904312105517
MET029,1,3,1,4,1.2468756251309163
MET029,1,3,1,5,1.0639165568739113
MET029,1,3,1,6,0.93263171701005321
MET029,1,3,1,7,0.90522706313661061
MET029,1,3,1,8,0.98166545071085676
MET029,1,3,1,9,0.90630092217709357
MET029,1,3,2,0,1.4899458643740706
MET029,1,3,2,1,1.2854151126633866
MET029,1,3,2,2,1.2872403746540706
MET029,1,3,2,3,1.3323139971045652
MET029,1,3,2,4,1.1885832119832171
MET029,1,3,2,5,0.94290828989945663
MET029,1,3,2,6,0.8972300257558492
MET029,1,3,2,7,0.81289040297712067
MET029,1,3,2,8,0.77113284973283247
MET029,1,3,2,9,0.95072214788939557
MET029,1,3,3,0,1.450405486161036
MET029,1,3,3,1,1.3929902464394657
MET029,1,3,3,2,1.0153994352097626
MET029,1,3,3,3,1.2081512428863015
MET029,1,3,3,4,1.0244886518131959
MET029,1,3,3,5,1.0101138193829011
MET029,1,3,3,6,0.96004234415488421
MET029,1,3,3,7,0.83455401753421965
MET029,1,3,3,8,0.79151130475392373
MET029,1,3,3,9,0.86804988422202034
MET029,1,3,4,0,1.3454546886952654
MET029,1,3,4,1,1.2746328414672137
MET029,1,3,4,2,1.1295811024140938
MET029,1,3,4,3,0.98427184975372961
MET029,1,3,4,4,0.96402672392309219
MET029,1,3,4,5,0.79692127264813839
MET029,1,3,4,6,0.66206140619495335
MET029,1,3,4,7,0.78296005797660639
MET029,1,3,4,8,0.92321771415807863
MET029,1,3,4,9,1.1545966948648787
MET029,1,3,5,0,1.1908922856363673
MET029,1,3,5,1,1.116072979219785
MET029,1,3,5,2,1.0281834498899631
MET029,1,3,5,3,0.99862427532933118
MET029,1,3,5,4,0.9813889595846772
MET029,1,3,5,5,0.82196416404660511
MET029,1,3,5,6,0.72032516445729322
MET029,1,3,5,7,0.75636294061794496
MET029,1,3,5,8,1.0306856410268286
MET029,1,3,5,9,0.78761045810362607
MET029,1,3,6,0,1.1734811176232851
MET029,1,3,6,1,1.0946645388990797
MET029,1,3,6,2,1.0933550152020679
MET029,1,3,6,3,1.1482191747866304
MET029,1,3,6,4,0.80624778371192241
MET029,1,3,6,5,0.88203742226753112
MET029,1,3,6,6,0.81419155910084928
MET029,1,3,6,7,0.90192799305004878
MET029,1,3,6,8,0.95686653470865324
MET029,1,3,6,9,0.95613113321081078
MET029,1,3,7,0,1.1774851461143381
MET029,1,3,7,1,0.83337872286798576
MET029,1,3,7,2,0.86829526780309307
MET029,1,3,7,3,0.965049314654429
MET029,1,3,7,4,1.0014237913785891
MET029,1,3,7,5,0.71125923823395787
MET029,1,3,7,6,0.91989416121458722
MET029,1,3,7,7,1.0537280540161735
MET029,1,3,7,8,0.78869142537683512
MET029,1,3,7,9,0.90148824767372004
MET029,1,3,8,0,1.3466811502794422
MET029,1,3,8,1,0.80510961038888007
MET029,1,3,8,2,0.79786141478719075
MET029,1,3,8,3,0.69559779718117265
MET029,1,3,8,4,1.0252166406823178
MET029,1,3,8,5,0.88775988988731269
MET029,1,3,8,6,1.0364519873022136
MET029,1,3,8,7,0.9101850095340106
MET029,1,3,8,8,1.0914236297064568
MET029,1,3,8,9,1.1983803594950642
MET029,1,3,9,0,0.94857586938324201
MET029,1,3,9,1,1.1756822563136384
MET029,1,3,9,2,0.90125173502543676
MET029,1,3,9,3,1.1148023111062819
MET029,1,3,9,4,1.1079660981507258
MET029,1,3,9,5,1.2598219233317429
MET029,1,3,9,6,1.0723278061591208
MET029,1,3,9,7,0.82688178799522083
MET029,1,3,9,8,1.1743763022594291
MET029,1,3,9,9,1.3130840479336632
MET029,1,4,0,0,1.5880030710104205
MET029,1,4,0,1,1.1785887560398367
MET029,1,4,0,2,1.323767193469445
MET029,1,4,0,3,1.1459795731499685
MET029,1,4,0,4,1.2512584697272338
MET029,1,4,0,5,0.92409283299771117
MET029,1,4,0,6,0.88199025195296488
MET029,1,4,0,7,0.88279607029660079
MET029,1,4,0,8,0.85453599150432891
MET029,1,4,0,9,1.2456584078930677
MET029,1,4,1,0,1.4099870554296761
MET029,1,4,1,1,1.2018333386654831
MET029,1,4,1,2,1.3998132615003709
MET029,1,4,1,3,1.1025646932051616
MET029,1,4,1,4,1.0720980822412054
MET029,1,4,1,5,0.85719545445240786
MET029,1,4,1,6,0.85931044465202233
MET029,1,4,1,7,0.85994783217333093
MET029,1,4,1,8,0.87518852497126476
MET029,1,4,1,9,0.99544401773296498
MET029,1,4,2,0,1.3682515931044199
MET029,1,4,2,1,1.3114330706360959
MET029,1,4,2,2,1.2434477285325882
MET029,1,4,2,3,0.74444504180719673
MET029,1,4,2,4,0.93669312735123922
MET029,1,4,2,5,0.91181610974230765
MET029,1,4,2,6,0.8463972937686457
MET029,1,4,2,7,0.7997970813760279
MET029,1,4,2,8,0.83176506989336629
MET029,1,4,2,9,0.82625633285496403
MET029,1,4,3,0,1.2982875553031996
MET029,1,4,3,1,0.88522075327305361
MET029,1,4,3,2,1.0984752542695104
MET029,1,4,3,3,1.0443913119992034
MET029,1,4,3,4,1.0566799089719994
MET029,1,4,3,5,0.86348133231628066
MET029,1,4,3,6,0.95335866354993437
MET029,1,4,3,7,1.0206946790044584
MET029,1,4,3,8,1.0780354143756934
MET029,1,4,3,9,0.73720197033186285
MET029,1,4,4,0,1.0510075554157507
MET029,1,4,4,1,1.0332235426948415
MET029,1,4,4,2,0.8598616379513665
MET029,1,4,4,3,0.95353468992111323
MET029,1,4,4,4,0.73787545812582012
MET029,1,4,4,5,0.80959669767605191
MET029,1,4,4,6,0.73862375501157984
MET029,1,4,4,7,0.86864804028679421
MET029,1,4,4,8,1.0767114884861066
MET029,1,4,4,9,0.89306577407181764
MET029,1,4,5,0,1.0979494686043068
MET029,1,4,5,1,1.1831672341654051
MET029,1,4,5,2,0.96754366926799518
MET029,1,4,5,3,0.95479936685184896
MET029,1,4,5,4,0.70030207785080956
MET029,1,4,5,5,0.82469597996782251
MET029,1,4,5,6,0.77591988458405436
MET029,1,4,5,7,0.96744219567166601
MET029,1,4,5,8,1.2079501115639879
MET029,1,4,5,9,1.3937586390534429
MET029,1,4,6,0,1.1549532648648504
MET029,1,4,6,1,0.94246306206378838
MET029,1,4,6,2,0.85380921813376087
MET029,1,4,6,3,0.86669017630231204
MET029,1,4,6,4,0.79016184255842603
MET029,1,4,6,5,0.93924602047940098
MET029,1,4,6,6,0.87892758666033632
MET029,1,4,6,7,0.89251222285597265
MET029,1,4,6,8,1.0616908410997208
MET029,1,4,6,9,1.1293599070528004
MET029,1,4,7,0,0.9049367541305916
MET029,1,4,7,1,1.0206363662170701
MET029,1,4,7,2,0.66237581896989683
MET029,1,4,7,3,0.81944061506903787
MET029,1,4,7,4,0.91342690741478361
MET029,1,4,7,5,0.89799927483201258
MET029,1,4,7,6,0.93988241402996997
MET029,1,4,7,7,0.9784958129955984
MET029,1,4,7,8,1.123433220046907
MET029,1,4,7,9,1.1318445827313834
MET029,1,4,8,0,0.82629309252966621
MET029,1,4,8,1,0.73278412549607153
MET029,1,4,8,2,0.70826157915877008
MET029,1,4,8,3,0.72235067699601119
MET029,1,4,8,4,1.0508098871195473
MET029,1,4,8,5,0.86460940579570644
MET029,1,4,8,6,1.305194940756558
MET029,1,4,8,7,0.99810102536107925
MET029,1,4,8,8,1.1238046407431703
MET029,1,4,8,9,0.67370957499988027
MET029,1,4,9,0,0.84672053327907004
MET029,1,4,9,1,0.69733665987968474
MET029,1,4,9,2,0.8069408769899814
MET029,1,4,9,3,0.94486812694432998
MET029,1,4,9,4,0.87548359050096525
MET029,1,4,9,5,1.0542619042294323
MET029,1,4,9,6,1.0442902702846262
MET029,1,4,9,7,1.2176981819169217
MET029,1,4,9,8,1.3249445414532399
MET029,1,4,9,9,1.3583235677232659
MET030,1,1,0,0,1.7086092852665575
MET030,1,1,0,1,1.7711064958910621
MET030,1,1,0,2,1.6415254155377998
MET030,1,1,0,3,1.5701313346301515
MET030,1,1,0,4,1.7632721231443027
MET030,1,1,0,5,1.4833414879697129
MET030,1,1,0,6,1.3950274680961618
MET030,1,1,0,7,1.322988394334951
MET030,1,1,0,8,1.4085311305867492
MET030,1,1,0,9,1.2336252805957648
MET030,1,1,1,0,1.5818277577109516
MET030,1,1,1,1,1.5549219558164769
MET030,1,1,1,2,1.488536382501801
MET030,1,1,1,3,1.5074675562846469
MET030,1,1,1,4,1.4074017815802271
MET030,1,1,1,5,1.4883634290948602
MET030,1,1,1,6,1.6033658149733854
MET030,1,1,1,7,1.3651083662399066
MET030,1,1,1,8,1.5107277322901902
MET030,1,1,1,9,1.2778669609095226
MET030,1,1,2,0,1.5117871490218278
MET030,1,1,2,1,1.3601439428013404
MET030,1,1,2,2,1.3249436292396439
MET030,1,1,2,3,1.4121933722742841
MET030,1,1,2,4,1.2855439963994095
MET030,1,1,2,5,1.3670192112550881
MET030,1,1,2,6,1.4186229844940159
MET030,1,1,2,7,1.2531117189648426
MET030,1,1,2,8,1.261778381398156
MET030,1,1,2,9,1.3959866024538929
MET030,1,1,3,0,1.5112562025701168
MET030,1,1,3,1,1.519086270897577
MET030,1,1,3,2,1.2897907176842909
MET030,1,1,3,3,1.3826378102524115
MET030,1,1,3,4,1.1704564051884949
MET030,1,1,3,5,1.0819369355068855
MET030,1,1,3,6,0.99074221250601302
MET030,1,1,3,7,0.91239366626279861
MET030,1,1,3,8,1.4117076662143402
MET030,1,1,3,9,1.5671450583177824
MET030,1,1,4,0,1.725962250368259
MET030,1,1,4,1,1.740043500555585
MET030,1,1,4,2,1.3588277451329207
MET030,1,1,4,3,1.26118569394103
MET030,1,1,4,4,1.2283429830444279
MET030,1,1,4,5,1.2344098592275563
MET030,1,1,4,6,0.87466653270696393
MET030,1,1,4,7,1.0215364969168701
MET030,1,1,4,8,1.2314380704366441
MET030,1,1,4,9,1.30073623391934
MET030,1,1,5,0,1.6297565461659644
MET030,1,1,5,1,1.6074838850740256
MET030,1,1,5,2,1.371087340510259
MET030,1,1,5,3,1.1439914203258761
MET030,1,1,5,4,1.2283562333297544
MET030,1,1,5,5,1.1519974636918748
MET030,1,1,5,6,1.2381201936396775
MET030,1,1,5,7,1.1962881972391302
MET030,1,1,5,8,1.017715586315364
MET030,1,1,5,9,1.2887267794839583
MET030,1,1,6,0,1.5561915327225984
MET030,1,1,6,1,1.3911878091145369
MET030,1,1,6,2,1.3151285187413384
MET030,1,1,6,3,1.2894416769905279
MET030,1,1,6,4,1.0412179795176646
MET030,1,1,6,5,1.4145163250234731
MET030,1,1,6,6,1.2504800918806902
MET030,1,1,6,7,1.329762808119022
MET030,1,1,6,8,1.2706067366499278
MET030,1,1,6,9,1.1423203734296756
MET030,1,1,7,0,1.5583134452389531
MET030,1,1,7,1,1.4810944783767757
MET030,1,1,7,2,1.4060078074100015
MET030,1,1,7,3,0.77069648279802916
MET030,1,1,7,4,1.377238662341528
MET030,1,1,7,5,1.1219634242104943
MET030,1,1,7,6,1.3280520947880523
MET030,1,1,7,7,1.4548971629369365
MET030,1,1,7,8,1.4537147922794424
MET030,1,1,7,9,1.3665432556835515
MET030,1,1,8,0,1.2290255825892329
MET030,1,1,8,1,1.1616896701580977
MET030,1,1,8,2,1.0965142359309057
MET030,1,1,8,3,1.1239891779117526
MET030,1,1,8,4,1.2382838861993375
MET030,1,1,8,5,1.420814988611026
MET030,1,1,8,6,1.1472670197353021
MET030,1,1,8,7,1.3422115054704511
MET030,1,1,8,8,1.2808401464153296
MET030,1,1,8,9,1.5226498588427202
MET030,1,1,9,0,1.1491023223928092
MET030,1,1,9,1,1.2065209681922446
MET030,1,1,9,2,1.1281185816737125
MET030,1,1,9,3,1.045754491558907
MET030,1,1,9,4,1.2407098622906121
MET030,1,1,9,5,1.1756596417879728
MET030,1,1,9,6,1.2593344742680077
MET030,1,1,9,7,1.2725791749054944
MET030,1,1,9,8,1.3263778242123201
MET030,1,1,9,9,1.4599955026579954
MET030,1,2,0,0,1.7264319466179261
MET030,1,2,0,1,1.5212865861398446
MET030,1,2,0,2,1.7247658633866141
MET030,1,2,0,3,1.6523996010710449
MET030,1,2,0,4,1.7734862605428712
MET030,1,2,0,5,1.5180381426171916
MET030,1,2,0,6,1.3310070854208502
MET030,1,2,0,7,1.3818071364389679
MET030,1,2,0,8,1.1149569333316465
MET030,1,2,0,9,1.2805209849406436
MET030,1,2,1,0,1.6132174646229829
MET030,1,2,1,1,1.5868153045410285
MET030,1,2,1,2,1.5028103788463625
MET030,1,2,1,3,1.50743203382646
MET030,1,2,1,4,1.5709900272241579
MET030,1,2,1,5,1.5297802888730143
MET030,1,2,1,6,1.5647372349090636
MET030,1,2,1,7,1.3514886545436604
MET030,1,2,1,8,1.3151973147151701
MET030,1,2,1,9,1.3763578582429017
MET030,1,2,2,0,1.5532419204591772
MET030,1,2,2,1,1.504411599580556
MET030,1,2,2,2,1.492962979257658
MET030,1,2,2,3,1.3812279532753975
MET030,1,2,2,4,1.5272686510822178
MET030,1,2,2,5,1.315844392122846
MET030,1,2,2,6,1.382768956408543
MET030,1,2,2,7,1.3993196134424328
MET030,1,2,2,8,1.1760219174092228
MET030,1,2,2,9,1.3543732298994653
MET030,1,2,3,0,1.4084378945639793
MET030,1,2,3,1,1.3019942140214733
MET030,1,2,3,2,1.3131837500818804
MET030,1,2,3,3,1.4548976939097584
MET030,1,2,3,4,1.2631379732071784
MET030,1,2,3,5,1.0043932405785552
MET030,1,2,3,6,0.98375569325137724
MET030,1,2,3,7,0.98408420962171483
MET030,1,2,3,8,1.3025104907353555
MET030,1,2,3,9,1.1551243605460613
MET030,1,2,4,0,1.696521390592088
MET030,1,2,4,1,1.5435046654829856
MET030,1,2,4,2,1.4038119537132343
MET030,1,2,4,3,1.2941117739539605
MET030,1,2,4,4,1.125404005387173
MET030,1,2,4,5,0.87892570544465487
MET030,1,2,4,6,1.0091241198543797
MET030,1,2,4,7,0.85982894078082506
MET030,1,2,4,8,1.2081394448548191
MET030,1,2,4,9,1.2869207858854597
MET030,1,2,5,0,1.5996948293543285
MET030,1,2,5,1,1.5510763379260211
MET030,1,2,5,2,1.2494088889529191
MET030,1,2,5,3,0.96183936442779516
MET030,1,2,5,4,1.1828157057815885
MET030,1,2,5,5,0.92140039505228422
MET030,1,2,5,6,1.292904506971478
MET030,1,2,5,7,1.2785402895016464
MET030,1,2,5,8,1.0911737429326112
MET030,1,2,5,9,0.96992409434946525
MET030,1,2,6,0,1.3392853203481341
MET030,1,2,6,1,1.4366309218187006
MET030,1,2,6,2,1.3063301960230391
MET030,1,2,6,3,1.3871808182748502
MET030,1,2,6,4,1.0941419642232391
MET030,1,2,6,5,1.4870353671820389
MET030,1,2,6,6,1.2701476909102531
MET030,1,2,6,7,1.1451758824877931
MET030,1,2,6,8,1.2628905580615404
MET030,1,2,6,9,0.66862029645241039
MET030,1,2,7,0,1.4982217953673955
MET030,1,2,7,1,1.1285849984021272
MET030,1,2,7,2,1.1371663067092881
MET030,1,2,7,3,1.1095455482393783
MET030,1,2,7,4,1.233764440201325
MET030,1,2,7,5,1.104333738745676
MET030,1,2,7,6,1.3671533213023517
MET030,1,2,7,7,1.2816151417092936
MET030,1,2,7,8,0.77429520584760003
MET030,1,2,7,9,1.3574801645634058
MET030,1,2,8,0,1.1104702027943247
MET030,1,2,8,1,1.1316289461926583
MET030,1,2,8,2,1.3013823994003269
MET030,1,2,8,3,1.1334392532947215
MET030,1,2,8,4,1.2672906818970844
MET030,1,2,8,5,1.0891286671938158
MET030,1,2,8,6,1.1544650993520515
MET030,1,2,8,7,1.2528853789406209
MET030,1,2,8,8,1.5658708237571644
MET030,1,2,8,9,1.3906479838405721
MET030,1,2,9,0,1.3214340856233819
MET030,1,2,9,1,1.2140425526689791
MET030,1,2,9,2,1.0936752703265002
MET030,1,2,9,3,1.138613427596664
MET030,1,2,9,4,1.2575780496322162
MET030,1,2,9,5,1.0299986485764012
MET030,1,2,9,6,1.0932103422796309
MET030,1,2,9,7,1.2810835038107264
MET030,1,2,9,8,1.3803155826630811
MET030,1,2,9,9,1.4139847461592872
MET030,1,3,0,0,1.6479556404381377
MET030,1,3,0,1,1.5206723719522068
MET030,1,3,0,2,1.4872295586758215
MET030,1,3,0,3,1.694881302562669
MET030,1,3,0,4,1.4939280519356015
MET030,1,3,0,5,1.4098995423938177
MET030,1,3,0,6,1.2657869048921335
MET030,1,3,0,7,1.4046241266462296
MET030,1,3,0,8,1.2132324614013259
MET030,1,3,0,9,1.3104168402531775
MET030,1,3,1,0,1.5025825528669139
MET030,1,3,1,1,1.3448139619759012
MET030,1,3,1,2,1.3664480286858851
MET030,1,3,1,3,1.35976458865401
MET030,1,3,1,4,1.5217270767681219
MET030,1,3,1,5,1.328953866994397
MET030,1,3,1,6,1.6059965397950655
MET030,1,3,1,7,1.3526171530064066
MET030,1,3,1,8,1.2344469848610349
MET030,1,3,1,9,0.79670888095762082
MET030,1,3,2,0,1.4724162234590059
MET030,1,3,2,1,1.4883136467614766
MET030,1,3,2,2,1.2797858363624943
MET030,1,3,2,3,1.445289392806987
MET030,1,3,2,4,1.3363150349963029
MET030,1,3,2,5,1.2802551652001737
MET030,1,3,2,6,1.1205944599333582
MET030,1,3,2,7,1.3187624074543605
MET030,1,3,2,8,1.062935394218008
MET030,1,3,2,9,1.4574757341496458
MET030,1,3,3,0,1.4887052826282188
MET030,1,3,3,1,1.5489062219412997
MET030,1,3,3,2,1.3383413731313096
MET030,1,3,3,3,1.1116938417689828
MET030,1,3,3,4,1.2192705647785624
MET030,1,3,3,5,0.97937007410172383
MET030,1,3,3,6,0.85524119178991265
MET030,1,3,3,7,1.0572165575872563
MET030,1,3,3,8,1.4093638002820941
MET030,1,3,3,9,1.223235891392374
MET030,1,3,4,0,1.3822032229694059
MET030,1,3,4,1,1.4217455545662501
MET030,1,3,4,2,1.0847369769811148
MET030,1,3,4,3,1.3036832118438959
MET030,1,3,4,4,1.037504988312278
MET030,1,3,4,5,0.94489074557162556
MET030,1,3,4,6,0.85741955599929409
MET030,1,3,4,7,1.0765794401803883
MET030,1,3,4,8,1.2745417928519795
MET030,1,3,4,9,1.2932198708823974
MET030,1,3,5,0,1.6547923826748028
MET030,1,3,5,1,1.1617332874374988
MET030,1,3,5,2,1.3287889907582904
MET030,1,3,5,3,0.94969088696112525
MET030,1,3,5,4,1.2685432947746835
MET030,1,3,5,5,0.98753555666329085
MET030,1,3,5,6,1.3137550076764226
MET030,1,3,5,7,0.93922786987290041
MET030,1,3,5,8,0.9598845895020216
MET030,1,3,5,9,1.2776288130923981
MET030,1,3,6,0,1.398777105198409
MET030,1,3,6,1,1.3091559998588442
MET030,1,3,6,2,1.1972634697423039
MET030,1,3,6,3,1.0267870115085571
MET030,1,3,6,4,1.2882190623492564
MET030,1,3,6,5,1.1785460292282499
MET030,1,3,6,6,0.83084608747977906
MET030,1,3,6,7,1.2703813299939866
MET030,1,3,6,8,1.4707873484631224
MET030,1,3,6,9,1.2795643781357466
MET030,1,3,7,0,1.3911126521647508
MET030,1,3,7,1,1.1872824819076191
MET030,1,3,7,2,1.0394979861883509
MET030,1,3,7,3,0.98934651589845601
MET030,1,3,7,4,1.3224905992024878
MET030,1,3,7,5,0.82922456522505361
MET030,1,3,7,6,1.5429295090266173
MET030,1,3,7,7,1.3132603227293351
MET030,1,3,7,8,1.4244715935607419
MET030,1,3,7,9,1.3633070241039904
MET030,1,3,8,0,1.3311772035236484
MET030,1,3,8,1,0.94975966511249921
MET030,1,3,8,2,0.85103063551784341
MET030,1,3,8,3,1.1633279931104803
MET030,1,3,8,4,0.88028429253859797
MET030,1,3,8,5,1.5040754816666591
MET030,1,3,8,6,1.3819809513408023
MET030,1,3,8,7,1.0989991364649947
MET030,1,3,8,8,1.0214055391573269
MET030,1,3,8,9,1.1678044789850603
MET030,1,3,9,0,1.0952072060705187
MET030,1,3,9,1,1.1928034054545549
MET030,1,3,9,2,1.0946642760867795
MET030,1,3,9,3,1.2162373111194109
MET030,1,3,9,4,1.3715743437537045
MET030,1,3,9,5,1.2220491559274491
MET030,1,3,9,6,1.0985943381809229
MET030,1,3,9,7,1.2609032306684078
MET030,1,3,9,8,1.2728994186756528
MET030,1,3,9,9,1.2631258322149348
MET030,1,4,0,0,1.6544182233284257
MET030,1,4,0,1,1.7200484577938708
MET030,1,4,0,2,1.5972253852685545
MET030,1,4,0,3,1.6158563086743856
MET030,1,4,0,4,1.6375043353113681
MET030,1,4,0,5,1.4257454914973942
MET030,1,4,0,6,1.5295645826195596
MET030,1,4,0,7,1.3112408258197714
MET030,1,4,0,8,1.2525512313838345
MET030,1,4,0,9,1.2006936252780187
MET030,1,4,1,0,1.5694860963003634
MET030,1,4,1,1,1.6661519611401556
MET030,1,4,1,2,1.3869784585014291
MET030,1,4,1,3,1.3706928239893239
MET030,1,4,1,4,1.4449566041490274
MET030,1,4,1,5,1.2922364658694567
MET030,1,4,1,6,1.5658388356805857
MET030,1,4,1,7,1.152046877629991
MET030,1,4,1,8,1.3651451469581333
MET030,1,4,1,9,1.2128604624211328
MET030,1,4,2,0,1.3675417047197609
MET030,1,4,2,1,1.3641339038825389
MET030,1,4,2,2,1.4850133393604017
MET030,1,4,2,3,1.3882912962208209
MET030,1,4,2,4,1.3104209018873505
MET030,1,4,2,5,1.2276984859696023
MET030,1,4,2,6,1.2257133310911268
MET030,1,4,2,7,1.2061003480071639
MET030,1,4,2,8,1.2294763436837337
MET030,1,4,2,9,1.3648363037109514
MET030,1,4,3,0,1.4728622702843306
MET030,1,4,3,1,1.5777234641164075
MET030,1,4,3,2,1.3029819199212735
MET030,1,4,3,3,1.3791433257002237
MET030,1,4,3,4,1.2843292199054794
MET030,1,4,3,5,0.91167729592663116
MET030,1,4,3,6,0.89873818773166758
MET030,1,4,3,7,0.9227640336310452
MET030,1,4,3,8,1.1461204636011595
MET030,1,4,3,9,1.1811447454503348
MET030,1,4,4,0,1.5879960301873066
MET030,1,4,4,1,1.4128088224302595
MET030,1,4,4,2,1.2039897809868907
MET030,1,4,4,3,1.1730631499326534
MET030,1,4,4,4,1.1096224791101854
MET030,1,4,4,5,0.95164073065443799
MET030,1,4,4,6,0.82825935304241249
MET030,1,4,4,7,0.83573484448416147
MET030,1,4,4,8,1.0477600231667077
MET030,1,4,4,9,1.3420573827161904
MET030,1,4,5,0,1.5033015065533752
MET030,1,4,5,1,1.5132377449616412
MET030,1,4,5,2,1.3278952084129343
MET030,1,4,5,3,0.93694054008552519
MET030,1,4,5,4,1.0292201825534957
MET030,1,4,5,5,0.83758776551687331
MET030,1,4,5,6,1.2020446800246101
MET030,1,4,5,7,1.0886181226596774
MET030,1,4,5,8,1.0881577561997438
MET030,1,4,5,9,1.3637660740388271
MET030,1,4,6,0,1.6168013366393881
MET030,1,4,6,1,1.337654834892603
MET030,1,4,6,2,1.2517215161861901
MET030,1,4,6,3,1.3448164332007757
MET030,1,4,6,4,1.1417269446097524
MET030,1,4,6,5,1.4151445246433512
MET030,1,4,6,6,1.0487648827132374
MET030,1,4,6,7,1.2145264531832205
MET030,1,4,6,8,1.3061618719694532
MET030,1,4,6,9,1.3251217669739317
MET030,1,4,7,0,1.2184060108902135
MET030,1,4,7,1,1.2528462370571336
MET030,1,4,7,2,1.1240633364939798
MET030,1,4,7,3,1.0109487247950637
MET030,1,4,7,4,1.0649575049505235
MET030,1,4,7,5,1.0886802815469665
MET030,1,4,7,6,1.2085442749762874
MET030,1,4,7,7,1.1486809447538342
MET030,1,4,7,8,1.3668256167028128
MET030,1,4,7,9,1.2855642442495363
MET030,1,4,8,0,1.3556447145038677
MET030,1,4,8,1,1.217298218123634
MET030,1,4,8,2,0.97414932142001842
MET030,1,4,8,3,1.118797815650159
MET030,1,4,8,4,1.0323667915453518
MET030,1,4,8,5,1.2258545938281371
MET030,1,4,8,6,1.2484957559634682
MET030,1,4,8,7,1.1937976332432421
MET030,1,4,8,8,1.3431637909366256
MET030,1,4,8,9,1.2323119754750125
MET030,1,4,9,0,1.2324963285216852
MET030,1,4,9,1,1.2101601283440364
MET030,1,4,9,2,1.1969623017314399
MET030,1,4,9,3,0.88172985432729767
MET030,1,4,9,4,1.2491638314158504
MET030,1,4,9,5,1.1466549335719252
MET030,1,4,9,6,1.1753901428337878
MET030,1,4,9,7,1.2318507260118894
MET030,1,4,9,8,1.18802786557558
MET030,1,4,9,9,1.3197111090147726
MET030,2,1,0,0,1.6319092425709802
MET030,2,1,0,1,1.6406638196530705
MET030,2,1,0,2,1.6113559102732349
MET030,2,1,0,3,1.6879480808555254
MET030,2,1,0,4,1.5596335579149974
MET030,2,1,0,5,1.3343898864818435
MET030,2,1,0,6,1.4202408123656425
MET030,2,1,0,7,1.3552084654863688
MET030,2,1,0,8,1.4407258743874087
MET030,2,1,0,9,1.1526582096009437
MET030,2,1,1,0,1.6967610638358419
MET030,2,1,1,1,1.473252776087115
MET030,2,1,1,2,1.3937458056125229
MET030,2,1,1,3,1.3368569831981751
MET030,2,1,1,4,1.41467000737177
MET030,2,1,1,5,1.4321389336235053
MET030,2,1,1,6,1.5322414733834675
MET030,2,1,1,7,1.4084606787415024
MET030,2,1,1,8,1.3707992157777344
MET030,2,1,1,9,1.424897533858569
MET030,2,1,2,0,1.3897917576720409
MET030,2,1,2,1,1.3779777590057405
MET030,2,1,2,2,1.2873764966275061
MET030,2,1,2,3,1.5555911793131607
MET030,2,1,2,4,1.4276116628612054
MET030,2,1,2,5,1.4722930988574738
MET030,2,1,2,6,1.1793642889905036
MET030,2,1,2,7,1.1246774318963615
MET030,2,1,2,8,1.2776181815860903
MET030,2,1,2,9,1.3334615255730102
MET030,2,1,3,0,1.6032814119913152
MET030,2,1,3,1,1.1910166631348551
MET030,2,1,3,2,1.340028595160959
MET030,2,1,3,3,1.3760760535058592
MET030,2,1,3,4,1.4049722785138621
MET030,2,1,3,5,1.0288176456539424
MET030,2,1,3,6,0.92028368196268684
MET030,2,1,3,7,1.0832683000622187
MET030,2,1,3,8,1.3000563646995211
MET030,2,1,3,9,1.364945581046245
MET030,2,1,4,0,1.5411511515197929
MET030,2,1,4,1,1.4623960644077731
MET030,2,1,4,2,1.5110392123543941
MET030,2,1,4,3,1.3514995884793888
MET030,2,1,4,4,0.99076404592982681
MET030,2,1,4,5,1.062162430867525
MET030,2,1,4,6,0.7782694722823319
MET030,2,1,4,7,0.82228340058840355
MET030,2,1,4,8,1.3912163092355858
MET030,2,1,4,9,1.2430988889109691
MET030,2,1,5,0,1.575564914651534
MET030,2,1,5,1,1.3877419463769691
MET030,2,1,5,2,1.3380447725233899
MET030,2,1,5,3,1.0058083664532498
MET030,2,1,5,4,1.259498808382
MET030,2,1,5,5,1.2192611094061649
MET030,2,1,5,6,1.1746720488611213
MET030,2,1,5,7,0.85437074220773501
MET030,2,1,5,8,1.0071105114399961
MET030,2,1,5,9,1.3659501086134442
MET030,2,1,6,0,1.4287905502795879
MET030,2,1,6,1,1.3337413317391376
MET030,2,1,6,2,0.98383632201457938
MET030,2,1,6,3,1.2040069344008228
MET030,2,1,6,4,1.0892676792811833
MET030,2,1,6,5,1.5134401263613042
MET030,2,1,6,6,1.0820117390035615
MET030,2,1,6,7,1.2628857310439885
MET030,2,1,6,8,1.2337381450451399
MET030,2,1,6,9,1.2857626568901095
MET030,2,1,7,0,1.1402188557725017
MET030,2,1,7,1,1.0480070347427599
MET030,2,1,7,2,1.0531835021485407
MET030,2,1,7,3,1.1335886865921481
MET030,2,1,7,4,1.2671163765860711
MET030,2,1,7,5,0.88830777459853605
MET030,2,1,7,6,1.1843432143799792
MET030,2,1,7,7,1.35529277474424
MET030,2,1,7,8,1.3520456239342349
MET030,2,1,7,9,1.2258954848640429
MET030,2,1,8,0,1.2614210471296936
MET030,2,1,8,1,1.1147512367164525
MET030,2,1,8,2,1.2878597801171412
MET030,2,1,8,3,1.3024588038733664
MET030,2,1,8,4,1.0590266974432252
MET030,2,1,8,5,1.0130478915021204
MET030,2,1,8,6,0.85030524561306708
MET030,2,1,8,7,1.2929878733428239
MET030,2,1,8,8,0.94662257810166162
MET030,2,1,8,9,0.74983520814278104
MET030,2,1,9,0,1.0919264922127552
MET030,2,1,9,1,1.2714952968332385
MET030,2,1,9,2,1.0693045804310517
MET030,2,1,9,3,1.0592770736153789
MET030,2,1,9,4,1.2590699804839445
MET030,2,1,9,5,1.0462101103347643
MET030,2,1,9,6,1.1186711811971473
MET030,2,1,9,7,1.0338841557747851
MET030,2,1,9,8,0.92303603245379862
MET030,2,1,9,9,1.1681071480786829
MET030,2,2,0,0,1.5018423670199028
MET030,2,2,0,1,1.6322316057447659
MET030,2,2,0,2,1.5546475969319231
MET030,2,2,0,3,1.5687168669549263
MET030,2,2,0,4,1.3669406957856414
MET030,2,2,0,5,1.2545477408270698
MET030,2,2,0,6,1.2677162937573736
MET030,2,2,0,7,1.3042698332634837
MET030,2,2,0,8,1.2859393652795581
MET030,2,2,0,9,1.4809221817988425
MET030,2,2,1,0,1.670114672086189
MET030,2,2,1,1,1.7088497256193598
MET030,2,2,1,2,1.3713120528546083
MET030,2,2,1,3,1.2458588582519683
MET030,2,2,1,4,1.5311040422741362
MET030,2,2,1,5,1.3553212879938283
MET030,2,2,1,6,1.2351566298305905
MET030,2,2,1,7,1.0931749410199372
MET030,2,2,1,8,1.4119739102578257
MET030,2,2,1,9,1.0662531232396155
MET030,2,2,2,0,1.4495758072090033
MET030,2,2,2,1,1.2402719769336883
MET030,2,2,2,2,1.3292023986859458
MET030,2,2,2,3,1.1830130745437659
MET030,2,2,2,4,1.0707172413860244
MET030,2,2,2,5,1.336346699669531
MET030,2,2,2,6,1.1675160765957693
MET030,2,2,2,7,1.1863674922189409
MET030,2,2,2,8,1.3421871518386992
MET030,2,2,2,9,1.2254279794246492
MET030,2,2,3,0,1.4353380278369785
MET030,2,2,3,1,1.256856847391169
MET030,2,2,3,2,1.4153642053913491
MET030,2,2,3,3,1.1369993453316822
MET030,2,2,3,4,1.3139617437856703
MET030,2,2,3,5,0.89783741263365702
MET030,2,2,3,6,0.9084982502120944
MET030,2,2,3,7,0.85473149549321903
MET030,2,2,3,8,1.0956513860773758
MET030,2,2,3,9,1.2110615063975851
MET030,2,2,4,0,1.470522869289683
MET030,2,2,4,1,1.5418611321022608
MET030,2,2,4,2,1.3660463742412414
MET030,2,2,4,3,1.2292855319163911
MET030,2,2,4,4,1.2312048698826019
MET030,2,2,4,5,1.2032356388150316
MET030,2,2,4,6,0.98204714794168335
MET030,2,2,4,7,0.90199751966605024
MET030,2,2,4,8,1.2472825683075559
MET030,2,2,4,9,0.79967293232056103
MET030,2,2,5,0,1.5143928064483676
MET030,2,2,5,1,1.2875165395296413
MET030,2,2,5,2,1.3431605837586265
MET030,2,2,5,3,1.067182969368067
MET030,2,2,5,4,1.0235661545273824
MET030,2,2,5,5,1.0846741112854279
MET030,2,2,5,6,1.0811172734153638
MET030,2,2,5,7,1.2629733916049517
MET030,2,2,5,8,0.74480423720628419
MET030,2,2,5,9,0.76750256434149244
MET030,2,2,6,0,1.4576744030792861
MET030,2,2,6,1,1.3517474306646673
MET030,2,2,6,2,0.89109564125996266
MET030,2,2,6,3,1.283626767245537
MET030,2,2,6,4,1.0796550976051609
MET030,2,2,6,5,0.92470411291556842
MET030,2,2,6,6,0.97456228617944518
MET030,2,2,6,7,1.1194201041922525
MET030,2,2,6,8,1.3037218050284329
MET030,2,2,6,9,1.3120155084752556
MET030,2,2,7,0,1.1806849515365569
MET030,2,2,7,1,0.98013480866869562
MET030,2,2,7,2,1.2160009095842219
MET030,2,2,7,3,0.81966574044801199
MET030,2,2,7,4,0.85403213440426617
MET030,2,2,7,5,1.0560105721595745
MET030,2,2,7,6,1.1054187491765166
MET030,2,2,7,7,1.1423772522510045
MET030,2,2,7,8,1.2004924606938738
MET030,2,2,7,9,1.0570644649398984
MET030,2,2,8,0,1.1097220859371857
MET030,2,2,8,1,1.3462745100750999
MET030,2,2,8,2,1.0609560280122872
MET030,2,2,8,3,0.99325455615981317
MET030,2,2,8,4,1.1984525810362401
MET030,2,2,8,5,1.1410446971072681
MET030,2,2,8,6,1.2087974261788628
MET030,2,2,8,7,1.291863568719138
MET030,2,2,8,8,1.2700189643136277
MET030,2,2,8,9,0.76289975106621033
MET030,2,2,9,0,1.2316406546629739
MET030,2,2,9,1,1.0614612045584524
MET030,2,2,9,2,1.1279249070774986
MET030,2,2,9,3,1.1016248000963571
MET030,2,2,9,4,1.142463948358633
MET030,2,2,9,5,1.1717676981300249
MET030,2,2,9,6,1.1560340938648608
MET030,2,2,9,7,1.2763321120237785
MET030,2,2,9,8,0.86278547074669454
MET030,2,2,9,9,0.81282592363708561
MET030,2,3,0,0,1.6879798604369931
MET030,2,3,0,1,1.8598986493980565
MET030,2,3,0,2,1.5775641480248579
MET030,2,3,0,3,1.6616407361819241
MET030,2,3,0,4,1.6408849318438408
MET030,2,3,0,5,1.2874200292216349
MET030,2,3,0,6,1.5676698295632527
MET030,2,3,0,7,1.3132726927421303
MET030,2,3,0,8,1.2088440567726308
MET030,2,3,0,9,1.3037593611849561
MET030,2,3,1,0,1.4582170048433558
MET030,2,3,1,1,1.5983737308597197
MET030,2,3,1,2,1.4482815071403174
MET030,2,3,1,3,1.3413144042439669
MET030,2,3,1,4,1.5211044603020898
MET030,2,3,1,5,1.6743811284062504
MET030,2,3,1,6,1.4424077373377946
MET030,2,3,1,7,1.1124598423702254
MET030,2,3,1,8,1.2867034602766989
MET030,2,3,1,9,1.1959730639344699
MET030,2,3,2,0,1.3172635145419429
MET030,2,3,2,1,1.2580751019424721
MET030,2,3,2,2,1.3007140396863413
MET030,2,3,2,3,1.2963720951225677
MET030,2,3,2,4,1.1925756873126865
MET030,2,3,2,5,1.2383011942061
MET030,2,3,2,6,1.0955675183799145
MET030,2,3,2,7,1.2804978368803479
MET030,2,3,2,8,1.3215798582726586
MET030,2,3,2,9,1.2339897550064194
MET030,2,3,3,0,1.6521163610900542
MET030,2,3,3,1,1.3962993195332258
MET030,2,3,3,2,1.2374895048935983
MET030,2,3,3,3,1.1771609330614978
MET030,2,3,3,4,1.5326666343681157
MET030,2,3,3,5,0.8354226830267758
MET030,2,3,3,6,1.0079393965733037
MET030,2,3,3,7,0.989286065855006
MET030,2,3,3,8,1.4353966364591262
MET030,2,3,3,9,1.4034434644548723
MET030,2,3,4,0,1.053586139529602
MET030,2,3,4,1,1.5407608298579789
MET030,2,3,4,2,1.2931890793606871
MET030,2,3,4,3,1.2873344932154287
MET030,2,3,4,4,1.1377988909244019
MET030,2,3,4,5,1.049742500969989
MET030,2,3,4,6,0.83318662727107806
MET030,2,3,4,7,1.1158945580546735
MET030,2,3,4,8,0.89585914550748003
MET030,2,3,4,9,1.131198227152421
MET030,2,3,5,0,1.259402568476357
MET030,2,3,5,1,1.4305483019233949
MET030,2,3,5,2,1.4822760822141106
MET030,2,3,5,3,0.91481558458479717
MET030,2,3,5,4,1.1593450472836979
MET030,2,3,5,5,1.1004691877314925
MET030,2,3,5,6,0.92407092713228578
MET030,2,3,5,7,0.91559496631194803
MET030,2,3,5,8,1.3234277989219585
MET030,2,3,5,9,1.0926743449444676
MET030,2,3,6,0,1.4894244764963886
MET030,2,3,6,1,1.3349239596018414
MET030,2,3,6,2,1.1767694246785352
MET030,2,3,6,3,1.1758590630196184
MET030,2,3,6,4,0.8654956329509067
MET030,2,3,6,5,1.2843488047949181
MET030,2,3,6,6,1.0375314768323751
MET030,2,3,6,7,1.0234989841470614
MET030,2,3,6,8,0.76696450872042798
MET030,2,3,6,9,0.73261317081745636
MET030,2,3,7,0,1.4313074653613289
MET030,2,3,7,1,0.79401302788583317
MET030,2,3,7,2,1.2297478000419393
MET030,2,3,7,3,1.0497753885215011
MET030,2,3,7,4,0.90642886316109905
MET030,2,3,7,5,1.0453601410760638
MET030,2,3,7,6,1.3905823440295442
MET030,2,3,7,7,0.72959303639708939
MET030,2,3,7,8,0.6561715003186519
MET030,2,3,7,9,1.2649317385542054
MET030,2,3,8,0,1.2188957323718013
MET030,2,3,8,1,1.163416163842008
MET030,2,3,8,2,1.0832634044221097
MET030,2,3,8,3,1.1731675614264825
MET030,2,3,8,4,1.2014533780699015
MET030,2,3,8,5,1.3042743378257595
MET030,2,3,8,6,1.1184323504495448
MET030,2,3,8,7,0.82515673881946183
MET030,2,3,8,8,1.3334853151484414
MET030,2,3,8,9,1.2422461321138214
MET030,2,3,9,0,1.1975992241942786
MET030,2,3,9,1,1.0774984596242585
MET030,2,3,9,2,1.0165822517561192
MET030,2,3,9,3,0.85517859590912026
MET030,2,3,9,4,0.95628851759130917
MET030,2,3,9,5,0.98494491826393304
MET030,2,3,9,6,0.9821612476831636
MET030,2,3,9,7,1.4114973804612747
MET030,2,3,9,8,1.2585340938793239
MET030,2,3,9,9,1.1499297111136004
MET030,2,4,0,0,1.6144348817932961
MET030,2,4,0,1,1.7932788139817091
MET030,2,4,0,2,1.4557009134559524
MET030,2,4,0,3,1.6425386536170752
MET030,2,4,0,4,1.6072607393833114
MET030,2,4,0,5,1.1947912952821866
MET030,2,4,0,6,1.3093714226136532
MET030,2,4,0,7,0.92447101874137239
MET030,2,4,0,8,1.189399908321682
MET030,2,4,0,9,1.2842354293957952
MET030,2,4,1,0,1.4845282659478449
MET030,2,4,1,1,1.4688328466159917
MET030,2,4,1,2,1.5338013787130962
MET030,2,4,1,3,1.2896701930622918
MET030,2,4,1,4,1.6279364222997279
MET030,2,4,1,5,1.5462943493758492
MET030,2,4,1,6,1.2474010587399296
MET030,2,4,1,7,1.3393588701199572
MET030,2,4,1,8,1.2382271693365601
MET030,2,4,1,9,0.70421426166111833
MET030,2,4,2,0,1.3011061800708563
MET030,2,4,2,1,1.4484894029125144
MET030,2,4,2,2,1.3266404227164914
MET030,2,4,2,3,1.1933566210412749
MET030,2,4,2,4,1.2697882810713397
MET030,2,4,2,5,1.135826169404228
MET030,2,4,2,6,1.1825186211856065
MET030,2,4,2,7,0.84575647377940288
MET030,2,4,2,8,0.78240961125046204
MET030,2,4,2,9,1.3361792120021261
MET030,2,4,3,0,1.4235499210776863
MET030,2,4,3,1,1.3399566793736106
MET030,2,4,3,2,0.92797372109068821
MET030,2,4,3,3,1.0935606129347906
MET030,2,4,3,4,1.0721953974762914
MET030,2,4,3,5,0.91127223824637116
MET030,2,4,3,6,0.82743698833480739
MET030,2,4,3,7,0.64355949363390363
MET030,2,4,3,8,1.2137237482600365
MET030,2,4,3,9,1.0975084495177974
MET030,2,4,4,0,1.486459630843439
MET030,2,4,4,1,1.104880217346671
MET030,2,4,4,2,1.1394253578439153
MET030,2,4,4,3,0.97547145617767084
MET030,2,4,4,4,0.96248561546977041
MET030,2,4,4,5,0.94127941757718159
MET030,2,4,4,6,0.74534635236631386
MET030,2,4,4,7,0.78357319660438995
MET030,2,4,4,8,1.0925531498242376
MET030,2,4,4,9,1.1944022620593768
MET030,2,4,5,0,1.4205517332551554
MET030,2,4,5,1,0.98583224555767479
MET030,2,4,5,2,1.1409623176400712
MET030,2,4,5,3,1.0137203246088411
MET030,2,4,5,4,0.8419926768949757
MET030,2,4,5,5,0.99679174038465435
MET030,2,4,5,6,1.0936900002271981
MET030,2,4,5,7,0.9063642010555456
MET030,2,4,5,8,1.1512131760450708
MET030,2,4,5,9,1.3249050068619259
MET030,2,4,6,0,1.0038689126353182
MET030,2,4,6,1,0.85303185983488949
MET030,2,4,6,2,0.97384531097895821
MET030,2,4,6,3,0.78153899110991776
MET030,2,4,6,4,1.1390448273986138
MET030,2,4,6,5,1.1252659375681588
MET030,2,4,6,6,0.87608100394044308
MET030,2,4,6,7,1.249011150292237
MET030,2,4,6,8,1.0583614698029271
MET030,2,4,6,9,1.0948948969450047
MET030,2,4,7,0,0.74381782302846811
MET030,2,4,7,1,1.1241991467192902
MET030,2,4,7,2,0.90617280379120124
MET030,2,4,7,3,1.0114700823208933
MET030,2,4,7,4,1.1441694912023108
MET030,2,4,7,5,0.98081481721878161
MET030,2,4,7,6,0.98223582864749481
MET030,2,4,7,7,1.2420512163431947
MET030,2,4,7,8,1.1727871814068764
MET030,2,4,7,9,1.1746579360408111
MET030,2,4,8,0,1.0886152087811936
MET030,2,4,8,1,0.89003145741627232
MET030,2,4,8,2,1.115057978981203
MET030,2,4,8,3,1.2014171718377975
MET030,2,4,8,4,0.95709217955864301
MET030,2,4,8,5,1.2917858775778679
MET030,2,4,8,6,0.85154967541989435
MET030,2,4,8,7,1.154814013423928
MET030,2,4,8,8,0.96892185721363344
MET030,2,4,8,9,1.0021804357348474
MET030,2,4,9,0,1.0822652488938078
MET030,2,4,9,1,1.0871303936470158
MET030,2,4,9,2,1.008195026589918
MET030,2,4,9,3,1.3065672849954095
MET030,2,4,9,4,1.2343633885147325
MET030,2,4,9,5,0.81114126836372324
MET030,2,4,9,6,1.1109204837941684
MET030,2,4,9,7,1.1151158694412455
MET030,2,4,9,8,1.0660453329114865
MET030,2,4,9,9,1.3031620224283869
MET031,1,1,0,0,1.7257755687160317
MET031,1,1,0,1,1.9253452032870515
MET031,1,1,0,2,1.7177242945068132
MET031,1,1,0,3,1.5884744487709048
MET031,1,1,0,4,1.5423472752656626
MET031,1,1,0,5,1.7620506195930976
MET031,1,1,0,6,1.2527538162913567
MET031,1,1,0,7,0.99611751209046839
MET031,1,1,0,8,1.2939567806450505
MET031,1,1,0,9,1.1806005069350634
MET031,1,1,1,0,1.7251747626920619
MET031,1,1,1,1,1.7831360647744068
MET031,1,1,1,2,1.6829728057076572
MET031,1,1,1,3,1.433609560849703
MET031,1,1,1,4,1.2226714291360024
MET031,1,1,1,5,1.3961783243731425
MET031,1,1,1,6,1.4093463362315133
MET031,1,1,1,7,1.1451406482379742
MET031,1,1,1,8,1.4222263519683225
MET031,1,1,1,9,0.98488844936472764
MET031,1,1,2,0,1.3115337772769615
MET031,1,1,2,1,1.2787617822346855
MET031,1,1,2,2,1.4928067438424519
MET031,1,1,2,3,1.4877040029854556
MET031,1,1,2,4,1.0792294452633815
MET031,1,1,2,5,1.1740263895927754
MET031,1,1,2,6,0.96893020804465224
MET031,1,1,2,7,0.9969114081140128
MET031,1,1,2,8,1.3981231522442099
MET031,1,1,2,9,0.94834822138122998
MET031,1,1,3,0,1.5789449736496497
MET031,1,1,3,1,1.1825566070818596
MET031,1,1,3,2,1.0901594519380915
MET031,1,1,3,3,1.2903215766795384
MET031,1,1,3,4,1.2082912726034425
MET031,1,1,3,5,1.1957782882423269
MET031,1,1,3,6,0.90854185882209204
MET031,1,1,3,7,0.98833039483266483
MET031,1,1,3,8,0.82673816208661244
MET031,1,1,3,9,0.83089255034136777
MET031,1,1,4,0,1.422780035919301
MET031,1,1,4,1,1.4198746376840139
MET031,1,1,4,2,1.0497002918562086
MET031,1,1,4,3,1.2155308015888264
MET031,1,1,4,4,0.87658715377938246
MET031,1,1,4,5,0.93737218394948441
MET031,1,1,4,6,0.81011883260413742
MET031,1,1,4,7,0.77902167437892178
MET031,1,1,4,8,0.8762898789930087
MET031,1,1,4,9,0.85236193123950754
MET031,1,1,5,0,0.78380760777511338
MET031,1,1,5,1,1.0669708768468209
MET031,1,1,5,2,0.78092908155317686
MET031,1,1,5,3,0.98467385445488997
MET031,1,1,5,4,0.82806946823304806
MET031,1,1,5,5,1.0752638156250047
MET031,1,1,5,6,1.0204997984270987
MET031,1,1,5,7,0.96745778418135442
MET031,1,1,5,8,0.82089833445668936
MET031,1,1,5,9,1.0614124321166991
MET031,1,1,6,0,0.71472659508858427
MET031,1,1,6,1,0.92832763969072418
MET031,1,1,6,2,0.8530322095518782
MET031,1,1,6,3,1.0260078237540526
MET031,1,1,6,4,1.0391009526466743
MET031,1,1,6,5,1.065268777205346
MET031,1,1,6,6,1.082786283265992
MET031,1,1,6,7,1.3136400512334847
MET031,1,1,6,8,1.0434212329179129
MET031,1,1,6,9,1.1383396654484217
MET031,1,1,7,0,0.78705121951549728
MET031,1,1,7,1,0.92592202760158515
MET031,1,1,7,2,0.79352989110896999
MET031,1,1,7,3,1.3916778523907949
MET031,1,1,7,4,1.0299161925121467
MET031,1,1,7,5,1.0861931665477909
MET031,1,1,7,6,0.74082471288242968
MET031,1,1,7,7,1.1768809615364615
MET031,1,1,7,8,1.1288739509951304
MET031,1,1,7,9,1.0945033500623145
MET031,1,1,8,0,1.2051317834360806
MET031,1,1,8,1,1.0848236556022708
MET031,1,1,8,2,0.98229608935639856
MET031,1,1,8,3,1.289259538020195
MET031,1,1,8,4,0.957613653152532
MET031,1,1,8,5,1.1302134999468694
MET031,1,1,8,6,1.1456815841335686
MET031,1,1,8,7,1.052934263951391
MET031,1,1,8,8,1.4858570625278786
MET031,1,1,8,9,1.164756893303792
MET031,1,1,9,0,0.84147594010501525
MET031,1,1,9,1,1.1962105760288133
MET031,1,1,9,2,1.2421149889068503
MET031,1,1,9,3,1.2248484086642351
MET031,1,1,9,4,1.6714841684085455
MET031,1,1,9,5,0.95863523763554603
MET031,1,1,9,6,1.0113750168218725
MET031,1,1,9,7,1.4901425639944448
MET031,1,1,9,8,1.2984010689499179
MET031,1,1,9,9,1.542758442536472
MET031,1,2,0,0,1.5396807315612231
MET031,1,2,0,1,1.1852386917900624
MET031,1,2,0,2,0.92298952157999581
MET031,1,2,0,3,1.0244744287744298
MET031,1,2,0,4,1.0883106894197945
MET031,1,2,0,5,1.4391805597883696
MET031,1,2,0,6,1.4944987720281897
MET031,1,2,0,7,1.0852719330295866
MET031,1,2,0,8,1.274321991683234
MET031,1,2,0,9,1.2725486323229025
MET031,1,2,1,0,0.97264651129984558
MET031,1,2,1,1,1.0806236985171678
MET031,1,2,1,2,1.051013491421207
MET031,1,2,1,3,1.1808708060636439
MET031,1,2,1,4,1.4536901813467862
MET031,1,2,1,5,1.220223515992876
MET031,1,2,1,6,1.2447610545032033
MET031,1,2,1,7,1.0708094542527289
MET031,1,2,1,8,1.3031342337403826
MET031,1,2,1,9,1.0497710181534341
MET031,1,2,2,0,0.89738147970255899
MET031,1,2,2,1,0.99972996772903078
MET031,1,2,2,2,0.9356296779087786
MET031,1,2,2,3,1.0639726268397729
MET031,1,2,2,4,1.0240841595335937
MET031,1,2,2,5,1.4248529759839048
MET031,1,2,2,6,1.2493057568514565
MET031,1,2,2,7,0.99036593757716818
MET031,1,2,2,8,1.0685434770259681
MET031,1,2,2,9,0.97326220906830885
MET031,1,2,3,0,0.98657274789292604
MET031,1,2,3,1,1.2610406795239419
MET031,1,2,3,2,0.83773892925711357
MET031,1,2,3,3,1.1678880140671015
MET031,1,2,3,4,1.3301612472827598
MET031,1,2,3,5,1.0682077102604155
MET031,1,2,3,6,0.79146438528886209
MET031,1,2,3,7,0.84891359927971444
MET031,1,2,3,8,1.0720731850283185
MET031,1,2,3,9,0.94258643173769019
MET031,1,2,4,0,1.1595466881966423
MET031,1,2,4,1,1.0016107518367956
MET031,1,2,4,2,1.1200598863483526
MET031,1,2,4,3,1.0295621657124341
MET031,1,2,4,4,0.80451063257039379
MET031,1,2,4,5,0.7279531538341838
MET031,1,2,4,6,0.76038701203088832
MET031,1,2,4,7,0.65382480609316673
MET031,1,2,4,8,0.69473827905510821
MET031,1,2,4,9,0.78627522190937249
MET031,1,2,5,0,0.89445495201253922
MET031,1,2,5,1,1.1256952813288468
MET031,1,2,5,2,1.0108728343040208
MET031,1,2,5,3,0.6182827587003682
MET031,1,2,5,4,0.83996143679648649
MET031,1,2,5,5,0.87435250361226069
MET031,1,2,5,6,1.1986664188068012
MET031,1,2,5,7,0.9367688746762548
MET031,1,2,5,8,0.97431023189905519
MET031,1,2,5,9,1.1376761745847634
MET031,1,2,6,0,0.92738626959856285
MET031,1,2,6,1,0.80400636357109201
MET031,1,2,6,2,0.873127161984389
MET031,1,2,6,3,0.877157884540396
MET031,1,2,6,4,1.0009288208687268
MET031,1,2,6,5,1.0696712346406598
MET031,1,2,6,6,1.0992414130671166
MET031,1,2,6,7,1.1644870972024619
MET031,1,2,6,8,1.0980492744498915
MET031,1,2,6,9,1.1788535670100122
MET031,1,2,7,0,0.89118313696874396
MET031,1,2,7,1,1.0436605749072181
MET031,1,2,7,2,0.89627095201420637
MET031,1,2,7,3,1.1808100311773766
MET031,1,2,7,4,1.1539566528176413
MET031,1,2,7,5,1.0173466874903303
MET031,1,2,7,6,0.99093853358778439
MET031,1,2,7,7,1.2279401775483345
MET031,1,2,7,8,1.1423570047178615
MET031,1,2,7,9,1.0970615990971062
MET031,1,2,8,0,0.87196989060524244
MET031,1,2,8,1,0.84258250563396786
MET031,1,2,8,2,1.132443415991703
MET031,1,2,8,3,0.96636505475010481
MET031,1,2,8,4,1.0491743361044144
MET031,1,2,8,5,1.0144173167262205
MET031,1,2,8,6,1.3616841526794592
MET031,1,2,8,7,1.2667242732726831
MET031,1,2,8,8,1.1125286972745578
MET031,1,2,8,9,1.1957831094701674
MET031,1,2,9,0,1.0606040807791886
MET031,1,2,9,1,1.1615335577608932
MET031,1,2,9,2,1.1526614270685305
MET031,1,2,9,3,0.89713009126632537
MET031,1,2,9,4,1.0673380818332991
MET031,1,2,9,5,1.3940263866500999
MET031,1,2,9,6,1.2835830555364391
MET031,1,2,9,7,1.0853577666683591
MET031,1,2,9,8,1.0611325187942471
MET031,1,2,9,9,0.87202855151325609
MET031,1,3,0,0,1.4609339552845044
MET031,1,3,0,1,1.5265391214641273
MET031,1,3,0,2,1.2870094150645477
MET031,1,3,0,3,1.0859592962543394
MET031,1,3,0,4,1.0252792136389763
MET031,1,3,0,5,0.94655590867547923
MET031,1,3,0,6,1.0296455488608551
MET031,1,3,0,7,0.95913445115533136
MET031,1,3,0,8,1.4077545518936596
MET031,1,3,0,9,1.2955959243891864
MET031,1,3,1,0,1.2979994531680503
MET031,1,3,1,1,1.1414018752697708
MET031,1,3,1,2,0.92552422929609235
MET031,1,3,1,3,1.0339692362776549
MET031,1,3,1,4,1.0008866473945648
MET031,1,3,1,5,0.96603280914910439
MET031,1,3,1,6,0.87643962460404701
MET031,1,3,1,7,1.157122066261981
MET031,1,3,1,8,0.93200232225839041
MET031,1,3,1,9,0.96085165476712797
MET031,1,3,2,0,1.0145584204429341
MET031,1,3,2,1,0.85046936153836394
MET031,1,3,2,2,1.1135474983596041
MET031,1,3,2,3,1.1808914095287086
MET031,1,3,2,4,1.058191613793344
MET031,1,3,2,5,1.2733184412436291
MET031,1,3,2,6,1.0552708257527039
MET031,1,3,2,7,1.1273209930234429
MET031,1,3,2,8,0.9506597933771832
MET031,1,3,2,9,0.84073785516767341
MET031,1,3,3,0,1.04396140930229
MET031,1,3,3,1,0.99966756934992962
MET031,1,3,3,2,0.82947178306935998
MET031,1,3,3,3,0.89658674568087926
MET031,1,3,3,4,1.0294508721677431
MET031,1,3,3,5,0.96501882219942603
MET031,1,3,3,6,0.78063990193354682
MET031,1,3,3,7,0.83207836508178445
MET031,1,3,3,8,0.75094617733185498
MET031,1,3,3,9,0.92343508044776856
MET031,1,3,4,0,1.0971485909097147
MET031,1,3,4,1,0.88084208673357578
MET031,1,3,4,2,0.90599317348927999
MET031,1,3,4,3,1.0711696487499789
MET031,1,3,4,4,0.83445457137490053
MET031,1,3,4,5,0.85605972556546106
MET031,1,3,4,6,0.69103015589845973
MET031,1,3,4,7,0.80850545938317853
MET031,1,3,4,8,0.97549183578738963
MET031,1,3,4,9,0.87191675080700026
MET031,1,3,5,0,0.82385338148228382
MET031,1,3,5,1,0.7798350710166061
MET031,1,3,5,2,0.80791899163252612
MET031,1,3,5,3,0.79371328303585698
MET031,1,3,5,4,0.85780181183008453
MET031,1,3,5,5,0.95946642752159961
MET031,1,3,5,6,0.72860660389172893
MET031,1,3,5,7,0.79697755370488199
MET031,1,3,5,8,1.1097365410799478
MET031,1,3,5,9,1.137117818848673
MET031,1,3,6,0,0.98687063671492881
MET031,1,3,6,1,0.92589933781337197
MET031,1,3,6,2,0.78563216633987054
MET031,1,3,6,3,0.74880646512092119
MET031,1,3,6,4,0.78916450702310637
MET031,1,3,6,5,0.82267913338554599
MET031,1,3,6,6,0.81077480635124044
MET031,1,3,6,7,1.2506882998666755
MET031,1,3,6,8,1.1286700749140099
MET031,1,3,6,9,1.0039164910247065
MET031,1,3,7,0,1.1665865338786778
MET031,1,3,7,1,0.93987551963633997
MET031,1,3,7,2,1.1758907064584745
MET031,1,3,7,3,1.0598593047879139
MET031,1,3,7,4,0.95733684302608102
MET031,1,3,7,5,0.92571166398569005
MET031,1,3,7,6,1.1463542337800805
MET031,1,3,7,7,1.2410686962896511
MET031,1,3,7,8,0.78436004257511449
MET031,1,3,7,9,0.94709091888991004
MET031,1,3,8,0,1.0324963009058601
MET031,1,3,8,1,1.159226309871398
MET031,1,3,8,2,1.3218231852316398
MET031,1,3,8,3,1.1524585160229512
MET031,1,3,8,4,1.0604352691017851
MET031,1,3,8,5,1.2032130630770173
MET031,1,3,8,6,1.2439957576195864
MET031,1,3,8,7,1.0962853904694554
MET031,1,3,8,8,1.1382434449551633
MET031,1,3,8,9,1.2366186788058071
MET031,1,3,9,0,1.2287761196367839
MET031,1,3,9,1,1.0778358655529068
MET031,1,3,9,2,0.87470687063196284
MET031,1,3,9,3,1.1622973006260064
MET031,1,3,9,4,0.78686024301252377
MET031,1,3,9,5,1.127096133859431
MET031,1,3,9,6,1.3666036583758423
MET031,1,3,9,7,1.0712421440785205
MET031,1,3,9,8,1.1400603653754038
MET031,1,3,9,9,1.1594427735473674
MET031,1,4,0,0,1.956597593619348
MET031,1,4,0,1,1.8318601248323061
MET031,1,4,0,2,1.9282737559899927
MET031,1,4,0,3,1.6970009911052129
MET031,1,4,0,4,1.1841007585036012
MET031,1,4,0,5,1.4266720247137432
MET031,1,4,0,6,0.95661273537159597
MET031,1,4,0,7,1.3927462287526848
MET031,1,4,0,8,1.4201738959986332
MET031,1,4,0,9,1.1932641192647091
MET031,1,4,1,0,1.7754380010816939
MET031,1,4,1,1,1.577641213802417
MET031,1,4,1,2,1.0929068312193335
MET031,1,4,1,3,1.3103570403248437
MET031,1,4,1,4,1.3405617600763893
MET031,1,4,1,5,0.98810346315467956
MET031,1,4,1,6,1.4714057392003572
MET031,1,4,1,7,1.3087653224130502
MET031,1,4,1,8,1.0205755031996249
MET031,1,4,1,9,1.0329228788826432
MET031,1,4,2,0,1.4102033061397308
MET031,1,4,2,1,1.370173337904395
MET031,1,4,2,2,1.0108444570842268
MET031,1,4,2,3,0.92463102828108423
MET031,1,4,2,4,1.0472500132426781
MET031,1,4,2,5,1.2794182248568049
MET031,1,4,2,6,1.0947789114495965
MET031,1,4,2,7,0.993295479548579
MET031,1,4,2,8,1.0021114645636713
MET031,1,4,2,9,0.8021619840820764
MET031,1,4,3,0,1.313122366112611
MET031,1,4,3,1,1.1231511791393542
MET031,1,4,3,2,0.99690521094057183
MET031,1,4,3,3,1.2412393910531061
MET031,1,4,3,4,0.85919521759323947
MET031,1,4,3,5,1.129981205159339
MET031,1,4,3,6,0.86988819173232546
MET031,1,4,3,7,0.92637841315187042
MET031,1,4,3,8,0.86217739053796472
MET031,1,4,3,9,0.71112287104226135
MET031,1,4,4,0,1.0871297840066327
MET031,1,4,4,1,1.2839702506215105
MET031,1,4,4,2,1.0091931680244259
MET031,1,4,4,3,0.991346203969944
MET031,1,4,4,4,0.74160192345654918
MET031,1,4,4,5,0.83456615301984183
MET031,1,4,4,6,0.74890698599621941
MET031,1,4,4,7,0.64192083021982427
MET031,1,4,4,8,0.98515666712441197
MET031,1,4,4,9,0.89070861493357523
MET031,1,4,5,0,0.80397567022205996
MET031,1,4,5,1,1.0877236951032518
MET031,1,4,5,2,0.84605714002512267
MET031,1,4,5,3,0.68232751477100462
MET031,1,4,5,4,0.75739421209422564
MET031,1,4,5,5,0.87831236995949524
MET031,1,4,5,6,0.7786365409374747
MET031,1,4,5,7,0.77624451878383294
MET031,1,4,5,8,0.98261307066756043
MET031,1,4,5,9,0.90352671731929723
MET031,1,4,6,0,0.80664353853344906
MET031,1,4,6,1,0.74175964790423277
MET031,1,4,6,2,0.81006597462757246
MET031,1,4,6,3,0.94200263336258205
MET031,1,4,6,4,0.90699044889206082
MET031,1,4,6,5,1.0228859782322948
MET031,1,4,6,6,0.8962724159215163
MET031,1,4,6,7,0.92904379463038855
MET031,1,4,6,8,1.156785299760368
MET031,1,4,6,9,1.0529162181407361
MET031,1,4,7,0,0.98823793572901941
MET031,1,4,7,1,1.2999061726471
MET031,1,4,7,2,0.86160986593426026
MET031,1,4,7,3,1.0027309157992252
MET031,1,4,7,4,1.1001304165167278
MET031,1,4,7,5,0.96423956009573397
MET031,1,4,7,6,0.84323567237721908
MET031,1,4,7,7,0.82496439631207952
MET031,1,4,7,8,0.99754328407792436
MET031,1,4,7,9,1.1480437168810185
MET031,1,4,8,0,1.091071227205247
MET031,1,4,8,1,1.2446655550660797
MET031,1,4,8,2,1.0913454919303147
MET031,1,4,8,3,0.87457030882329356
MET031,1,4,8,4,0.92542521031377878
MET031,1,4,8,5,0.82885717709018025
MET031,1,4,8,6,1.0488201604615437
MET031,1,4,8,7,1.2968933017316004
MET031,1,4,8,8,0.87904704911441855
MET031,1,4,8,9,0.98388994431643717
MET031,1,4,9,0,1.1023067080372639
MET031,1,4,9,1,1.136653842366893
MET031,1,4,9,2,0.96225828225898302
MET031,1,4,9,3,0.92002380497951119
MET031,1,4,9,4,0.97332107413822877
MET031,1,4,9,5,0.86589171423002909
MET031,1,4,9,6,1.0645131396082892
MET031,1,4,9,7,0.97852908946758499
MET031,1,4,9,8,1.2170001291957953
MET031,1,4,9,9,1.148334163535196
MET032,1,1,0,0,0.89375601627595858
MET032,1,1,0,1,1.163492112513334
MET032,1,1,0,2,0.94196836749933222
MET032,1,1,0,3,0.7337579753163419
MET032,1,1,0,4,0.72056671679355011
MET032,1,1,0,5,0.8448138136137443
MET032,1,1,0,6,0.88547810993799891
MET032,1,1,0,7,0.94287319723038165
MET032,1,1,0,8,0.87255112827414627
MET032,1,1,0,9,0.83319068337323698
MET032,1,1,1,0,1.0612260152014552
MET032,1,1,1,1,0.72671174742607081
MET032,1,1,1,2,0.87754186276124668
MET032,1,1,1,3,0.75258669981336546
MET032,1,1,1,4,0.88587937901889557
MET032,1,1,1,5,0.83401010819387134
MET032,1,1,1,6,0.74231200976101874
MET032,1,1,1,7,0.72197388321139677
MET032,1,1,1,8,0.83301625110398581
MET032,1,1,1,9,0.84297619212941521
MET032,1,1,2,0,0.90878770753616744
MET032,1,1,2,1,0.88379724165250251
MET032,1,1,2,2,0.76053267017095372
MET032,1,1,2,3,0.89156359124716988
MET032,1,1,2,4,0.92482537779798157
MET032,1,1,2,5,0.74276942628545206
MET032,1,1,2,6,0.95463893364683938
MET032,1,1,2,7,0.8002967602833212
MET032,1,1,2,8,0.8419377387014475
MET032,1,1,2,9,0.91808897786432675
MET032,1,1,3,0,0.87211676608164657
MET032,1,1,3,1,0.85998540483071295
MET032,1,1,3,2,0.94733457231134199
MET032,1,1,3,3,0.78141843879207218
MET032,1,1,3,4,0.81875456533750457
MET032,1,1,3,5,0.78088473894215349
MET032,1,1,3,6,0.93734152879044363
MET032,1,1,3,7,0.88424520002811591
MET032,1,1,3,8,0.8451893672241978
MET032,1,1,3,9,0.95263762292372978
MET032,1,1,4,0,0.80136241245776962
MET032,1,1,4,1,0.90540384365512161
MET032,1,1,4,2,0.95821624599611765
MET032,1,1,4,3,0.7314557335206312
MET032,1,1,4,4,0.7551384110779541
MET032,1,1,4,5,0.78516878018214342
MET032,1,1,4,6,0.75076079131321283
MET032,1,1,4,7,1.1415574101505532
MET032,1,1,4,8,1.0384080746216875
MET032,1,1,4,9,0.9844112301498914
MET032,1,1,5,0,0.72732860992493875
MET032,1,1,5,1,0.78768756518808924
MET032,1,1,5,2,0.80067557321862193
MET032,1,1,5,3,0.84173057395433137
MET032,1,1,5,4,0.67194864821958467
MET032,1,1,5,5,0.86523834330816007
MET032,1,1,5,6,0.86504933391634642
MET032,1,1,5,7,0.81372571417430428
MET032,1,1,5,8,0.88596891199367822
MET032,1,1,5,9,1.0902016435623665
MET032,1,1,6,0,0.79298603305580362
MET032,1,1,6,1,0.85045044965774497
MET032,1,1,6,2,0.86164893749743676
MET032,1,1,6,3,0.78869180298240926
MET032,1,1,6,4,0.72534188129731292
MET032,1,1,6,5,0.86907097897127872
MET032,1,1,6,6,0.8185492002708048
MET032,1,1,6,7,0.79069776497866184
MET032,1,1,6,8,1.0296663726269346
MET032,1,1,6,9,0.95015803097645879
MET032,1,1,7,0,0.80609779736503373
MET032,1,1,7,1,0.84394859063519345
MET032,1,1,7,2,0.70136343639561893
MET032,1,1,7,3,0.91238884598942616
MET032,1,1,7,4,0.8027234021277535
MET032,1,1,7,5,0.7852705268449065
MET032,1,1,7,6,0.72719327821976631
MET032,1,1,7,7,1.0037861035859723
MET032,1,1,7,8,0.93820166025105445
MET032,1,1,7,9,0.88172200803707046
MET032,1,1,8,0,0.84346637283144044
MET032,1,1,8,1,0.87892281454558296
MET032,1,1,8,2,0.71996120624162885
MET032,1,1,8,3,0.93164219247653124
MET032,1,1,8,4,0.87259881936536521
MET032,1,1,8,5,0.70924939071240545
MET032,1,1,8,6,0.8553158664575703
MET032,1,1,8,7,0.81511177014506708
MET032,1,1,8,8,0.67546355946863001
MET032,1,1,8,9,1.0417952465352855
MET032,1,1,9,0,0.78091330756220589
MET032,1,1,9,1,0.78927379371368278
MET032,1,1,9,2,0.77085363932350748
MET032,1,1,9,3,0.99582901314429362
MET032,1,1,9,4,0.76063485441679346
MET032,1,1,9,5,0.83502924784745525
MET032,1,1,9,6,1.0304099700550919
MET032,1,1,9,7,0.99016426650894318
MET032,1,1,9,8,0.9644388353944664
MET032,1,1,9,9,0.88482734038587341
MET032,1,2,0,0,0.82110017370024835
MET032,1,2,0,1,0.96369381541970156
MET032,1,2,0,2,1.0357396967647321
MET032,1,2,0,3,0.84055682893358596
MET032,1,2,0,4,0.73920930308055954
MET032,1,2,0,5,0.91445682127410755
MET032,1,2,0,6,0.81598029788730408
MET032,1,2,0,7,0.69260233685783046
MET032,1,2,0,8,0.84459213838810865
MET032,1,2,0,9,0.78525903407861963
MET032,1,2,1,0,0.78048462604233726
MET032,1,2,1,1,0.93127935254244099
MET032,1,2,1,2,0.79598456719925748
MET032,1,2,1,3,0.80577204073023323
MET032,1,2,1,4,0.75164896055541086
MET032,1,2,1,5,0.79289884022099411
MET032,1,2,1,6,0.76299573437247703
MET032,1,2,1,7,0.87699951116477592
MET032,1,2,1,8,0.79762228391784151
MET032,1,2,1,9,0.87732131501095889
MET032,1,2,2,0,0.82755739071318724
MET032,1,2,2,1,0.80658007719016078
MET032,1,2,2,2,0.68782028774252857
MET032,1,2,2,3,0.78402773747150756
MET032,1,2,2,4,0.70681100432100097
MET032,1,2,2,5,0.78747707857771521
MET032,1,2,2,6,0.66776826699023628
MET032,1,2,2,7,0.71042087199169579
MET032,1,2,2,8,0.78193382876389916
MET032,1,2,2,9,0.80062370371361447
MET032,1,2,3,0,0.91445886825096301
MET032,1,2,3,1,0.72076482077210846
MET032,1,2,3,2,0.66430210633739017
MET032,1,2,3,3,0.67229909533475929
MET032,1,2,3,4,0.71150927977456224
MET032,1,2,3,5,0.68273361253209663
MET032,1,2,3,6,0.89214571788849995
MET032,1,2,3,7,0.74043980862437231
MET032,1,2,3,8,0.72852067030482592
MET032,1,2,3,9,0.91230596348115522
MET032,1,2,4,0,0.97043023646991322
MET032,1,2,4,1,0.67470075138784391
MET032,1,2,4,2,0.85265532566953084
MET032,1,2,4,3,0.75898628867749129
MET032,1,2,4,4,0.70489543825070411
MET032,1,2,4,5,0.763278562361414
MET032,1,2,4,6,0.7046659069894371
MET032,1,2,4,7,0.85848187623751027
MET032,1,2,4,8,0.73155923318544303
MET032,1,2,4,9,0.85403240383443291
MET032,1,2,5,0,0.77475076943046794
MET032,1,2,5,1,0.69371509330997549
MET032,1,2,5,2,0.86312004723866498
MET032,1,2,5,3,0.8732420094824147
MET032,1,2,5,4,0.82186895540312177
MET032,1,2,5,5,0.85139791828102351
MET032,1,2,5,6,0.73494182716096246
MET032,1,2,5,7,0.78057862739011497
MET032,1,2,5,8,1.0371282290982211
MET032,1,2,5,9,0.86112940291319928
MET032,1,2,6,0,0.70778642345773202
MET032,1,2,6,1,0.82800315539202518
MET032,1,2,6,2,0.68479218970017852
MET032,1,2,6,3,0.70722184832259527
MET032,1,2,6,4,0.80495130208546495
MET032,1,2,6,5,0.81380135026067946
MET032,1,2,6,6,0.77758237926036478
MET032,1,2,6,7,0.80135050826649756
MET032,1,2,6,8,0.78457649574490052
MET032,1,2,6,9,0.90404726189244022
MET032,1,2,7,0,0.79905310611888791
MET032,1,2,7,1,0.87943924590714195
MET032,1,2,7,2,0.76187725715659727
MET032,1,2,7,3,0.82950830559880806
MET032,1,2,7,4,0.84564894663905266
MET032,1,2,7,5,0.80998026229840192
MET032,1,2,7,6,0.7605670442773671
MET032,1,2,7,7,0.66919516303677296
MET032,1,2,7,8,0.78781168725917428
MET032,1,2,7,9,0.6529081656501361
MET032,1,2,8,0,0.85895175302182103
MET032,1,2,8,1,0.90761383863067924
MET032,1,2,8,2,0.78562390384191161
MET032,1,2,8,3,0.68521520212311582
MET032,1,2,8,4,0.85828487472165471
MET032,1,2,8,5,0.77514123445798921
MET032,1,2,8,6,0.81202172809900597
MET032,1,2,8,7,0.87246234654831478
MET032,1,2,8,8,0.63866197574759109
MET032,1,2,8,9,0.95159778592342759
MET032,1,2,9,0,0.75936592944615089
MET032,1,2,9,1,0.7007822833182038
MET032,1,2,9,2,0.8500707473164999
MET032,1,2,9,3,0.71541154905490023
MET032,1,2,9,4,0.76780560756612026
MET032,1,2,9,5,0.75166084108868014
MET032,1,2,9,6,0.72853563057202753
MET032,1,2,9,7,0.76783524946558546
MET032,1,2,9,8,0.82400962173994996
MET032,1,2,9,9,0.93298693419348999
MET032,1,3,0,0,0.90277613960685699
MET032,1,3,0,1,1.0231593618707155
MET032,1,3,0,2,0.79198356395570702
MET032,1,3,0,3,0.98407933063680719
MET032,1,3,0,4,0.97865159804042279
MET032,1,3,0,5,1.1329159672097548
MET032,1,3,0,6,0.93111329575171475
MET032,1,3,0,7,0.89409916829299962
MET032,1,3,0,8,0.87680987829305534
MET032,1,3,0,9,1.016954537595735
MET032,1,3,1,0,1.1554306677534647
MET032,1,3,1,1,0.89371235762370893
MET032,1,3,1,2,0.96936050908281257
MET032,1,3,1,3,1.024546428809409
MET032,1,3,1,4,0.73787423477233083
MET032,1,3,1,5,0.91049302070161697
MET032,1,3,1,6,0.89083184824053996
MET032,1,3,1,7,0.87211963449174756
MET032,1,3,1,8,0.76086864080609373
MET032,1,3,1,9,0.96849859486751277
MET032,1,3,2,0,0.95677728200421797
MET032,1,3,2,1,0.84795707265955078
MET032,1,3,2,2,0.76847969365314828
MET032,1,3,2,3,0.8476806833610937
MET032,1,3,2,4,0.75569046220173464
MET032,1,3,2,5,0.91691306490305102
MET032,1,3,2,6,0.74527038085678576
MET032,1,3,2,7,0.81253310278540003
MET032,1,3,2,8,1.2189212773470577
MET032,1,3,2,9,0.96753104567892378
MET032,1,3,3,0,0.96882761638854076
MET032,1,3,3,1,0.98945704077643803
MET032,1,3,3,2,0.74435183922060333
MET032,1,3,3,3,0.75112765523248448
MET032,1,3,3,4,0.94404838378842437
MET032,1,3,3,5,1.0518388513639312
MET032,1,3,3,6,0.83664779186256344
MET032,1,3,3,7,0.87168258375412022
MET032,1,3,3,8,0.91360713994054765
MET032,1,3,3,9,0.77968520448442336
MET032,1,3,4,0,0.77165630250455164
MET032,1,3,4,1,0.94602980736086839
MET032,1,3,4,2,0.96301054839939038
MET032,1,3,4,3,0.70739009572521805
MET032,1,3,4,4,0.83978453723307622
MET032,1,3,4,5,0.68059778130807214
MET032,1,3,4,6,0.7007299578938605
MET032,1,3,4,7,0.82795006625544665
MET032,1,3,4,8,0.91885024951541605
MET032,1,3,4,9,0.91671278580058724
MET032,1,3,5,0,1.0115538095315364
MET032,1,3,5,1,0.91792862612210324
MET032,1,3,5,2,0.77795903329827409
MET032,1,3,5,3,0.96534241170812196
MET032,1,3,5,4,0.7041984381339319
MET032,1,3,5,5,0.70478747061979741
MET032,1,3,5,6,0.82638030215174951
MET032,1,3,5,7,0.70236712740065521
MET032,1,3,5,8,0.93648795414731745
MET032,1,3,5,9,0.81251519515867177
MET032,1,3,6,0,0.78012568670600746
MET032,1,3,6,1,0.80625632428942307
MET032,1,3,6,2,0.87607214226055352
MET032,1,3,6,3,0.77193611283328833
MET032,1,3,6,4,0.78253446993338471
MET032,1,3,6,5,0.75583862763612142
MET032,1,3,6,6,0.79161304725575865
MET032,1,3,6,7,0.85070579440573901
MET032,1,3,6,8,0.68640546782941614
MET032,1,3,6,9,0.9763274801550974
MET032,1,3,7,0,0.80127701564053266
MET032,1,3,7,1,0.93435110777731323
MET032,1,3,7,2,0.74488394807302738
MET032,1,3,7,3,0.87893770340937005
MET032,1,3,7,4,0.86684420457270206
MET032,1,3,7,5,0.68521421510362912
MET032,1,3,7,6,1.0135376773455316
MET032,1,3,7,7,1.0448315207263412
MET032,1,3,7,8,0.95043425702904039
MET032,1,3,7,9,0.7571365007433678
MET032,1,3,8,0,0.77230686286908756
MET032,1,3,8,1,0.86116242947227484
MET032,1,3,8,2,0.86323874078386043
MET032,1,3,8,3,0.95210342400323844
MET032,1,3,8,4,0.79530062185394101
MET032,1,3,8,5,0.86243641863057607
MET032,1,3,8,6,1.1102840401664025
MET032,1,3,8,7,0.95197420820596224
MET032,1,3,8,8,0.83542091637153026
MET032,1,3,8,9,1.2350807607382284
MET032,1,3,9,0,0.87325851510901631
MET032,1,3,9,1,0.79179947958151287
MET032,1,3,9,2,0.8659664001103492
MET032,1,3,9,3,0.79703361367806236
MET032,1,3,9,4,0.86431240194273329
MET032,1,3,9,5,0.91281117246357824
MET032,1,3,9,6,0.88418266985697558
MET032,1,3,9,7,0.87764744797298355
MET032,1,3,9,8,0.81733775353007565
MET032,1,3,9,9,0.99644933464959595
MET032,1,4,0,0,0.99402336806285596
MET032,1,4,0,1,0.86697181986186378
MET032,1,4,0,2,0.76857263338584136
MET032,1,4,0,3,0.90367176428374041
MET032,1,4,0,4,0.75398348667985371
MET032,1,4,0,5,0.96138723455862485
MET032,1,4,0,6,0.75828273902516374
MET032,1,4,0,7,0.86238437754960962
MET032,1,4,0,8,0.9995943346726176
MET032,1,4,0,9,1.0618519241013551
MET032,1,4,1,0,1.0248127833410141
MET032,1,4,1,1,0.83133392406742579
MET032,1,4,1,2,0.91123013767322958
MET032,1,4,1,3,0.90980175246149342
MET032,1,4,1,4,0.7173122237716173
MET032,1,4,1,5,0.9455321069359236
MET032,1,4,1,6,0.90150471308423796
MET032,1,4,1,7,0.77194978332075215
MET032,1,4,1,8,0.94536162341977881
MET032,1,4,1,9,0.91740389362249875
MET032,1,4,2,0,0.88380110115607369
MET032,1,4,2,1,0.88723749211919378
MET032,1,4,2,2,0.89185643028236394
MET032,1,4,2,3,1.0905905796214472
MET032,1,4,2,4,1.0050132735280457
MET032,1,4,2,5,0.91582285552627563
MET032,1,4,2,6,0.75422148163268232
MET032,1,4,2,7,0.86578467415714655
MET032,1,4,2,8,0.94243132133551799
MET032,1,4,2,9,0.88579011880393443
MET032,1,4,3,0,0.75209345629846458
MET032,1,4,3,1,0.71020058749573911
MET032,1,4,3,2,0.70287825927039549
MET032,1,4,3,3,0.93059884216094124
MET032,1,4,3,4,0.89932546110623768
MET032,1,4,3,5,0.97450250587656284
MET032,1,4,3,6,0.83654277694840284
MET032,1,4,3,7,0.95613377138971722
MET032,1,4,3,8,0.96320571936247845
MET032,1,4,3,9,1.0978112037884562
MET032,1,4,4,0,0.88475636170540006
MET032,1,4,4,1,0.82180784490957259
MET032,1,4,4,2,0.85346797489428172
MET032,1,4,4,3,0.90300165210656036
MET032,1,4,4,4,0.82630354124310645
MET032,1,4,4,5,0.8791799833092776
MET032,1,4,4,6,1.1672737875706438
MET032,1,4,4,7,1.0537224275170098
MET032,1,4,4,8,0.87694693826357928
MET032,1,4,4,9,0.82660131498278355
MET032,1,4,5,0,0.95486677206005222
MET032,1,4,5,1,0.9824580556338568
MET032,1,4,5,2,0.90649637174104758
MET032,1,4,5,3,0.81979834339616298
MET032,1,4,5,4,0.72453256670007449
MET032,1,4,5,5,0.80330568061573027
MET032,1,4,5,6,0.78142912445438173
MET032,1,4,5,7,0.94100144984231937
MET032,1,4,5,8,0.86514815351142416
MET032,1,4,5,9,0.73612734402560431
MET032,1,4,6,0,0.80195985515789547
MET032,1,4,6,1,0.91100290957402641
MET032,1,4,6,2,0.80983262726828742
MET032,1,4,6,3,0.78983407417839446
MET032,1,4,6,4,0.74804095912914581
MET032,1,4,6,5,0.78794434095642407
MET032,1,4,6,6,0.94512990063718738
MET032,1,4,6,7,0.91874122058910856
MET032,1,4,6,8,0.81669082159483208
MET032,1,4,6,9,0.84779175511643112
MET032,1,4,7,0,0.79067354881613283
MET032,1,4,7,1,0.9559351879647956
MET032,1,4,7,2,0.66852707471219763
MET032,1,4,7,3,0.84702305730771865
MET032,1,4,7,4,0.76369082198831484
MET032,1,4,7,5,0.80853390192933305
MET032,1,4,7,6,1.1396060698232076
MET032,1,4,7,7,0.67401341760106426
MET032,1,4,7,8,0.9279723429885256
MET032,1,4,7,9,0.70806343782938219
MET032,1,4,8,0,1.0765314597548681
MET032,1,4,8,1,1.0073488827463914
MET032,1,4,8,2,0.97472203829268245
MET032,1,4,8,3,0.76438367240691296
MET032,1,4,8,4,0.85068793155521294
MET032,1,4,8,5,0.65559300689397138
MET032,1,4,8,6,0.79070561579035459
MET032,1,4,8,7,0.85931875957262605
MET032,1,4,8,8,0.96663002598079883
MET032,1,4,8,9,0.96437202367513042
MET032,1,4,9,0,0.89116928849546195
MET032,1,4,9,1,0.86462162190710157
MET032,1,4,9,2,1.025666600625214
MET032,1,4,9,3,0.75797136566318235
MET032,1,4,9,4,1.0333252132111319
MET032,1,4,9,5,0.76385605910737597
MET032,1,4,9,6,0.78021756222644101
MET032,1,4,9,7,0.89201370118490142
MET032,1,4,9,8,0.80921206280166869
MET032,1,4,9,9,0.91062578475746359
MET033,1,1,0,0,1.3398925279412346
MET033,1,1,0,1,1.5180236623729433
MET033,1,1,0,2,1.2353776533450418
MET033,1,1,0,3,1.2243989571360978
MET033,1,1,0,4,1.1924650221300004
MET033,1,1,0,5,1.2017337895034614
MET033,1,1,0,6,1.1937128454486905
MET033,1,1,0,7,0.95572813403580736
MET033,1,1,0,8,0.72206847125046136
MET033,1,1,0,9,1.1901511366849693
MET033,1,1,1,0,1.5950291336030409
MET033,1,1,1,1,0.98197122903221201
MET033,1,1,1,2,1.0910097804881578
MET033,1,1,1,3,1.1962398271805581
MET033,1,1,1,4,1.6655363084815971
MET033,1,1,1,5,1.6400936860862152
MET033,1,1,1,6,0.86745629359213949
MET033,1,1,1,7,0.94353583070277158
MET033,1,1,1,8,1.0416965037020871
MET033,1,1,1,9,1.2377723664567757
MET033,1,1,2,0,1.0725564109538022
MET033,1,1,2,1,1.052973042425176
MET033,1,1,2,2,1.0331449068284235
MET033,1,1,2,3,1.3705017491803249
MET033,1,1,2,4,1.3059295920576093
MET033,1,1,2,5,1.2300752150456598
MET033,1,1,2,6,1.0150081018128023
MET033,1,1,2,7,0.77111016895672724
MET033,1,1,2,8,0.86944054125635128
MET033,1,1,2,9,1.385949690031026
MET033,1,1,3,0,0.94250968315648542
MET033,1,1,3,1,1.0412866726554548
MET033,1,1,3,2,1.2751001001475764
MET033,1,1,3,3,1.1241882488527597
MET033,1,1,3,4,1.2013128824833288
MET033,1,1,3,5,0.88366733012561927
MET033,1,1,3,6,0.8321161431882228
MET033,1,1,3,7,0.91328655849478557
MET033,1,1,3,8,0.78040815797211083
MET033,1,1,3,9,1.2554650909596441
MET033,1,1,4,0,1.0961616420723701
MET033,1,1,4,1,1.282700758532755
MET033,1,1,4,2,1.180828832544671
MET033,1,1,4,3,1.2311611401221776
MET033,1,1,4,4,0.71427987053190278
MET033,1,1,4,5,0.68886329642460331
MET033,1,1,4,6,1.0383128028068804
MET033,1,1,4,7,0.85556188738315075
MET033,1,1,4,8,1.0832913222151108
MET033,1,1,4,9,1.2944446838410968
MET033,1,1,5,0,1.2059640549198538
MET033,1,1,5,1,1.0699026851442213
MET033,1,1,5,2,1.3667937576696612
MET033,1,1,5,3,1.4923965344490453
MET033,1,1,5,4,0.75982643334952915
MET033,1,1,5,5,0.97729868437561396
MET033,1,1,5,6,0.93511154507790839
MET033,1,1,5,7,1.1188828733352696
MET033,1,1,5,8,1.0923995785517464
MET033,1,1,5,9,1.186974775412581
MET033,1,1,6,0,1.1550604003542904
MET033,1,1,6,1,1.2251389712140988
MET033,1,1,6,2,1.22089761201625
MET033,1,1,6,3,0.88884182151560776
MET033,1,1,6,4,0.76245088595957267
MET033,1,1,6,5,1.0762893241006124
MET033,1,1,6,6,1.0999016290551449
MET033,1,1,6,7,1.2193110426843083
MET033,1,1,6,8,1.1699221760064524
MET033,1,1,6,9,1.2567432878594813
MET033,1,1,7,0,0.94100919216901557
MET033,1,1,7,1,1.3396345862584695
MET033,1,1,7,2,0.7894246159938203
MET033,1,1,7,3,0.89651801125776165
MET033,1,1,7,4,1.2441504037168347
MET033,1,1,7,5,0.81384751505641306
MET033,1,1,7,6,0.8919441236016572
MET033,1,1,7,7,0.97523137315151565
MET033,1,1,7,8,1.3104027529005984
MET033,1,1,7,9,1.1830546540417808
MET033,1,1,8,0,1.307489862175385
MET033,1,1,8,1,1.0580816513855642
MET033,1,1,8,2,0.83728112639766061
MET033,1,1,8,3,1.1067382038441811
MET033,1,1,8,4,1.2647208609239078
MET033,1,1,8,5,0.98772726981769565
MET033,1,1,8,6,1.4117855719954595
MET033,1,1,8,7,1.2895618412389571
MET033,1,1,8,8,0.98601047995799762
MET033,1,1,8,9,1.264515827289536
MET033,1,1,9,0,1.034015179272973
MET033,1,1,9,1,0.76142663256237797
MET033,1,1,9,2,0.8843770450114069
MET033,1,1,9,3,1.1596025751099952
MET033,1,1,9,4,1.0064184655812709
MET033,1,1,9,5,0.99556806076500237
MET033,1,1,9,6,1.2385117793303255
MET033,1,1,9,7,1.0869823965535974
MET033,1,1,9,8,1.0297761327539643
MET033,1,1,9,9,1.0637255965157786
MET033,1,2,0,0,1.2419785729655348
MET033,1,2,0,1,1.286139127669828
MET033,1,2,0,2,1.2500212824030461
MET033,1,2,0,3,1.3685906476197338
MET033,1,2,0,4,1.5039843933431931
MET033,1,2,0,5,1.2518037942071532
MET033,1,2,0,6,1.1399219298891332
MET033,1,2,0,7,0.96950820889391642
MET033,1,2,0,8,0.74016308939163156
MET033,1,2,0,9,0.85906813372587321
MET033,1,2,1,0,1.471537555844828
MET033,1,2,1,1,1.1362992083501025
MET033,1,2,1,2,1.1393567767994333
MET033,1,2,1,3,1.195687616562648
MET033,1,2,1,4,1.3050537339812878
MET033,1,2,1,5,1.0222258179354298
MET033,1,2,1,6,0.95597706367602364
MET033,1,2,1,7,0.58704388532779639
MET033,1,2,1,8,0.78655928591094526
MET033,1,2,1,9,1.0068456770052241
MET033,1,2,2,0,1.0114681385812665
MET033,1,2,2,1,0.91433397676278516
MET033,1,2,2,2,0.9659187685251136
MET033,1,2,2,3,1.3343525936514815
MET033,1,2,2,4,1.38350448852032
MET033,1,2,2,5,0.88620892720313738
MET033,1,2,2,6,0.78423562377451261
MET033,1,2,2,7,0.8182176342258014
MET033,1,2,2,8,0.89207242479616033
MET033,1,2,2,9,1.2702225526935431
MET033,1,2,3,0,0.95393447566531964
MET033,1,2,3,1,0.94800286918133325
MET033,1,2,3,2,1.19989084690812
MET033,1,2,3,3,0.89530310271719615
MET033,1,2,3,4,0.89847274381070874
MET033,1,2,3,5,1.0743421021535082
MET033,1,2,3,6,0.82915524824533171
MET033,1,2,3,7,1.0259136465600405
MET033,1,2,3,8,1.0808933281275437
MET033,1,2,3,9,1.278143709979203
MET033,1,2,4,0,0.99979979414677644
MET033,1,2,4,1,1.1199950491216859
MET033,1,2,4,2,1.2732553100824042
MET033,1,2,4,3,1.0193149873386729
MET033,1,2,4,4,1.070505318769911
MET033,1,2,4,5,0.69533588720658135
MET033,1,2,4,6,1.0962665642812439
MET033,1,2,4,7,0.8986386996417951
MET033,1,2,4,8,1.268533800861924
MET033,1,2,4,9,1.223104970215307
MET033,1,2,5,0,1.1574283112737311
MET033,1,2,5,1,1.3236950491309061
MET033,1,2,5,2,1.3642650310381632
MET033,1,2,5,3,0.92844417484190522
MET033,1,2,5,4,0.82866109057346282
MET033,1,2,5,5,0.87496890795397753
MET033,1,2,5,6,0.80393655883806581
MET033,1,2,5,7,0.99089629622207276
MET033,1,2,5,8,1.1891162035260521
MET033,1,2,5,9,1.1405221977672271
MET033,1,2,6,0,1.0107959191083034
MET033,1,2,6,1,0.86381042590666923
MET033,1,2,6,2,1.2532391040915258
MET033,1,2,6,3,0.80810675857394421
MET033,1,2,6,4,0.84389853638857626
MET033,1,2,6,5,0.81045411683893243
MET033,1,2,6,6,1.1313431664032676
MET033,1,2,6,7,1.2342140343571619
MET033,1,2,6,8,0.98291408205393882
MET033,1,2,6,9,0.81943620803369521
MET033,1,2,7,0,1.2143585290397323
MET033,1,2,7,1,0.85117589239594005
MET033,1,2,7,2,0.91064234826970403
MET033,1,2,7,3,0.8172953849829353
MET033,1,2,7,4,0.81417543044306351
MET033,1,2,7,5,0.90912621940042959
MET033,1,2,7,6,0.78254940646820825
MET033,1,2,7,7,0.9704896069218012
MET033,1,2,7,8,1.1021103624223691
MET033,1,2,7,9,1.1049046605404471
MET033,1,2,8,0,0.73042280700867346
MET033,1,2,8,1,0.83472701701386653
MET033,1,2,8,2,0.70703014812869203
MET033,1,2,8,3,0.76282873478246283
MET033,1,2,8,4,0.95600195032306923
MET033,1,2,8,5,1.0933373674654856
MET033,1,2,8,6,1.1335786133651551
MET033,1,2,8,7,1.2308921679910629
MET033,1,2,8,8,1.1007648472895266
MET033,1,2,8,9,0.86479716704703236
MET033,1,2,9,0,1.0111693487087099
MET033,1,2,9,1,0.92442586723380804
MET033,1,2,9,2,0.83700666879603436
MET033,1,2,9,3,1.051982790768893
MET033,1,2,9,4,1.3453918112893042
MET033,1,2,9,5,1.0871260425144915
MET033,1,2,9,6,1.0625109573292042
MET033,1,2,9,7,1.2860028104394063
MET033,1,2,9,8,1.1106645950632754
MET033,1,2,9,9,1.056472004731998
MET033,1,3,0,0,1.314511199926554
MET033,1,3,0,1,1.1870875540601642
MET033,1,3,0,2,1.1367946259719151
MET033,1,3,0,3,0.97392358024090564
MET033,1,3,0,4,1.4014360978140437
MET033,1,3,0,5,1.3797858033696004
MET033,1,3,0,6,1.1604466884633866
MET033,1,3,0,7,0.97358721850469798
MET033,1,3,0,8,0.71559003557485146
MET033,1,3,0,9,0.91248699702583724
MET033,1,3,1,0,1.1790490474657516
MET033,1,3,1,1,1.2663523200442841
MET033,1,3,1,2,1.1207446990506102
MET033,1,3,1,3,1.1576173596178203
MET033,1,3,1,4,1.1160693430174145
MET033,1,3,1,5,1.3199252017366221
MET033,1,3,1,6,1.1478411639291917
MET033,1,3,1,7,0.65274460063883222
MET033,1,3,1,8,0.88168380475395269
MET033,1,3,1,9,0.84836307037698988
MET033,1,3,2,0,1.1215709826948743
MET033,1,3,2,1,1.0395627780366381
MET033,1,3,2,2,1.0487108669984593
MET033,1,3,2,3,1.0576928779580643
MET033,1,3,2,4,1.3300939536635412
MET033,1,3,2,5,0.81956839895845124
MET033,1,3,2,6,0.81697495877262671
MET033,1,3,2,7,0.6509615203276673
MET033,1,3,2,8,0.6827549164722142
MET033,1,3,2,9,1.0383691513397857
MET033,1,3,3,0,1.0814651233136643
MET033,1,3,3,1,1.1524633661599506
MET033,1,3,3,2,1.1799645489667052
MET033,1,3,3,3,1.2963813317235622
MET033,1,3,3,4,1.0205987420713292
MET033,1,3,3,5,0.79535322469061831
MET033,1,3,3,6,0.87382221428479401
MET033,1,3,3,7,1.0228228572862603
MET033,1,3,3,8,1.0535207951601968
MET033,1,3,3,9,1.0707085043584117
MET033,1,3,4,0,1.2001816738536892
MET033,1,3,4,1,1.0599482843709724
MET033,1,3,4,2,1.3355556415940288
MET033,1,3,4,3,1.2682013855389576
MET033,1,3,4,4,1.190740183413737
MET033,1,3,4,5,0.78474134590524103
MET033,1,3,4,6,0.99360943396459278
MET033,1,3,4,7,1.0005431735036301
MET033,1,3,4,8,1.1227506149560096
MET033,1,3,4,9,1.4270857493036082
MET033,1,3,5,0,1.0852138490019287
MET033,1,3,5,1,1.1660138971451943
MET033,1,3,5,2,1.0340633615630972
MET033,1,3,5,3,1.0468655619058638
MET033,1,3,5,4,0.69174760441575633
MET033,1,3,5,5,1.0540793691468719
MET033,1,3,5,6,1.0760030601455131
MET033,1,3,5,7,1.0417731439173417
MET033,1,3,5,8,0.88030943390199046
MET033,1,3,5,9,1.0309246296275023
MET033,1,3,6,0,1.2479404160598822
MET033,1,3,6,1,1.2847980165078241
MET033,1,3,6,2,0.88983824319844451
MET033,1,3,6,3,0.70177796967328498
MET033,1,3,6,4,0.90299623079731162
MET033,1,3,6,5,1.0039382564299086
MET033,1,3,6,6,1.0541155926408192
MET033,1,3,6,7,1.1911532625010857
MET033,1,3,6,8,1.1026335763271573
MET033,1,3,6,9,0.90011799483138955
MET033,1,3,7,0,0.96609830242667105
MET033,1,3,7,1,0.96087219976707117
MET033,1,3,7,2,0.76946892377006726
MET033,1,3,7,3,0.72171215432821911
MET033,1,3,7,4,1.2926007759363105
MET033,1,3,7,5,0.99605080651441258
MET033,1,3,7,6,1.2737565732949201
MET033,1,3,7,7,1.0060082498084923
MET033,1,3,7,8,1.2225590508669917
MET033,1,3,7,9,1.3725981750777578
MET033,1,3,8,0,0.96084844306447925
MET033,1,3,8,1,0.79169257716509289
MET033,1,3,8,2,0.75616325057688849
MET033,1,3,8,3,0.8313351498278726
MET033,1,3,8,4,1.1682454466351453
MET033,1,3,8,5,1.0870763896530489
MET033,1,3,8,6,0.80983525833855285
MET033,1,3,8,7,1.1376795508535416
MET033,1,3,8,8,1.1381145957985148
MET033,1,3,8,9,0.88121332468092217
MET033,1,3,9,0,0.78010659454565334
MET033,1,3,9,1,0.92131393716173859
MET033,1,3,9,2,0.97559542939020083
MET033,1,3,9,3,1.1369463879180244
MET033,1,3,9,4,1.1498936409989315
MET033,1,3,9,5,1.2414344286729957
MET033,1,3,9,6,1.3014478195869523
MET033,1,3,9,7,0.95168257864745043
MET033,1,3,9,8,1.2141221807304916
MET033,1,3,9,9,1.062710315000569
MET033,1,4,0,0,1.1009256669192868
MET033,1,4,0,1,1.1910521373478971
MET033,1,4,0,2,1.067853445007976
MET033,1,4,0,3,1.1895029019415424
MET033,1,4,0,4,0.95481480257250317
MET033,1,4,0,5,1.1747849371163219
MET033,1,4,0,6,1.0967200397672161
MET033,1,4,0,7,0.86781778629199668
MET033,1,4,0,8,0.81236737295923633
MET033,1,4,0,9,1.0605804488668866
MET033,1,4,1,0,1.3785941266820718
MET033,1,4,1,1,0.97017088222802017
MET033,1,4,1,2,1.026816822746569
MET033,1,4,1,3,1.2599708221664434
MET033,1,4,1,4,1.336287414520511
MET033,1,4,1,5,1.2128901260037892
MET033,1,4,1,6,1.291015795178448
MET033,1,4,1,7,0.81724457489293822
MET033,1,4,1,8,0.90791371563874035
MET033,1,4,1,9,0.85384534344998786
MET033,1,4,2,0,1.1629712071659399
MET033,1,4,2,1,1.0116329664054591
MET033,1,4,2,2,1.132428580379615
MET033,1,4,2,3,1.1694862051116262
MET033,1,4,2,4,1.2636426830518384
MET033,1,4,2,5,1.2637561735935581
MET033,1,4,2,6,0.80671731244486933
MET033,1,4,2,7,0.7814559735404798
MET033,1,4,2,8,0.9500238812987728
MET033,1,4,2,9,1.0176717277259837
MET033,1,4,3,0,1.0021258196978506
MET033,1,4,3,1,0.98827448765520842
MET033,1,4,3,2,1.3994014254335374
MET033,1,4,3,3,1.3458428206653119
MET033,1,4,3,4,0.91855828946127405
MET033,1,4,3,5,0.92354331594648365
MET033,1,4,3,6,0.74871941356892258
MET033,1,4,3,7,0.88603221469982851
MET033,1,4,3,8,0.89497832015880774
MET033,1,4,3,9,1.272152792613215
MET033,1,4,4,0,0.79791421869306189
MET033,1,4,4,1,1.3599048671685037
MET033,1,4,4,2,1.3451245430118992
MET033,1,4,4,3,1.2504554208500476
MET033,1,4,4,4,1.2146361912885748
MET033,1,4,4,5,0.76494640346426324
MET033,1,4,4,6,0.76665649297802041
MET033,1,4,4,7,1.1485362159358312
MET033,1,4,4,8,1.2258810718153119
MET033,1,4,4,9,1.0147923793736433
MET033,1,4,5,0,1.1768093602076779
MET033,1,4,5,1,1.3471291052354988
MET033,1,4,5,2,1.2514334043361166
MET033,1,4,5,3,1.259270492538143
MET033,1,4,5,4,0.7740644069460485
MET033,1,4,5,5,0.7722785042459982
MET033,1,4,5,6,0.88778623894452979
MET033,1,4,5,7,0.98190569791051885
MET033,1,4,5,8,1.0804951991188352
MET033,1,4,5,9,1.2350943928901728
MET033,1,4,6,0,1.2026067745872211
MET033,1,4,6,1,1.2263404644662841
MET033,1,4,6,2,1.2374286563179837
MET033,1,4,6,3,0.91224287312215357
MET033,1,4,6,4,0.8212350324708827
MET033,1,4,6,5,0.96477834871855517
MET033,1,4,6,6,1.2631423419648808
MET033,1,4,6,7,0.93979918954712083
MET033,1,4,6,8,0.97829997760354681
MET033,1,4,6,9,1.2243467957824956
MET033,1,4,7,0,0.95999586864370801
MET033,1,4,7,1,0.91652725670548796
MET033,1,4,7,2,0.79937534908417807
MET033,1,4,7,3,0.86475903276145671
MET033,1,4,7,4,0.97550697958907595
MET033,1,4,7,5,1.1601767338070224
MET033,1,4,7,6,1.1952277277136292
MET033,1,4,7,7,0.71400362076013091
MET033,1,4,7,8,1.0861725765690122
MET033,1,4,7,9,0.83268549173340367
MET033,1,4,8,0,0.90452578459968302
MET033,1,4,8,1,1.1214524205177907
MET033,1,4,8,2,0.94786423009905718
MET033,1,4,8,3,1.1207684914707321
MET033,1,4,8,4,1.2130680024611489
MET033,1,4,8,5,0.91178222756676697
MET033,1,4,8,6,1.27340081309838
MET033,1,4,8,7,0.97545737326824078
MET033,1,4,8,8,1.1756549436297463
MET033,1,4,8,9,1.2299405414646982
MET033,1,4,9,0,0.96071457026180784
MET033,1,4,9,1,0.82253304037121844
MET033,1,4,9,2,0.97976495481899484
MET033,1,4,9,3,1.2567469718006259
MET033,1,4,9,4,1.1497156891948159
MET033,1,4,9,5,1.2399664354892359
MET033,1,4,9,6,1.0932518472767805
MET033,1,4,9,7,0.8262754664310199
MET033,1,4,9,8,1.1475885100084471
MET033,1,4,9,9,0.99212075128668975
MET034,1,1,0,0,1.4282147536258027
MET034,1,1,0,1,1.4039140836443915
MET034,1,1,0,2,1.3973450933613909
MET034,1,1,0,3,1.1519039101009698
MET034,1,1,0,4,1.1942402624336468
MET034,1,1,0,5,1.1586387351064842
MET034,1,1,0,6,0.92689589629952884
MET034,1,1,0,7,0.88954255938651028
MET034,1,1,0,8,1.0599351199567053
MET034,1,1,0,9,0.867803805183744
MET034,1,1,1,0,1.3752647032237952
MET034,1,1,1,1,1.3528399589223954
MET034,1,1,1,2,1.2504225114587175
MET034,1,1,1,3,1.1039317726820723
MET034,1,1,1,4,1.0572708497976344
MET034,1,1,1,5,1.0063284017971357
MET034,1,1,1,6,0.89576647018878464
MET034,1,1,1,7,0.76289622887997732
MET034,1,1,1,8,0.77296679872899243
MET034,1,1,1,9,0.88833545233455369
MET034,1,1,2,0,1.1190382846404654
MET034,1,1,2,1,1.1192494709607037
MET034,1,1,2,2,1.1356330988018015
MET034,1,1,2,3,1.1717984263481711
MET034,1,1,2,4,0.82752510682940861
MET034,1,1,2,5,0.77184775719183429
MET034,1,1,2,6,0.83200003677282786
MET034,1,1,2,7,0.88160668295355205
MET034,1,1,2,8,0.7510725406157519
MET034,1,1,2,9,0.97061090513195125
MET034,1,1,3,0,1.0610814673534654
MET034,1,1,3,1,1.0981924886696144
MET034,1,1,3,2,1.135360820551419
MET034,1,1,3,3,1.0684192557935466
MET034,1,1,3,4,0.97375579221748043
MET034,1,1,3,5,0.76782338788585669
MET034,1,1,3,6,0.81706784309800051
MET034,1,1,3,7,0.96226086920430665
MET034,1,1,3,8,0.74723913412547838
MET034,1,1,3,9,0.76379673080350174
MET034,1,1,4,0,0.96841382005249521
MET034,1,1,4,1,1.1143943425458696
MET034,1,1,4,2,0.93872852082335756
MET034,1,1,4,3,0.92217205297514204
MET034,1,1,4,4,0.6809850495056835
MET034,1,1,4,5,0.7999252198386404
MET034,1,1,4,6,0.69086450798083965
MET034,1,1,4,7,0.78246234666848624
MET034,1,1,4,8,0.87080491361391477
MET034,1,1,4,9,1.053266991867718
MET034,1,1,5,0,1.1544916838434509
MET034,1,1,5,1,1.1271848413099628
MET034,1,1,5,2,0.99700735695869036
MET034,1,1,5,3,0.79146489098411399
MET034,1,1,5,4,0.64559801424041452
MET034,1,1,5,5,0.75027334237382293
MET034,1,1,5,6,0.85388974359801695
MET034,1,1,5,7,0.72574126631080449
MET034,1,1,5,8,0.95140918442883082
MET034,1,1,5,9,0.83086675768786478
MET034,1,1,6,0,1.1079541268748101
MET034,1,1,6,1,0.86178287636689932
MET034,1,1,6,2,0.81572817946655629
MET034,1,1,6,3,0.82617006851772257
MET034,1,1,6,4,0.62821255500163575
MET034,1,1,6,5,0.7729682148070498
MET034,1,1,6,6,0.74037130905605908
MET034,1,1,6,7,0.94272233007671402
MET034,1,1,6,8,0.8066849561123367
MET034,1,1,6,9,0.86310059298504804
MET034,1,1,7,0,0.82385674236804507
MET034,1,1,7,1,0.77803790671629081
MET034,1,1,7,2,0.7030129006877931
MET034,1,1,7,3,0.60162879068632147
MET034,1,1,7,4,0.72855371933083235
MET034,1,1,7,5,0.85345614842114637
MET034,1,1,7,6,0.96175621190146177
MET034,1,1,7,7,0.83969023783212615
MET034,1,1,7,8,1.1045589458247216
MET034,1,1,7,9,1.0429253554017766
MET034,1,1,8,0,0.79011061975241759
MET034,1,1,8,1,0.69952847744521596
MET034,1,1,8,2,0.90401710376397082
MET034,1,1,8,3,0.67828120316809892
MET034,1,1,8,4,0.74349039329820976
MET034,1,1,8,5,0.9443002574206304
MET034,1,1,8,6,0.84802732524111524
MET034,1,1,8,7,0.83500443351819986
MET034,1,1,8,8,1.1193291396818621
MET034,1,1,8,9,0.7701388450569806
MET034,1,1,9,0,0.92896755717965118
MET034,1,1,9,1,0.7574339828317922
MET034,1,1,9,2,0.70094760289585367
MET034,1,1,9,3,0.79987975120478372
MET034,1,1,9,4,0.82510626715356028
MET034,1,1,9,5,0.91841589057997675
MET034,1,1,9,6,1.0398240881863583
MET034,1,1,9,7,1.0038238174842111
MET034,1,1,9,8,0.92251943773992118
MET034,1,1,9,9,0.89173558894704219
MET034,1,2,0,0,1.3552021927120406
MET034,1,2,0,1,1.6761276951821913
MET034,1,2,0,2,1.4715556988958527
MET034,1,2,0,3,1.4155806153355162
MET034,1,2,0,4,1.2663551064576739
MET034,1,2,0,5,1.0488351707105463
MET034,1,2,0,6,1.2053677486094336
MET034,1,2,0,7,1.065548346213061
MET034,1,2,0,8,0.88186890876502755
MET034,1,2,0,9,0.87426533162364617
MET034,1,2,1,0,1.2379773665641396
MET034,1,2,1,1,1.3295261354472077
MET034,1,2,1,2,1.3009736788998003
MET034,1,2,1,3,1.2744147644795405
MET034,1,2,1,4,1.0587059348048289
MET034,1,2,1,5,0.91700191331847802
MET034,1,2,1,6,0.97771201672883723
MET034,1,2,1,7,0.80325386706736668
MET034,1,2,1,8,0.78013564633122678
MET034,1,2,1,9,0.84257366064055628
MET034,1,2,2,0,1.3412481925952595
MET034,1,2,2,1,1.358798584928274
MET034,1,2,2,2,1.2227530662378312
MET034,1,2,2,3,1.2015486553211894
MET034,1,2,2,4,0.84277827741048861
MET034,1,2,2,5,0.81625842278749794
MET034,1,2,2,6,0.78132474954394804
MET034,1,2,2,7,0.81268090226068512
MET034,1,2,2,8,0.96887096744407442
MET034,1,2,2,9,0.76526556774779708
MET034,1,2,3,0,1.2408808025839244
MET034,1,2,3,1,1.2526875790927776
MET034,1,2,3,2,0.92262432468654521
MET034,1,2,3,3,0.84027988262945819
MET034,1,2,3,4,0.8066738656778244
MET034,1,2,3,5,0.76299741539179289
MET034,1,2,3,6,0.82270439311712129
MET034,1,2,3,7,0.81825232059377018
MET034,1,2,3,8,0.8218844310770298
MET034,1,2,3,9,0.73768709894262563
MET034,1,2,4,0,1.3920972392761068
MET034,1,2,4,1,1.3553071727443471
MET034,1,2,4,2,1.1310170252367164
MET034,1,2,4,3,0.84724993336143817
MET034,1,2,4,4,0.92241242820431524
MET034,1,2,4,5,0.74789651985769867
MET034,1,2,4,6,0.76127112270514374
MET034,1,2,4,7,0.8284062004401147
MET034,1,2,4,8,0.87428062829084008
MET034,1,2,4,9,1.042587209655186
MET034,1,2,5,0,1.2024770670720213
MET034,1,2,5,1,1.4570812705019691
MET034,1,2,5,2,0.89404316964843156
MET034,1,2,5,3,0.73092600614036007
MET034,1,2,5,4,0.67912440699732513
MET034,1,2,5,5,0.81771670967561882
MET034,1,2,5,6,0.83089257723775622
MET034,1,2,5,7,0.83767496082771797
MET034,1,2,5,8,0.93958479699298381
MET034,1,2,5,9,0.839719316061876
MET034,1,2,6,0,1.1423078622819185
MET034,1,2,6,1,0.87711720737085375
MET034,1,2,6,2,0.85325534646003409
MET034,1,2,6,3,1.0056180255552254
MET034,1,2,6,4,0.87847111671008415
MET034,1,2,6,5,0.79632678908453458
MET034,1,2,6,6,0.96197115576793424
MET034,1,2,6,7,0.97681939739304802
MET034,1,2,6,8,0.98419487123032645
MET034,1,2,6,9,0.99640607438480899
MET034,1,2,7,0,1.0235991457396569
MET034,1,2,7,1,0.79419021997679851
MET034,1,2,7,2,0.82277474621740065
MET034,1,2,7,3,0.79830811087285847
MET034,1,2,7,4,0.75696785953087309
MET034,1,2,7,5,0.80150551511191892
MET034,1,2,7,6,0.98586218941685122
MET034,1,2,7,7,0.8246189262953838
MET034,1,2,7,8,1.0702930340534269
MET034,1,2,7,9,0.95293952361801004
MET034,1,2,8,0,0.82070148501785434
MET034,1,2,8,1,0.79074559508519515
MET034,1,2,8,2,0.86415228748280459
MET034,1,2,8,3,0.69985409647670205
MET034,1,2,8,4,0.76023226403193378
MET034,1,2,8,5,1.1342653918316157
MET034,1,2,8,6,0.78581252848720629
MET034,1,2,8,7,1.009619150725084
MET034,1,2,8,8,1.0652862648658032
MET034,1,2,8,9,0.94587539343348237
MET034,1,2,9,0,0.83385095556285438
MET034,1,2,9,1,0.7972079077384866
MET034,1,2,9,2,0.68693871322879696
MET034,1,2,9,3,0.84989808713273529
MET034,1,2,9,4,0.76262289167395481
MET034,1,2,9,5,1.1106455907013024
MET034,1,2,9,6,0.98969611322958417
MET034,1,2,9,7,0.93513671434042156
MET034,1,2,9,8,0.92057686766636915
MET034,1,2,9,9,0.8003932844337367
MET034,1,3,0,0,1.5589784552884611
MET034,1,3,0,1,1.4054909047728761
MET034,1,3,0,2,1.2854341702360583
MET034,1,3,0,3,1.4276246567588613
MET034,1,3,0,4,1.2954768449377676
MET034,1,3,0,5,1.194753080871513
MET034,1,3,0,6,0.89827195323821707
MET034,1,3,0,7,1.0020796112272472
MET034,1,3,0,8,1.0087213272071489
MET034,1,3,0,9,0.84333495113607249
MET034,1,3,1,0,1.4054535577677212
MET034,1,3,1,1,1.3325416303471542
MET034,1,3,1,2,1.2876832954890998
MET034,1,3,1,3,1.0942000529212934
MET034,1,3,1,4,0.91636924245912299
MET034,1,3,1,5,0.99763355832793765
MET034,1,3,1,6,0.84116530814900392
MET034,1,3,1,7,0.83751621540795651
MET034,1,3,1,8,0.79578214261172608
MET034,1,3,1,9,0.88651607209848771
MET034,1,3,2,0,1.3772641249006108
MET034,1,3,2,1,1.3646479744738162
MET034,1,3,2,2,1.2619145926774791
MET034,1,3,2,3,1.0905585614278444
MET034,1,3,2,4,0.88603930137162956
MET034,1,3,2,5,1.0735098064557007
MET034,1,3,2,6,0.88512585888725925
MET034,1,3,2,7,1.0711468154803294
MET034,1,3,2,8,0.8290322633858529
MET034,1,3,2,9,0.79529334252018358
MET034,1,3,3,0,1.2754885350047556
MET034,1,3,3,1,1.0219753479934304
MET034,1,3,3,2,1.0992757677692564
MET034,1,3,3,3,0.95735800845315344
MET034,1,3,3,4,0.88000840575728811
MET034,1,3,3,5,0.80595504742268143
MET034,1,3,3,6,0.7490169355797619
MET034,1,3,3,7,0.69187073128120369
MET034,1,3,3,8,0.85407532015791088
MET034,1,3,3,9,0.99255364094598242
MET034,1,3,4,0,1.2670322443828828
MET034,1,3,4,1,1.1721132452552481
MET034,1,3,4,2,1.1098681421313044
MET034,1,3,4,3,0.89210098319296682
MET034,1,3,4,4,0.67162120837690287
MET034,1,3,4,5,0.66095476548719412
MET034,1,3,4,6,0.82943505021803354
MET034,1,3,4,7,0.88325723445023341
MET034,1,3,4,8,0.97678538037886442
MET034,1,3,4,9,0.85302100604732645
MET034,1,3,5,0,0.91034723059239342
MET034,1,3,5,1,1.3052345178057885
MET034,1,3,5,2,0.86967790209113394
MET034,1,3,5,3,0.75541420321766573
MET034,1,3,5,4,0.78244498399230245
MET034,1,3,5,5,0.84891993973068913
MET034,1,3,5,6,0.77083638993157699
MET034,1,3,5,7,0.87145329938867333
MET034,1,3,5,8,0.84663176247225058
MET034,1,3,5,9,0.88622668943762273
MET034,1,3,6,0,1.0655859645189505
MET034,1,3,6,1,1.1005664163537576
MET034,1,3,6,2,0.86112479095141437
MET034,1,3,6,3,0.72945289323046225
MET034,1,3,6,4,0.7400932125579176
MET034,1,3,6,5,0.8454348209664212
MET034,1,3,6,6,0.8948067017299115
MET034,1,3,6,7,0.87574251729160413
MET034,1,3,6,8,1.0072357758295172
MET034,1,3,6,9,0.88276435364590544
MET034,1,3,7,0,1.0038439487745541
MET034,1,3,7,1,0.74397791761437049
MET034,1,3,7,2,0.77567604518971622
MET034,1,3,7,3,0.69752613058116775
MET034,1,3,7,4,0.81245536962744602
MET034,1,3,7,5,0.81255107757429668
MET034,1,3,7,6,0.87787683558287921
MET034,1,3,7,7,1.0323723379353922
MET034,1,3,7,8,0.79138528608220382
MET034,1,3,7,9,1.0313732437040584
MET034,1,3,8,0,0.89634174947122125
MET034,1,3,8,1,0.77949740262793288
MET034,1,3,8,2,0.77106449983658276
MET034,1,3,8,3,0.81678593359928142
MET034,1,3,8,4,0.7509982922907994
MET034,1,3,8,5,0.74591472049531338
MET034,1,3,8,6,0.90559406177230817
MET034,1,3,8,7,1.0031519859375
MET034,1,3,8,8,0.8032893987402514
MET034,1,3,8,9,1.0016174825783437
MET034,1,3,9,0,1.0255406305210648
MET034,1,3,9,1,0.69143837885178949
MET034,1,3,9,2,0.71834103248245829
MET034,1,3,9,3,0.75202672820540672
MET034,1,3,9,4,0.73745876172200298
MET034,1,3,9,5,1.039581053470475
MET034,1,3,9,6,0.91449324926941522
MET034,1,3,9,7,0.92852599592015239
MET034,1,3,9,8,0.82075570564275513
MET034,1,3,9,9,1.1149116304229831
MET034,1,4,0,0,1.3714106026557442
MET034,1,4,0,1,1.2146128462311738
MET034,1,4,0,2,1.3145866641268673
MET034,1,4,0,3,1.2526889692856715
MET034,1,4,0,4,1.0874542735747972
MET034,1,4,0,5,1.119673246122332
MET034,1,4,0,6,1.053178342184325
MET034,1,4,0,7,0.76102125769349249
MET034,1,4,0,8,0.90621738871837365
MET034,1,4,0,9,0.82861807244281249
MET034,1,4,1,0,1.413732701315827
MET034,1,4,1,1,1.1623433849049469
MET034,1,4,1,2,1.2037336786248325
MET034,1,4,1,3,1.1806609065055684
MET034,1,4,1,4,1.2275561748805179
MET034,1,4,1,5,0.96565155175799122
MET034,1,4,1,6,0.7542642963975098
MET034,1,4,1,7,0.83212362712336552
MET034,1,4,1,8,0.82364761242874251
MET034,1,4,1,9,0.96755533985547637
MET034,1,4,2,0,1.3188860001455631
MET034,1,4,2,1,1.2011288107642599
MET034,1,4,2,2,0.9050412035018216
MET034,1,4,2,3,1.0179964837828188
MET034,1,4,2,4,0.87285953158558383
MET034,1,4,2,5,0.8369570817130807
MET034,1,4,2,6,0.82318336696413286
MET034,1,4,2,7,0.75317443754822744
MET034,1,4,2,8,0.71771897481479896
MET034,1,4,2,9,0.82804052918457882
MET034,1,4,3,0,1.0652563382981819
MET034,1,4,3,1,1.0424224891179137
MET034,1,4,3,2,1.0184079119473015
MET034,1,4,3,3,0.90585217615562041
MET034,1,4,3,4,0.84498767682054765
MET034,1,4,3,5,0.92864439890260797
MET034,1,4,3,6,0.87408748329897767
MET034,1,4,3,7,0.81808301346896561
MET034,1,4,3,8,0.79494861659022864
MET034,1,4,3,9,0.94992774730417318
MET034,1,4,4,0,1.3140368529639312
MET034,1,4,4,1,1.0314042641468892
MET034,1,4,4,2,0.87443061516452958
MET034,1,4,4,3,0.64982859816502769
MET034,1,4,4,4,0.71675029235560539
MET034,1,4,4,5,0.75067679356694383
MET034,1,4,4,6,0.71224488568869004
MET034,1,4,4,7,0.80687855129506192
MET034,1,4,4,8,0.93572264864202404
MET034,1,4,4,9,0.86737858052925099
MET034,1,4,5,0,1.0400084369853251
MET034,1,4,5,1,0.87728450790437884
MET034,1,4,5,2,0.84654024689601448
MET034,1,4,5,3,0.85040953397444619
MET034,1,4,5,4,0.76627445525167337
MET034,1,4,5,5,0.77944623490812615
MET034,1,4,5,6,0.87718195739992189
MET034,1,4,5,7,0.81430883811504706
MET034,1,4,5,8,1.1474683045896197
MET034,1,4,5,9,0.66572669138858842
MET034,1,4,6,0,1.02666086704125
MET034,1,4,6,1,0.9853406743564268
MET034,1,4,6,2,0.81127873587453725
MET034,1,4,6,3,0.72972879954207381
MET034,1,4,6,4,0.85347261912799377
MET034,1,4,6,5,0.83978189886356813
MET034,1,4,6,6,0.83791073603203703
MET034,1,4,6,7,0.69382515467801598
MET034,1,4,6,8,0.97026739719285715
MET034,1,4,6,9,1.0766423392595754
MET034,1,4,7,0,0.85376710578672432
MET034,1,4,7,1,0.76225803169284523
MET034,1,4,7,2,0.70969607267757817
MET034,1,4,7,3,0.68289479712534185
MET034,1,4,7,4,0.8267254962639381
MET034,1,4,7,5,0.92890575974826761
MET034,1,4,7,6,0.83310228857858815
MET034,1,4,7,7,0.87020584649739319
MET034,1,4,7,8,0.97972442596924603
MET034,1,4,7,9,1.1151567887428759
MET034,1,4,8,0,0.84033254575473915
MET034,1,4,8,1,0.91475900685261136
MET034,1,4,8,2,0.67764165174571489
MET034,1,4,8,3,0.8052525354968928
MET034,1,4,8,4,0.94548639924473965
MET034,1,4,8,5,0.87370911246271143
MET034,1,4,8,6,0.8139198593832373
MET034,1,4,8,7,0.96559453097971559
MET034,1,4,8,8,1.0917885468296336
MET034,1,4,8,9,1.0042872926024573
MET034,1,4,9,0,0.81101070636729045
MET034,1,4,9,1,0.80072819870520118
MET034,1,4,9,2,0.65611672477554828
MET034,1,4,9,3,0.85529612324068394
MET034,1,4,9,4,0.93760690439933081
MET034,1,4,9,5,0.74179327745152046
MET034,1,4,9,6,0.75202475336480357
MET034,1,4,9,7,1.1039689390478575
MET034,1,4,9,8,0.84204993241821746
MET034,1,4,9,9,1.2968161693385731
MET035,1,1,0,0,1.8889855758282448
MET035,1,1,0,1,1.9154352687299925
MET035,1,1,0,2,1.7765521247038425
MET035,1,1,0,3,1.835700564699253
MET035,1,1,0,4,1.7218722539837947
MET035,1,1,0,5,1.6435436868115925
MET035,1,1,0,6,1.7653706480398514
MET035,1,1,0,7,1.5311945762412498
MET035,1,1,0,8,1.1287427522600164
MET035,1,1,0,9,1.3131957106070529
MET035,1,1,1,0,1.7854029640756253
MET035,1,1,1,1,1.8895158946806447
MET035,1,1,1,2,1.909560365647085
MET035,1,1,1,3,1.6490856696258815
MET035,1,1,1,4,1.7306047433708505
MET035,1,1,1,5,1.5756667816791134
MET035,1,1,1,6,1.384767270697278
MET035,1,1,1,7,1.358457553233946
MET035,1,1,1,8,1.2374682498904137
MET035,1,1,1,9,0.73154293235227263
MET035,1,1,2,0,1.5318627954338455
MET035,1,1,2,1,1.6650328611231286
MET035,1,1,2,2,1.5934675008346015
MET035,1,1,2,3,1.2566800381293606
MET035,1,1,2,4,1.0061076773653808
MET035,1,1,2,5,1.225868276263252
MET035,1,1,2,6,1.3667605261331692
MET035,1,1,2,7,1.1503827535305644
MET035,1,1,2,8,0.96169306699897683
MET035,1,1,2,9,1.2631778395672684
MET035,1,1,3,0,1.4270604515900676
MET035,1,1,3,1,1.5019055785541775
MET035,1,1,3,2,1.0952345026371011
MET035,1,1,3,3,1.1514799458140303
MET035,1,1,3,4,1.4501016106587834
MET035,1,1,3,5,0.82503723431866682
MET035,1,1,3,6,1.0522367902262353
MET035,1,1,3,7,0.91106397537222183
MET035,1,1,3,8,0.83724609238498215
MET035,1,1,3,9,0.79022286872227532
MET035,1,1,4,0,1.3139572381997822
MET035,1,1,4,1,0.95247606119558481
MET035,1,1,4,2,1.2844043823615985
MET035,1,1,4,3,0.86056506771850616
MET035,1,1,4,4,0.80779692006139137
MET035,1,1,4,5,0.91675362244565395
MET035,1,1,4,6,0.72488987169611985
MET035,1,1,4,7,0.96574254518488079
MET035,1,1,4,8,1.0661927743031658
MET035,1,1,4,9,1.0009485505587823
MET035,1,1,5,0,0.83306922986674015
MET035,1,1,5,1,1.156476925185699
MET035,1,1,5,2,0.96043398369864263
MET035,1,1,5,3,1.0092055653548249
MET035,1,1,5,4,1.0668878343372814
MET035,1,1,5,5,1.1469458112937692
MET035,1,1,5,6,0.8682175885322706
MET035,1,1,5,7,0.76866460278875082
MET035,1,1,5,8,1.0592052693881959
MET035,1,1,5,9,1.3346879227840109
MET035,1,1,6,0,1.0244455000901072
MET035,1,1,6,1,0.9805056459270568
MET035,1,1,6,2,1.2121105457075261
MET035,1,1,6,3,0.92377506041770596
MET035,1,1,6,4,1.3289969928396634
MET035,1,1,6,5,1.2423948028843079
MET035,1,1,6,6,1.5057571423771483
MET035,1,1,6,7,1.0671140505098635
MET035,1,1,6,8,1.0179687955943844
MET035,1,1,6,9,1.1388531322419744
MET035,1,1,7,0,1.2202990643750862
MET035,1,1,7,1,1.3762805495395725
MET035,1,1,7,2,1.2555890423953804
MET035,1,1,7,3,1.3215166684190462
MET035,1,1,7,4,0.87156288264529858
MET035,1,1,7,5,1.3316040326134646
MET035,1,1,7,6,1.3515814351630415
MET035,1,1,7,7,0.96349047437676083
MET035,1,1,7,8,1.4431059410283995
MET035,1,1,7,9,1.6360313870118279
MET035,1,1,8,0,1.3157733379995675
MET035,1,1,8,1,1.4868139713454329
MET035,1,1,8,2,1.0911572707069517
MET035,1,1,8,3,1.1851328363874776
MET035,1,1,8,4,1.3617058624748029
MET035,1,1,8,5,1.4979805087133131
MET035,1,1,8,6,1.2696350878500391
MET035,1,1,8,7,1.1830981581591185
MET035,1,1,8,8,1.4777539201958518
MET035,1,1,8,9,1.5222738776044058
MET035,1,1,9,0,1.4130211476737922
MET035,1,1,9,1,1.3227116084214583
MET035,1,1,9,2,0.9291274150205896
MET035,1,1,9,3,1.1859314014763398
MET035,1,1,9,4,1.0594504635523341
MET035,1,1,9,5,1.0778488670502906
MET035,1,1,9,6,1.1372018491234843
MET035,1,1,9,7,1.2350007436414012
MET035,1,1,9,8,1.3010696739515448
MET035,1,1,9,9,1.4322580632032231
MET035,1,2,0,0,1.7165182674108428
MET035,1,2,0,1,1.927465351513576
MET035,1,2,0,2,1.5445065042357145
MET035,1,2,0,3,1.829085156005759
MET035,1,2,0,4,1.9533676559384128
MET035,1,2,0,5,1.7032283457910069
MET035,1,2,0,6,1.4348234011128691
MET035,1,2,0,7,1.6715487670147289
MET035,1,2,0,8,1.1931114192770516
MET035,1,2,0,9,1.4426300918875039
MET035,1,2,1,0,1.7856259806191734
MET035,1,2,1,1,1.8355697653056249
MET035,1,2,1,2,1.7472747978690224
MET035,1,2,1,3,1.7145450889621441
MET035,1,2,1,4,1.4822399061474776
MET035,1,2,1,5,1.5047562786731887
MET035,1,2,1,6,1.6174752488179849
MET035,1,2,1,7,1.3928430189308805
MET035,1,2,1,8,1.6826475070348623
MET035,1,2,1,9,1.1496281367621191
MET035,1,2,2,0,1.2955167260502409
MET035,1,2,2,1,1.3505947880822089
MET035,1,2,2,2,1.4386986835377482
MET035,1,2,2,3,1.2093109725232505
MET035,1,2,2,4,1.2940379463757787
MET035,1,2,2,5,1.4511701429821071
MET035,1,2,2,6,1.0562189932522674
MET035,1,2,2,7,1.2928645424836418
MET035,1,2,2,8,1.0432644472864294
MET035,1,2,2,9,1.2841255900451245
MET035,1,2,3,0,1.5916200579195019
MET035,1,2,3,1,1.3614241404488063
MET035,1,2,3,2,1.393380575328258
MET035,1,2,3,3,1.0985397276043214
MET035,1,2,3,4,1.1290494509876985
MET035,1,2,3,5,1.0742436122179786
MET035,1,2,3,6,1.1816510928853257
MET035,1,2,3,7,1.0594262809950683
MET035,1,2,3,8,0.75211030853065231
MET035,1,2,3,9,0.84592067874971488
MET035,1,2,4,0,1.0686647000447089
MET035,1,2,4,1,0.93640529701240161
MET035,1,2,4,2,1.2774463819307014
MET035,1,2,4,3,0.8771779554484409
MET035,1,2,4,4,0.95840955181851983
MET035,1,2,4,5,0.96717599234164042
MET035,1,2,4,6,0.91093841683031485
MET035,1,2,4,7,0.95482668734738996
MET035,1,2,4,8,0.85445096922781105
MET035,1,2,4,9,0.9906472800407744
MET035,1,2,5,0,1.1263323816289923
MET035,1,2,5,1,1.01609130139718
MET035,1,2,5,2,0.96589090121333043
MET035,1,2,5,3,0.82200257377505226
MET035,1,2,5,4,0.98720611575870121
MET035,1,2,5,5,0.89288332928488112
MET035,1,2,5,6,1.0256570604154631
MET035,1,2,5,7,1.1097258110223849
MET035,1,2,5,8,0.87649543873161972
MET035,1,2,5,9,0.99489471058941481
MET035,1,2,6,0,1.0973893030775637
MET035,1,2,6,1,1.2531813204518365
MET035,1,2,6,2,0.96794841038918
MET035,1,2,6,3,0.9555013294503728
MET035,1,2,6,4,1.208703177556016
MET035,1,2,6,5,1.124541813152024
MET035,1,2,6,6,0.91829440593576939
MET035,1,2,6,7,1.0536974235336984
MET035,1,2,6,8,0.84075840368382015
MET035,1,2,6,9,1.178321405216282
MET035,1,2,7,0,1.0243848549794521
MET035,1,2,7,1,1.0929879529480184
MET035,1,2,7,2,1.1061329146230263
MET035,1,2,7,3,1.3427978379412846
MET035,1,2,7,4,1.1645022329990711
MET035,1,2,7,5,1.4026851356633745
MET035,1,2,7,6,0.82695048499950219
MET035,1,2,7,7,1.0672525444777925
MET035,1,2,7,8,1.2024385102132198
MET035,1,2,7,9,1.5317199091837037
MET035,1,2,8,0,1.0899454273894422
MET035,1,2,8,1,1.0592664432115122
MET035,1,2,8,2,1.507891842755875
MET035,1,2,8,3,1.5030060353966139
MET035,1,2,8,4,1.3966113610699649
MET035,1,2,8,5,1.0171692740314926
MET035,1,2,8,6,1.0973339160903921
MET035,1,2,8,7,1.0931782948968096
MET035,1,2,8,8,1.2555350298471473
MET035,1,2,8,9,1.4523922368546556
MET035,1,2,9,0,1.1664515802144784
MET035,1,2,9,1,1.1728855426210485
MET035,1,2,9,2,1.147953410405814
MET035,1,2,9,3,1.5923682766224734
MET035,1,2,9,4,1.3455850428962477
MET035,1,2,9,5,1.3317170103302851
MET035,1,2,9,6,0.94757949104516004
MET035,1,2,9,7,1.3148106149576479
MET035,1,2,9,8,1.5601567064749544
MET035,1,2,9,9,1.6808935472741882
MET035,1,3,0,0,1.759966999205147
MET035,1,3,0,1,1.8465728527893299
MET035,1,3,0,2,1.8424797808365687
MET035,1,3,0,3,1.8894846050302043
MET035,1,3,0,4,1.8056793642394744
MET035,1,3,0,5,1.478949735654393
MET035,1,3,0,6,1.5702477551031608
MET035,1,3,0,7,1.6108593027093534
MET035,1,3,0,8,1.6335808661234337
MET035,1,3,0,9,1.2786002843452631
MET035,1,3,1,0,1.7432745603437552
MET035,1,3,1,1,1.8618232076631105
MET035,1,3,1,2,1.8006294303817034
MET035,1,3,1,3,1.6771417910817763
MET035,1,3,1,4,1.413476905262474
MET035,1,3,1,5,1.3562908175735244
MET035,1,3,1,6,1.6976128920569609
MET035,1,3,1,7,1.4608454420138799
MET035,1,3,1,8,1.3188295831267149
MET035,1,3,1,9,1.5300643280636661
MET035,1,3,2,0,1.3995806842026994
MET035,1,3,2,1,1.5129669497929252
MET035,1,3,2,2,1.276243373021136
MET035,1,3,2,3,1.3371045368829708
MET035,1,3,2,4,1.3626845714725933
MET035,1,3,2,5,1.5616598564546711
MET035,1,3,2,6,1.3896722732476077
MET035,1,3,2,7,1.0124067974589293
MET035,1,3,2,8,0.95365397173860444
MET035,1,3,2,9,0.92799152271723795
MET035,1,3,3,0,1.3599550468227188
MET035,1,3,3,1,1.1522720924856391
MET035,1,3,3,2,1.4415867974350405
MET035,1,3,3,3,1.0131211311669417
MET035,1,3,3,4,1.4558515293598924
MET035,1,3,3,5,1.111841945011359
MET035,1,3,3,6,1.2578169148804184
MET035,1,3,3,7,0.90128678732302003
MET035,1,3,3,8,0.83709008911557492
MET035,1,3,3,9,1.0802019802428973
MET035,1,3,4,0,0.98361896770095725
MET035,1,3,4,1,1.0591902880485733
MET035,1,3,4,2,1.0392076986378229
MET035,1,3,4,3,0.9509310114337628
MET035,1,3,4,4,0.98700499012400678
MET035,1,3,4,5,1.0632374566445155
MET035,1,3,4,6,0.9555571117756414
MET035,1,3,4,7,0.87956026346195493
MET035,1,3,4,8,0.93654799351547879
MET035,1,3,4,9,1.0150705543367295
MET035,1,3,5,0,1.0132902131943458
MET035,1,3,5,1,1.2040028954239828
MET035,1,3,5,2,0.95305679849161318
MET035,1,3,5,3,1.1512471206254551
MET035,1,3,5,4,0.84873293878852707
MET035,1,3,5,5,1.0720632162511403
MET035,1,3,5,6,0.91127447162332642
MET035,1,3,5,7,1.0997324202109755
MET035,1,3,5,8,0.92312158985064197
MET035,1,3,5,9,1.1402538183236011
MET035,1,3,6,0,1.0754726653677382
MET035,1,3,6,1,0.91808844008701185
MET035,1,3,6,2,1.0374661768768809
MET035,1,3,6,3,0.88069272639452589
MET035,1,3,6,4,0.88053584608024027
MET035,1,3,6,5,1.23760547934611
MET035,1,3,6,6,1.060201210460574
MET035,1,3,6,7,1.1337340907340818
MET035,1,3,6,8,1.482797149427735
MET035,1,3,6,9,0.87507785960513429
MET035,1,3,7,0,0.83824044983703816
MET035,1,3,7,1,1.2530030713211329
MET035,1,3,7,2,1.2819862813074061
MET035,1,3,7,3,1.1207789517551288
MET035,1,3,7,4,1.2306831731530417
MET035,1,3,7,5,1.262797620625568
MET035,1,3,7,6,1.0382840234248545
MET035,1,3,7,7,1.4471427259391971
MET035,1,3,7,8,1.2671937947010428
MET035,1,3,7,9,1.2828605937160993
MET035,1,3,8,0,1.0826222848876974
MET035,1,3,8,1,1.1571029357332474
MET035,1,3,8,2,1.0133894486144932
MET035,1,3,8,3,1.3135170272950869
MET035,1,3,8,4,1.2868869204377231
MET035,1,3,8,5,1.3535367063087111
MET035,1,3,8,6,1.2219281327437443
MET035,1,3,8,7,1.2611912239363394
MET035,1,3,8,8,1.3621654898523794
MET035,1,3,8,9,1.2264680797070946
MET035,1,3,9,0,1.1443404687877119
MET035,1,3,9,1,1.3544892874254075
MET035,1,3,9,2,1.3247282880922835
MET035,1,3,9,3,1.5060230782622299
MET035,1,3,9,4,1.4426759131205269
MET035,1,3,9,5,1.8567975022239875
MET035,1,3,9,6,1.2113001909442598
MET035,1,3,9,7,1.5323921989397264
MET035,1,3,9,8,1.5842639105307359
MET035,1,3,9,9,1.3518011181316365
MET035,1,4,0,0,1.7139161384318795
MET035,1,4,0,1,1.8046955457758711
MET035,1,4,0,2,1.8453075152304561
MET035,1,4,0,3,1.6967685312545784
MET035,1,4,0,4,1.2430874315463325
MET035,1,4,0,5,1.3770463486538369
MET035,1,4,0,6,1.4268571531473178
MET035,1,4,0,7,1.3673316351103899
MET035,1,4,0,8,1.2948528666939367
MET035,1,4,0,9,1.5142497194705029
MET035,1,4,1,0,1.6554618164894681
MET035,1,4,1,1,1.8904978546375704
MET035,1,4,1,2,1.7433116026435644
MET035,1,4,1,3,1.334482719671197
MET035,1,4,1,4,1.2190063399582065
MET035,1,4,1,5,1.045872749509805
MET035,1,4,1,6,1.1726705723668445
MET035,1,4,1,7,1.3057573162941314
MET035,1,4,1,8,1.6022751837169682
MET035,1,4,1,9,1.4546130098397096
MET035,1,4,2,0,1.142897371242916
MET035,1,4,2,1,1.4721414801921997
MET035,1,4,2,2,1.0920391330176251
MET035,1,4,2,3,1.1774392605686408
MET035,1,4,2,4,0.99421216396355805
MET035,1,4,2,5,1.0255356572651018
MET035,1,4,2,6,1.3303897047903328
MET035,1,4,2,7,1.2669516091231483
MET035,1,4,2,8,0.96884137566168005
MET035,1,4,2,9,1.1153316841440331
MET035,1,4,3,0,1.2033954535321854
MET035,1,4,3,1,1.2138162628047426
MET035,1,4,3,2,0.9542187342455104
MET035,1,4,3,3,0.86048259529644733
MET035,1,4,3,4,0.81876121277752967
MET035,1,4,3,5,0.98945860983835043
MET035,1,4,3,6,1.0379862632828416
MET035,1,4,3,7,1.0570611653036592
MET035,1,4,3,8,0.96021307954341639
MET035,1,4,3,9,0.98556222273272498
MET035,1,4,4,0,0.9274993684262256
MET035,1,4,4,1,0.85359538612029184
MET035,1,4,4,2,0.84043458844323315
MET035,1,4,4,3,0.75832573535831593
MET035,1,4,4,4,1.0496284348456175
MET035,1,4,4,5,0.64497275457647008
MET035,1,4,4,6,0.8660565039373278
MET035,1,4,4,7,0.92773656636469959
MET035,1,4,4,8,0.99397975217026724
MET035,1,4,4,9,0.79593948102174217
MET035,1,4,5,0,0.97706119658222956
MET035,1,4,5,1,1.1052523002762005
MET035,1,4,5,2,1.0377423905940748
MET035,1,4,5,3,0.9852674483488516
MET035,1,4,5,4,0.94024427659043919
MET035,1,4,5,5,1.1978235611697403
MET035,1,4,5,6,0.88917572348796614
MET035,1,4,5,7,1.1686418151467306
MET035,1,4,5,8,1.0157633456793336
MET035,1,4,5,9,0.97381245780969217
MET035,1,4,6,0,1.0851971539122025
MET035,1,4,6,1,1.3657998831012323
MET035,1,4,6,2,1.0748830918434771
MET035,1,4,6,3,1.067122742438583
MET035,1,4,6,4,1.1119653473651132
MET035,1,4,6,5,1.0862054507580947
MET035,1,4,6,6,1.4685362975993297
MET035,1,4,6,7,1.1630692316693645
MET035,1,4,6,8,1.0882492198147538
MET035,1,4,6,9,1.2756493100550339
MET035,1,4,7,0,1.133364762367409
MET035,1,4,7,1,1.3021713249002835
MET035,1,4,7,2,1.2924746748184155
MET035,1,4,7,3,0.9550298071635418
MET035,1,4,7,4,0.90788615485620405
MET035,1,4,7,5,1.3472977367918195
MET035,1,4,7,6,0.89948865170965886
MET035,1,4,7,7,1.3702363471474197
MET035,1,4,7,8,1.3775259151094019
MET035,1,4,7,9,1.5628210832665974
MET035,1,4,8,0,1.4316877488479125
MET035,1,4,8,1,1.1290512001447368
MET035,1,4,8,2,0.86894101614900487
MET035,1,4,8,3,1.5107151314433194
MET035,1,4,8,4,1.2560003695700033
MET035,1,4,8,5,1.6825980591165717
MET035,1,4,8,6,1.5986101181868564
MET035,1,4,8,7,1.3878378392443615
MET035,1,4,8,8,1.390000464436751
MET035,1,4,8,9,1.128564679525061
MET035,1,4,9,0,1.6484486699455343
MET035,1,4,9,1,1.1606202582034284
MET035,1,4,9,2,1.4413706088074736
MET035,1,4,9,3,1.4346130059434248
MET035,1,4,9,4,1.1917151105089854
MET035,1,4,9,5,1.4933260211894774
MET035,1,4,9,6,1.2221187948546215
MET035,1,4,9,7,1.4288848264230736
MET035,1,4,9,8,1.2551469882978574
MET035,1,4,9,9,1.5792382845357569
MET036,1,1,0,0,1.1807789804581406
MET036,1,1,0,1,1.3016507728553666
MET036,1,1,0,2,1.2290460651784625
MET036,1,1,0,3,1.3107227931328522
MET036,1,1,0,4,1.0946093239853365
MET036,1,1,0,5,1.1834697626046395
MET036,1,1,0,6,1.1926277697635244
MET036,1,1,0,7,1.0331687192375292
MET036,1,1,0,8,1.1035301097204879
MET036,1,1,0,9,1.0488201374481729
MET036,1,1,1,0,1.3339087777483607
MET036,1,1,1,1,1.2932762866721603
MET036,1,1,1,2,1.2377785853337111
MET036,1,1,1,3,1.2408350424147965
MET036,1,1,1,4,1.1742037215634114
MET036,1,1,1,5,0.99791053866987822
MET036,1,1,1,6,0.9897858737725086
MET036,1,1,1,7,1.0548159301193836
MET036,1,1,1,8,1.1589150585434571
MET036,1,1,1,9,0.97059378254455164
MET036,1,1,2,0,1.2224601372653292
MET036,1,1,2,1,1.368957612001557
MET036,1,1,2,2,1.2148438281672562
MET036,1,1,2,3,1.0183969906645998
MET036,1,1,2,4,1.0859055924018963
MET036,1,1,2,5,1.0166687149196021
MET036,1,1,2,6,0.95070037151408715
MET036,1,1,2,7,0.90112238195597805
MET036,1,1,2,8,0.87598938559446626
MET036,1,1,2,9,0.83371493285731058
MET036,1,1,3,0,1.1967470481466935
MET036,1,1,3,1,1.0217247551144171
MET036,1,1,3,2,0.9601759939606328
MET036,1,1,3,3,0.96178919937736096
MET036,1,1,3,4,0.82157741537450391
MET036,1,1,3,5,0.80042373582821047
MET036,1,1,3,6,0.81133860855632101
MET036,1,1,3,7,0.81992763433233717
MET036,1,1,3,8,0.77220675746597012
MET036,1,1,3,9,0.76441215509121441
MET036,1,1,4,0,0.88261689229785045
MET036,1,1,4,1,0.9256302927797242
MET036,1,1,4,2,0.86811470827105985
MET036,1,1,4,3,0.91329940897958517
MET036,1,1,4,4,0.92544382146452442
MET036,1,1,4,5,0.70278906684910503
MET036,1,1,4,6,0.74142309922482375
MET036,1,1,4,7,0.86163773012879963
MET036,1,1,4,8,0.87419947337435344
MET036,1,1,4,9,0.93018381451647481
MET036,1,1,5,0,0.74691609362269107
MET036,1,1,5,1,0.82663129491002185
MET036,1,1,5,2,0.88309006705027238
MET036,1,1,5,3,0.84271635489864838
MET036,1,1,5,4,0.84998380524290407
MET036,1,1,5,5,0.8640640563051103
MET036,1,1,5,6,0.73726619095160717
MET036,1,1,5,7,0.91121397412879479
MET036,1,1,5,8,1.0282274274013097
MET036,1,1,5,9,0.93177745307089921
MET036,1,1,6,0,0.86071126760690331
MET036,1,1,6,1,0.86463375657268515
MET036,1,1,6,2,0.87901234017176166
MET036,1,1,6,3,0.91061162060241396
MET036,1,1,6,4,0.90450253939227299
MET036,1,1,6,5,0.85487108764288067
MET036,1,1,6,6,0.86635743677861088
MET036,1,1,6,7,0.81118833545939217
MET036,1,1,6,8,0.71196787067699185
MET036,1,1,6,9,0.80293443842948531
MET036,1,1,7,0,0.88304592179021379
MET036,1,1,7,1,0.8967870571861799
MET036,1,1,7,2,1.0856632601557896
MET036,1,1,7,3,0.87920013961995835
MET036,1,1,7,4,0.77627782167629455
MET036,1,1,7,5,0.92309496365072796
MET036,1,1,7,6,0.96907492092480041
MET036,1,1,7,7,1.0597117421094209
MET036,1,1,7,8,0.85473671913003324
MET036,1,1,7,9,0.90906701008405721
MET036,1,1,8,0,0.89269202624854371
MET036,1,1,8,1,0.84500614923502093
MET036,1,1,8,2,0.91885824157109564
MET036,1,1,8,3,0.96780058427880256
MET036,1,1,8,4,0.7521464469793121
MET036,1,1,8,5,0.78673628134174745
MET036,1,1,8,6,0.84020247128691883
MET036,1,1,8,7,0.91975426963502005
MET036,1,1,8,8,0.97810819257604076
MET036,1,1,8,9,0.96163579011725964
MET036,1,1,9,0,1.0362838636590717
MET036,1,1,9,1,1.051425031918471
MET036,1,1,9,2,1.2336076125284152
MET036,1,1,9,3,0.77661488008444934
MET036,1,1,9,4,0.94521789299271275
MET036,1,1,9,5,1.1929394851090194
MET036,1,1,9,6,1.1724785564801226
MET036,1,1,9,7,0.89985545487219598
MET036,1,1,9,8,0.97119915719424676
MET036,1,1,9,9,0.96218082860249676
MET036,1,2,0,0,1.3853025141990478
MET036,1,2,0,1,1.4982304484832365
MET036,1,2,0,2,1.4717842951578768
MET036,1,2,0,3,1.380167011000861
MET036,1,2,0,4,1.470391597650067
MET036,1,2,0,5,1.3285006475091721
MET036,1,2,0,6,1.2026477195508631
MET036,1,2,0,7,1.3880774038617767
MET036,1,2,0,8,1.3360810209720055
MET036,1,2,0,9,1.2870003080600263
MET036,1,2,1,0,1.3563351362636711
MET036,1,2,1,1,1.3363237525808132
MET036,1,2,1,2,1.5421434256166162
MET036,1,2,1,3,1.4579122802090156
MET036,1,2,1,4,1.2124325550494417
MET036,1,2,1,5,1.0172226278307921
MET036,1,2,1,6,1.0827647536173619
MET036,1,2,1,7,1.246703529496253
MET036,1,2,1,8,1.2370328506984818
MET036,1,2,1,9,0.88977290290537581
MET036,1,2,2,0,1.277366163903026
MET036,1,2,2,1,1.395952088712016
MET036,1,2,2,2,1.1307338425095124
MET036,1,2,2,3,1.1942336045436923
MET036,1,2,2,4,0.78403544063657138
MET036,1,2,2,5,1.070660750743256
MET036,1,2,2,6,1.0162251857161544
MET036,1,2,2,7,0.89238132644043966
MET036,1,2,2,8,0.95976195817330445
MET036,1,2,2,9,0.83538147813106312
MET036,1,2,3,0,1.1455877376264818
MET036,1,2,3,1,1.3222509266521352
MET036,1,2,3,2,0.97654115967621236
MET036,1,2,3,3,0.87472174448485385
MET036,1,2,3,4,0.91655706767629475
MET036,1,2,3,5,0.88050667046690634
MET036,1,2,3,6,0.71766422897053883
MET036,1,2,3,7,0.71631097885675421
MET036,1,2,3,8,0.81034221329554601
MET036,1,2,3,9,0.72188921928733396
MET036,1,2,4,0,0.74940301932553888
MET036,1,2,4,1,0.85889233472600246
MET036,1,2,4,2,0.88619619228557112
MET036,1,2,4,3,0.66317765544813068
MET036,1,2,4,4,0.93314492755399636
MET036,1,2,4,5,0.79003871748070953
MET036,1,2,4,6,0.88898514019421093
MET036,1,2,4,7,0.81971283698877184
MET036,1,2,4,8,0.81119498743602769
MET036,1,2,4,9,0.89112625022080361
MET036,1,2,5,0,0.82524717415917948
MET036,1,2,5,1,0.83911154850618153
MET036,1,2,5,2,0.66975882852875845
MET036,1,2,5,3,0.98000738981348701
MET036,1,2,5,4,0.82248266645605472
MET036,1,2,5,5,0.86612524402300206
MET036,1,2,5,6,0.65933092879157928
MET036,1,2,5,7,0.77659513111100931
MET036,1,2,5,8,0.77368568985485597
MET036,1,2,5,9,0.97221171814695095
MET036,1,2,6,0,0.81048678277690278
MET036,1,2,6,1,0.80079106905789865
MET036,1,2,6,2,0.84537333642907675
MET036,1,2,6,3,0.88139083956291819
MET036,1,2,6,4,0.93020432979092516
MET036,1,2,6,5,0.83563573034266547
MET036,1,2,6,6,0.85708362425631668
MET036,1,2,6,7,0.78449403497452053
MET036,1,2,6,8,1.0018260903264931
MET036,1,2,6,9,0.76333193376242836
MET036,1,2,7,0,0.96755262090995442
MET036,1,2,7,1,0.82251607417976813
MET036,1,2,7,2,0.93661375259175639
MET036,1,2,7,3,0.85788515725347869
MET036,1,2,7,4,1.1052318208373233
MET036,1,2,7,5,0.78999127681972925
MET036,1,2,7,6,0.92427046022236603
MET036,1,2,7,7,1.3173377052926409
MET036,1,2,7,8,0.96068490699346243
MET036,1,2,7,9,1.0060272417266534
MET036,1,2,8,0,0.91819244802054478
MET036,1,2,8,1,0.9986286713553566
MET036,1,2,8,2,1.1181484913643622
MET036,1,2,8,3,1.0089974430797044
MET036,1,2,8,4,1.0022607906950189
MET036,1,2,8,5,1.0398602515246025
MET036,1,2,8,6,1.2218740294213222
MET036,1,2,8,7,0.87232044155745214
MET036,1,2,8,8,1.1560688854050614
MET036,1,2,8,9,0.86662918895832364
MET036,1,2,9,0,1.016197477712248
MET036,1,2,9,1,1.1558501391426541
MET036,1,2,9,2,1.0429891752239904
MET036,1,2,9,3,1.0072035256492269
MET036,1,2,9,4,1.2548407085722129
MET036,1,2,9,5,0.92183430923626519
MET036,1,2,9,6,1.1233720483342395
MET036,1,2,9,7,1.0124461830740117
MET036,1,2,9,8,1.2039444601561142
MET036,1,2,9,9,1.2159780698408544
MET036,1,3,0,0,1.0609407543718321
MET036,1,3,0,1,1.6465793294481186
MET036,1,3,0,2,1.4204486382921944
MET036,1,3,0,3,1.3654598982705406
MET036,1,3,0,4,1.3910635428896208
MET036,1,3,0,5,1.2445883310971844
MET036,1,3,0,6,1.1967090905716038
MET036,1,3,0,7,1.2255202199045716
MET036,1,3,0,8,1.2435662137605661
MET036,1,3,0,9,1.2386961900337896
MET036,1,3,1,0,1.4293597812460419
MET036,1,3,1,1,1.194531778182498
MET036,1,3,1,2,1.3807873466771674
MET036,1,3,1,3,1.2078966558707331
MET036,1,3,1,4,1.102873038690322
MET036,1,3,1,5,1.1089094052687309
MET036,1,3,1,6,1.2758752085132643
MET036,1,3,1,7,1.0980236955106322
MET036,1,3,1,8,1.2440393807183656
MET036,1,3,1,9,0.92422391280413363
MET036,1,3,2,0,1.1421647008601603
MET036,1,3,2,1,1.0758423953884868
MET036,1,3,2,2,1.0297032171604528
MET036,1,3,2,3,1.0942234494987826
MET036,1,3,2,4,0.91772615514431644
MET036,1,3,2,5,0.91778110964489124
MET036,1,3,2,6,0.92746284417199698
MET036,1,3,2,7,0.87390673128282859
MET036,1,3,2,8,0.89359231809252704
MET036,1,3,2,9,1.0468211582210427
MET036,1,3,3,0,1.0083733381508375
MET036,1,3,3,1,1.0695062701165945
MET036,1,3,3,2,0.86541429881843213
MET036,1,3,3,3,0.77640767941968547
MET036,1,3,3,4,0.96425071980060162
MET036,1,3,3,5,1.0259374304648561
MET036,1,3,3,6,0.64131750298814949
MET036,1,3,3,7,0.80932308845401491
MET036,1,3,3,8,0.77558778282227081
MET036,1,3,3,9,0.72802618431349242
MET036,1,3,4,0,0.71155662609157289
MET036,1,3,4,1,0.75261488141491983
MET036,1,3,4,2,0.73517007273737678
MET036,1,3,4,3,0.79100555893317548
MET036,1,3,4,4,1.0276697909900476
MET036,1,3,4,5,0.84740229366013176
MET036,1,3,4,6,0.90550368880695375
MET036,1,3,4,7,0.7958514843658665
MET036,1,3,4,8,0.95763691623371439
MET036,1,3,4,9,0.83896218915139931
MET036,1,3,5,0,0.75918524279497324
MET036,1,3,5,1,0.75560557209036994
MET036,1,3,5,2,0.8433722482103797
MET036,1,3,5,3,0.79750587323542721
MET036,1,3,5,4,0.91233339354460363
MET036,1,3,5,5,0.87599435453903796
MET036,1,3,5,6,0.85681141813588169
MET036,1,3,5,7,0.94281959800085924
MET036,1,3,5,8,1.0298127551498435
MET036,1,3,5,9,0.99102007961004202
MET036,1,3,6,0,0.80298955192510735
MET036,1,3,6,1,0.935042187717952
MET036,1,3,6,2,0.85407115358954333
MET036,1,3,6,3,1.0324931487401128
MET036,1,3,6,4,1.0671523957341007
MET036,1,3,6,5,0.69062750127914563
MET036,1,3,6,6,0.87155019386925747
MET036,1,3,6,7,1.0091310974009438
MET036,1,3,6,8,0.99935890219566803
MET036,1,3,6,9,1.0937096738452905
MET036,1,3,7,0,0.75286818459009386
MET036,1,3,7,1,0.85055234259353696
MET036,1,3,7,2,1.059317360023764
MET036,1,3,7,3,0.92105775775767262
MET036,1,3,7,4,1.0418749891055912
MET036,1,3,7,5,1.1344438585895105
MET036,1,3,7,6,1.0500932162817105
MET036,1,3,7,7,1.4320841508467801
MET036,1,3,7,8,1.1984117010673914
MET036,1,3,7,9,1.2257447284618244
MET036,1,3,8,0,1.0115525047783429
MET036,1,3,8,1,1.098343307121322
MET036,1,3,8,2,1.0263228171273169
MET036,1,3,8,3,0.86988795961205423
MET036,1,3,8,4,1.0667171459783866
MET036,1,3,8,5,1.145818362996049
MET036,1,3,8,6,1.2868147257530498
MET036,1,3,8,7,1.2205758216395348
MET036,1,3,8,8,1.388889290182092
MET036,1,3,8,9,1.2593159825934579
MET036,1,3,9,0,1.0062988085060356
MET036,1,3,9,1,1.1678248213431981
MET036,1,3,9,2,1.1209939366844908
MET036,1,3,9,3,0.96852417956057257
MET036,1,3,9,4,0.838191787603358
MET036,1,3,9,5,1.2621914684359521
MET036,1,3,9,6,1.2722043501754945
MET036,1,3,9,7,1.3510890975331391
MET036,1,3,9,8,1.134655427422987
MET036,1,3,9,9,1.032530698669929
MET036,1,4,0,0,1.4665741866504405
MET036,1,4,0,1,1.003806683145833
MET036,1,4,0,2,1.1015461195888263
MET036,1,4,0,3,1.4460204520870037
MET036,1,4,0,4,1.5556217576941205
MET036,1,4,0,5,1.4951975823350183
MET036,1,4,0,6,1.2747882653363631
MET036,1,4,0,7,1.2132935176722597
MET036,1,4,0,8,0.96803232630236724
MET036,1,4,0,9,1.136762269256026
MET036,1,4,1,0,1.3722275718336356
MET036,1,4,1,1,1.1598599164534498
MET036,1,4,1,2,1.0568192302583934
MET036,1,4,1,3,1.2994990334387253
MET036,1,4,1,4,1.3925915097885659
MET036,1,4,1,5,1.2020988446431542
MET036,1,4,1,6,1.1841388851072809
MET036,1,4,1,7,0.94766681451332802
MET036,1,4,1,8,1.0849231081597424
MET036,1,4,1,9,0.89503758248423293
MET036,1,4,2,0,1.0873081595792409
MET036,1,4,2,1,1.1484258557707865
MET036,1,4,2,2,1.0232149674745556
MET036,1,4,2,3,1.0289165670684788
MET036,1,4,2,4,0.87385405927644244
MET036,1,4,2,5,1.1321141567148216
MET036,1,4,2,6,0.91103651570672162
MET036,1,4,2,7,0.99415518797273839
MET036,1,4,2,8,0.85057506933214999
MET036,1,4,2,9,0.82468751816289243
MET036,1,4,3,0,1.0229683899975714
MET036,1,4,3,1,1.0972231361704914
MET036,1,4,3,2,0.95266098079432104
MET036,1,4,3,3,0.97314262655488482
MET036,1,4,3,4,0.88463271993596992
MET036,1,4,3,5,0.86621253057799763
MET036,1,4,3,6,0.88939570478785335
MET036,1,4,3,7,0.7169401782807423
MET036,1,4,3,8,0.85472834957342403
MET036,1,4,3,9,0.69847020244435909
MET036,1,4,4,0,1.0174509622447969
MET036,1,4,4,1,1.0684850586252912
MET036,1,4,4,2,0.71555638231371188
MET036,1,4,4,3,0.841763719262976
MET036,1,4,4,4,0.77435315564908314
MET036,1,4,4,5,0.6818298329949134
MET036,1,4,4,6,0.73059436885120388
MET036,1,4,4,7,0.86095191560599404
MET036,1,4,4,8,0.70362628806576855
MET036,1,4,4,9,0.96195734718014758
MET036,1,4,5,0,0.75527574168432143
MET036,1,4,5,1,0.73822922736592766
MET036,1,4,5,2,0.72201143304207493
MET036,1,4,5,3,0.64272788775158618
MET036,1,4,5,4,0.69988409495545056
MET036,1,4,5,5,0.92161550312724283
MET036,1,4,5,6,0.89025479271918861
MET036,1,4,5,7,0.78115446064748151
MET036,1,4,5,8,0.96198059594311136
MET036,1,4,5,9,1.0386419371647648
MET036,1,4,6,0,0.77560281569165002
MET036,1,4,6,1,0.67879807934107983
MET036,1,4,6,2,0.76243291151617731
MET036,1,4,6,3,1.0562121426730824
MET036,1,4,6,4,0.74936515999598141
MET036,1,4,6,5,0.9309793413087708
MET036,1,4,6,6,0.84617199024039191
MET036,1,4,6,7,0.87772906174307841
MET036,1,4,6,8,0.98565218827296019
MET036,1,4,6,9,0.90469074317467801
MET036,1,4,7,0,0.93385028637253198
MET036,1,4,7,1,0.79167719929232705
MET036,1,4,7,2,0.84720966149578514
MET036,1,4,7,3,0.90993310148865381
MET036,1,4,7,4,0.88240035724831289
MET036,1,4,7,5,1.092480022132476
MET036,1,4,7,6,1.1157478659902536
MET036,1,4,7,7,0.97659252196312618
MET036,1,4,7,8,1.062938095573241
MET036,1,4,7,9,0.99836116380214757
MET036,1,4,8,0,0.96507982614082044
MET036,1,4,8,1,1.0382272161795774
MET036,1,4,8,2,0.87882236595014962
MET036,1,4,8,3,0.93696380420072356
MET036,1,4,8,4,0.99118793457415677
MET036,1,4,8,5,1.0802565563953253
MET036,1,4,8,6,0.86164797479568345
MET036,1,4,8,7,1.3089734421427599
MET036,1,4,8,8,1.0882697289559109
MET036,1,4,8,9,1.0742143211398631
MET036,1,4,9,0,0.97781054152495339
MET036,1,4,9,1,0.83096200809468457
MET036,1,4,9,2,1.1573083378596489
MET036,1,4,9,3,1.1812091805997378
MET036,1,4,9,4,1.1033027832746674
MET036,1,4,9,5,1.0950796799953626
MET036,1,4,9,6,1.266590729693041
MET036,1,4,9,7,1.2613203726568398
MET036,1,4,9,8,1.1031234688862763
MET036,1,4,9,9,1.2290703525046214
MET037,1,1,0,0,1.7774816569094785
MET037,1,1,0,1,1.7333066479565655
MET037,1,1,0,2,1.6229376313077717
MET037,1,1,0,3,1.7570971967048312
MET037,1,1,0,4,1.5935338106279402
MET037,1,1,0,5,1.5283698733218896
MET037,1,1,0,6,1.6176000080453363
MET037,1,1,0,7,1.4206547768469959
MET037,1,1,0,8,1.4141319282940048
MET037,1,1,0,9,1.3588112999752309
MET037,1,1,1,0,1.6622225859568338
MET037,1,1,1,1,1.7029407545283151
MET037,1,1,1,2,1.5002468157499711
MET037,1,1,1,3,1.6750749902507209
MET037,1,1,1,4,1.4045389188882209
MET037,1,1,1,5,1.4080156946937901
MET037,1,1,1,6,1.5894488402011626
MET037,1,1,1,7,1.5994527345406984
MET037,1,1,1,8,1.6062360691013591
MET037,1,1,1,9,1.5603991620042736
MET037,1,1,2,0,1.8984670626132047
MET037,1,1,2,1,1.7787847601821118
MET037,1,1,2,2,1.5692641234102789
MET037,1,1,2,3,1.3574230181348703
MET037,1,1,2,4,1.0076332571656563
MET037,1,1,2,5,1.4410031310660636
MET037,1,1,2,6,1.2648681185037831
MET037,1,1,2,7,1.5216202657697877
MET037,1,1,2,8,1.2793096386591218
MET037,1,1,2,9,1.4671881430444309
MET037,1,1,3,0,1.8819547540613659
MET037,1,1,3,1,1.7018932703761416
MET037,1,1,3,2,1.5298582105678846
MET037,1,1,3,3,1.5373083793938209
MET037,1,1,3,4,1.0728352082280366
MET037,1,1,3,5,0.73092463304984789
MET037,1,1,3,6,1.2199674928880422
MET037,1,1,3,7,1.0898523305154819
MET037,1,1,3,8,1.2703321161558463
MET037,1,1,3,9,1.1956519547026283
MET037,1,1,4,0,1.7696349477424047
MET037,1,1,4,1,1.7077130710531141
MET037,1,1,4,2,1.5755105036470984
MET037,1,1,4,3,1.6306775948388612
MET037,1,1,4,4,1.3714462690993201
MET037,1,1,4,5,1.091256194431125
MET037,1,1,4,6,0.74889141026258843
MET037,1,1,4,7,0.91057964917678402
MET037,1,1,4,8,1.071778917786171
MET037,1,1,4,9,1.2245220560171632
MET037,1,1,5,0,1.6847283724846511
MET037,1,1,5,1,1.5678648773651187
MET037,1,1,5,2,1.616009428917712
MET037,1,1,5,3,1.6471764656568064
MET037,1,1,5,4,1.4390649130239923
MET037,1,1,5,5,1.1883373425486148
MET037,1,1,5,6,1.001250473220902
MET037,1,1,5,7,1.0234743070065848
MET037,1,1,5,8,0.9308489788068316
MET037,1,1,5,9,1.0835332887792497
MET037,1,1,6,0,1.828628425392085
MET037,1,1,6,1,1.7024897911959129
MET037,1,1,6,2,1.6006295240254016
MET037,1,1,6,3,1.4262192465880477
MET037,1,1,6,4,1.4540155569161797
MET037,1,1,6,5,1.1473381772369975
MET037,1,1,6,6,1.2923053627128194
MET037,1,1,6,7,0.99064358611677117
MET037,1,1,6,8,1.1156216196737063
MET037,1,1,6,9,1.0355577718297295
MET037,1,1,7,0,1.7787222346088016
MET037,1,1,7,1,1.5934946601781277
MET037,1,1,7,2,1.4274941466242244
MET037,1,1,7,3,1.340412249427668
MET037,1,1,7,4,1.6701677362792045
MET037,1,1,7,5,1.3948477408297513
MET037,1,1,7,6,1.128949762564291
MET037,1,1,7,7,1.280221571985013
MET037,1,1,7,8,1.2403422013664369
MET037,1,1,7,9,1.0341378592611661
MET037,1,1,8,0,1.4942300491052047
MET037,1,1,8,1,1.7348820899346415
MET037,1,1,8,2,1.7519050483173779
MET037,1,1,8,3,1.7314096818502436
MET037,1,1,8,4,1.5972903224142518
MET037,1,1,8,5,1.5232471629085831
MET037,1,1,8,6,1.5702466246802314
MET037,1,1,8,7,1.2330603220249494
MET037,1,1,8,8,1.1518414848413094
MET037,1,1,8,9,0.90944911727131517
MET037,1,1,9,0,1.4490092621054829
MET037,1,1,9,1,1.8025489987460179
MET037,1,1,9,2,1.7662684876231991
MET037,1,1,9,3,1.7881804897057991
MET037,1,1,9,4,1.4137010060452873
MET037,1,1,9,5,1.616171204469075
MET037,1,1,9,6,1.4522333440885178
MET037,1,1,9,7,1.4097062377921457
MET037,1,1,9,8,1.3619498215376122
MET037,1,1,9,9,1.3187040848457436
MET037,1,2,0,0,1.524708894025179
MET037,1,2,0,1,1.4902723573475516
MET037,1,2,0,2,1.5620273471268928
MET037,1,2,0,3,1.7054708894558177
MET037,1,2,0,4,1.5225739308951649
MET037,1,2,0,5,1.6264069763209521
MET037,1,2,0,6,1.5717070377487077
MET037,1,2,0,7,1.5366231527417544
MET037,1,2,0,8,1.6289136204370025
MET037,1,2,0,9,1.29581527450135
MET037,1,2,1,0,1.6466874428371692
MET037,1,2,1,1,1.7767193482948156
MET037,1,2,1,2,1.3991588877666279
MET037,1,2,1,3,1.5224656063156976
MET037,1,2,1,4,1.390731826090962
MET037,1,2,1,5,1.3133789012938506
MET037,1,2,1,6,1.2913998870953898
MET037,1,2,1,7,1.3377080775571233
MET037,1,2,1,8,1.527806254921678
MET037,1,2,1,9,1.1822247340913892
MET037,1,2,2,0,1.9530367002081408
MET037,1,2,2,1,1.795999880208986
MET037,1,2,2,2,1.6356456511182864
MET037,1,2,2,3,1.262008685447795
MET037,1,2,2,4,1.0201875735128996
MET037,1,2,2,5,1.3297502770002401
MET037,1,2,2,6,1.0239529966317871
MET037,1,2,2,7,1.3928022440554284
MET037,1,2,2,8,1.2790559060984266
MET037,1,2,2,9,1.2602848219197162
MET037,1,2,3,0,1.9093484129832563
MET037,1,2,3,1,1.8168588453672641
MET037,1,2,3,2,1.5046148164806177
MET037,1,2,3,3,1.3099756529771351
MET037,1,2,3,4,1.0465903360255842
MET037,1,2,3,5,1.0351425701792785
MET037,1,2,3,6,1.1054114528451784
MET037,1,2,3,7,1.0064346880492792
MET037,1,2,3,8,1.2194777294613457
MET037,1,2,3,9,1.1556570122698553
MET037,1,2,4,0,1.9226752917837848
MET037,1,2,4,1,1.7014454712434619
MET037,1,2,4,2,1.696866556458382
MET037,1,2,4,3,1.1286679523184795
MET037,1,2,4,4,1.3153456212222765
MET037,1,2,4,5,0.8450693970281945
MET037,1,2,4,6,0.74843370185761893
MET037,1,2,4,7,0.85986859088631051
MET037,1,2,4,8,1.0536287095924921
MET037,1,2,4,9,1.1097699993589416
MET037,1,2,5,0,1.7211873356567298
MET037,1,2,5,1,1.4453680458321971
MET037,1,2,5,2,1.5405180020666016
MET037,1,2,5,3,1.4562337140876778
MET037,1,2,5,4,1.3082574110565124
MET037,1,2,5,5,1.0482010482456408
MET037,1,2,5,6,0.73238935520361015
MET037,1,2,5,7,0.78170607884886956
MET037,1,2,5,8,0.7446704589789106
MET037,1,2,5,9,1.1693362072479647
MET037,1,2,6,0,1.5651388887484352
MET037,1,2,6,1,1.324308441456149
MET037,1,2,6,2,1.7823779724730744
MET037,1,2,6,3,1.636816324119196
MET037,1,2,6,4,1.3922308824994163
MET037,1,2,6,5,1.2717147244286229
MET037,1,2,6,6,0.92209850324998743
MET037,1,2,6,7,0.89759087918573133
MET037,1,2,6,8,1.1034451699729018
MET037,1,2,6,9,0.89207637878056989
MET037,1,2,7,0,1.5981751241510611
MET037,1,2,7,1,1.6194637307026745
MET037,1,2,7,2,1.5300328255358333
MET037,1,2,7,3,1.6164255973446169
MET037,1,2,7,4,1.4849663665524533
MET037,1,2,7,5,1.5590105927935616
MET037,1,2,7,6,1.2700324685925004
MET037,1,2,7,7,1.2804422919545455
MET037,1,2,7,8,1.1241147921022698
MET037,1,2,7,9,0.96874945578180915
MET037,1,2,8,0,1.7203697765605623
MET037,1,2,8,1,1.5417354543326736
MET037,1,2,8,2,1.5882970897190771
MET037,1,2,8,3,1.683112271609696
MET037,1,2,8,4,1.5163848397842927
MET037,1,2,8,5,1.4817563652783641
MET037,1,2,8,6,1.3517753555424077
MET037,1,2,8,7,1.2068920248640984
MET037,1,2,8,8,1.3793715364274239
MET037,1,2,8,9,1.0714387948348192
MET037,1,2,9,0,1.7801661537132911
MET037,1,2,9,1,1.7676442846253599
MET037,1,2,9,2,1.8802611720256968
MET037,1,2,9,3,1.5763491600261226
MET037,1,2,9,4,1.4683131448451949
MET037,1,2,9,5,1.2243021871037585
MET037,1,2,9,6,1.3544753653254828
MET037,1,2,9,7,1.2745333170346984
MET037,1,2,9,8,1.0045058103750804
MET037,1,2,9,9,1.1412837100965518
MET037,1,3,0,0,1.6262631111846684
MET037,1,3,0,1,1.505019388985305
MET037,1,3,0,2,1.5160554694834638
MET037,1,3,0,3,1.8056597829816847
MET037,1,3,0,4,1.5960184403492808
MET037,1,3,0,5,1.4989957320960918
MET037,1,3,0,6,1.4809054913210675
MET037,1,3,0,7,1.5858857146754417
MET037,1,3,0,8,1.4418304611494079
MET037,1,3,0,9,1.4865618747748981
MET037,1,3,1,0,1.7251410623863319
MET037,1,3,1,1,1.7691162899147672
MET037,1,3,1,2,1.5492011092162687
MET037,1,3,1,3,1.373753476791808
MET037,1,3,1,4,1.5113704146208018
MET037,1,3,1,5,1.3387049164461997
MET037,1,3,1,6,1.4698129820828112
MET037,1,3,1,7,1.4281973947122644
MET037,1,3,1,8,1.6954227102393231
MET037,1,3,1,9,1.3907675151746837
MET037,1,3,2,0,1.9129831120016609
MET037,1,3,2,1,1.7120026449048753
MET037,1,3,2,2,1.7501966916057186
MET037,1,3,2,3,1.3896170365203264
MET037,1,3,2,4,1.250679436033149
MET037,1,3,2,5,1.501957228219452
MET037,1,3,2,6,1.0332756629980395
MET037,1,3,2,7,1.4202038311695302
MET037,1,3,2,8,1.4443845741150401
MET037,1,3,2,9,1.5055262455045055
MET037,1,3,3,0,1.8891855479841573
MET037,1,3,3,1,1.7864920937441831
MET037,1,3,3,2,1.6342925685039835
MET037,1,3,3,3,1.4823207284919635
MET037,1,3,3,4,1.0619210232643179
MET037,1,3,3,5,0.78398967218046633
MET037,1,3,3,6,1.0006135265167335
MET037,1,3,3,7,0.98207874939808115
MET037,1,3,3,8,1.3240722560227776
MET037,1,3,3,9,1.3626637236121422
MET037,1,3,4,0,1.922458271259216
MET037,1,3,4,1,1.8727690102698491
MET037,1,3,4,2,1.860774637499691
MET037,1,3,4,3,1.6976985838153871
MET037,1,3,4,4,1.3860556511203108
MET037,1,3,4,5,0.78230724691404196
MET037,1,3,4,6,0.94286087850746936
MET037,1,3,4,7,0.75062183977262764
MET037,1,3,4,8,1.0261288958106229
MET037,1,3,4,9,1.280453735724123
MET037,1,3,5,0,1.8344912869690999
MET037,1,3,5,1,1.8419887448833063
MET037,1,3,5,2,1.6966841772863666
MET037,1,3,5,3,1.5393576615720479
MET037,1,3,5,4,1.388584889553186
MET037,1,3,5,5,0.98463210873987561
MET037,1,3,5,6,0.98935184099139095
MET037,1,3,5,7,0.99741921905576636
MET037,1,3,5,8,1.0580623241043587
MET037,1,3,5,9,1.1671971687781526
MET037,1,3,6,0,1.6885979806613198
MET037,1,3,6,1,1.762032479557794
MET037,1,3,6,2,1.7643723491932528
MET037,1,3,6,3,1.5725866892180242
MET037,1,3,6,4,1.433501801444887
MET037,1,3,6,5,1.3824856804533907
MET037,1,3,6,6,1.3550918130422764
MET037,1,3,6,7,1.1137829080419672
MET037,1,3,6,8,0.87343372178989542
MET037,1,3,6,9,1.1478400635493351
MET037,1,3,7,0,1.8310181183361955
MET037,1,3,7,1,1.7908309110903298
MET037,1,3,7,2,1.6886295591279632
MET037,1,3,7,3,1.5205271384104151
MET037,1,3,7,4,1.4081159805932093
MET037,1,3,7,5,1.5201410564430011
MET037,1,3,7,6,1.0816286679686689
MET037,1,3,7,7,1.1538284075676519
MET037,1,3,7,8,1.2109739901311958
MET037,1,3,7,9,0.93020870805903355
MET037,1,3,8,0,1.6831167979506061
MET037,1,3,8,1,1.7769809612575806
MET037,1,3,8,2,1.707444469465625
MET037,1,3,8,3,1.623942997285281
MET037,1,3,8,4,1.645486839201181
MET037,1,3,8,5,1.4360618997844294
MET037,1,3,8,6,1.1728577799617723
MET037,1,3,8,7,1.0586443929351468
MET037,1,3,8,8,1.283304579226715
MET037,1,3,8,9,1.1226053963342566
MET037,1,3,9,0,1.5813722698604271
MET037,1,3,9,1,1.6379538608670674
MET037,1,3,9,2,1.7008460170557529
MET037,1,3,9,3,1.6530248223121926
MET037,1,3,9,4,1.4051156468678372
MET037,1,3,9,5,1.496752410753329
MET037,1,3,9,6,1.5265484951375838
MET037,1,3,9,7,1.3086293418823971
MET037,1,3,9,8,1.119811539215829
MET037,1,3,9,9,1.0889128592159285
MET038,1,1,0,0,1.1696406122123824
MET038,1,1,0,1,0.97936959905539755
MET038,1,1,0,2,1.1718036363548321
MET038,1,1,0,3,1.0246302000637584
MET038,1,1,0,4,0.94259865631597217
MET038,1,1,0,5,1.0809345271186479
MET038,1,1,0,6,0.89843688288961399
MET038,1,1,0,7,0.91885487441853964
MET038,1,1,0,8,1.0948428978804383
MET038,1,1,0,9,0.86513151019726042
MET038,1,1,1,0,1.1097190599686029
MET038,1,1,1,1,0.95854881308391282
MET038,1,1,1,2,1.1212596721840573
MET038,1,1,1,3,0.75706750079502272
MET038,1,1,1,4,0.96535235186133039
MET038,1,1,1,5,0.85683371820298049
MET038,1,1,1,6,1.1402631291815539
MET038,1,1,1,7,0.80523623687055024
MET038,1,1,1,8,0.94125474128256315
MET038,1,1,1,9,0.78650300175959609
MET038,1,1,2,0,1.0278799155197913
MET038,1,1,2,1,0.95532279705151557
MET038,1,1,2,2,0.88904076950127287
MET038,1,1,2,3,0.54027994026191695
MET038,1,1,2,4,1.0057890176561248
MET038,1,1,2,5,0.70893403063353599
MET038,1,1,2,6,0.80226830088926082
MET038,1,1,2,7,0.71542645926020854
MET038,1,1,2,8,0.79317578741379346
MET038,1,1,2,9,0.82438695001114237
MET038,1,1,3,0,1.2935388632714879
MET038,1,1,3,1,1.0238912721881337
MET038,1,1,3,2,0.75004971461030956
MET038,1,1,3,3,0.80256740554468042
MET038,1,1,3,4,0.79736902630650885
MET038,1,1,3,5,0.63114822071020649
MET038,1,1,3,6,0.62720552553197439
MET038,1,1,3,7,0.77384879004117135
MET038,1,1,3,8,0.70601515847295282
MET038,1,1,3,9,0.88325168535069387
MET038,1,1,4,0,1.2976757763286344
MET038,1,1,4,1,0.91862456702312945
MET038,1,1,4,2,0.76168045681478325
MET038,1,1,4,3,0.76869896727080933
MET038,1,1,4,4,0.89909767688885933
MET038,1,1,4,5,0.62228805935521558
MET038,1,1,4,6,0.51033117273413164
MET038,1,1,4,7,0.72607181094055107
MET038,1,1,4,8,0.61785215258318027
MET038,1,1,4,9,0.91666249116267484
MET038,1,1,5,0,1.1815538154777907
MET038,1,1,5,1,1.0379658409724777
MET038,1,1,5,2,0.84535241927196914
MET038,1,1,5,3,0.8155829361214455
MET038,1,1,5,4,0.802620358605586
MET038,1,1,5,5,0.65534359838879119
MET038,1,1,5,6,0.77151754755243807
MET038,1,1,5,7,0.87633231715721183
MET038,1,1,5,8,0.67524361138603006
MET038,1,1,5,9,0.71967733815595736
MET038,1,1,6,0,1.0538950697447516
MET038,1,1,6,1,1.0550842157374254
MET038,1,1,6,2,1.0514058747908841
MET038,1,1,6,3,0.95142772054560543
MET038,1,1,6,4,0.83936128050749437
MET038,1,1,6,5,0.77618632253489783
MET038,1,1,6,6,0.78849764482077411
MET038,1,1,6,7,0.61535706337897533
MET038,1,1,6,8,0.7057994424826346
MET038,1,1,6,9,0.82131954205277047
MET038,1,1,7,0,1.2094711085711731
MET038,1,1,7,1,1.1439691849480786
MET038,1,1,7,2,0.94590592782341398
MET038,1,1,7,3,0.82174657645902716
MET038,1,1,7,4,0.81746277752929308
MET038,1,1,7,5,0.91555279373263598
MET038,1,1,7,6,0.80593636539604108
MET038,1,1,7,7,0.79512076486337513
MET038,1,1,7,8,0.76657986962073488
MET038,1,1,7,9,0.7790169115907174
MET038,1,1,8,0,1.0595133455424088
MET038,1,1,8,1,0.98724679543088045
MET038,1,1,8,2,0.96017975008745116
MET038,1,1,8,3,0.75652414502455012
MET038,1,1,8,4,0.85514161527446808
MET038,1,1,8,5,0.88496152687057128
MET038,1,1,8,6,1.0895352874513009
MET038,1,1,8,7,0.8117442194152148
MET038,1,1,8,8,0.72596370958892165
MET038,1,1,8,9,1.0939902153880541
MET038,1,1,9,0,0.85188447833920899
MET038,1,1,9,1,1.1002870453160749
MET038,1,1,9,2,1.0609121129537002
MET038,1,1,9,3,1.0316832587822595
MET038,1,1,9,4,0.74542349321425683
MET038,1,1,9,5,0.67201879133767417
MET038,1,1,9,6,0.76640558624704469
MET038,1,1,9,7,0.85249266017587011
MET038,1,1,9,8,0.81711980097633807
MET038,1,1,9,9,0.68295623777010761
MET038,1,2,0,0,1.0411152293095389
MET038,1,2,0,1,0.94976694554175978
MET038,1,2,0,2,0.97895043218017475
MET038,1,2,0,3,0.88244572838774127
MET038,1,2,0,4,1.135273762483928
MET038,1,2,0,5,1.1559476642788249
MET038,1,2,0,6,0.96597886668995558
MET038,1,2,0,7,0.79560393978739818
MET038,1,2,0,8,0.7906274396484293
MET038,1,2,0,9,1.1343068469969475
MET038,1,2,1,0,1.1272571806180884
MET038,1,2,1,1,0.82784543569202829
MET038,1,2,1,2,0.7386324919230921
MET038,1,2,1,3,0.61756046003639431
MET038,1,2,1,4,0.79694144091331554
MET038,1,2,1,5,0.83292430802293649
MET038,1,2,1,6,0.80063599641732985
MET038,1,2,1,7,0.68254238640650355
MET038,1,2,1,8,0.96020167971839276
MET038,1,2,1,9,0.89357178046431995
MET038,1,2,2,0,1.0973101280449915
MET038,1,2,2,1,0.85256760104921614
MET038,1,2,2,2,0.81213681254614467
MET038,1,2,2,3,0.57301379965011134
MET038,1,2,2,4,0.64979096305604955
MET038,1,2,2,5,0.81709764775689941
MET038,1,2,2,6,0.63810072191703315
MET038,1,2,2,7,0.78951234681393323
MET038,1,2,2,8,0.65672482137317079
MET038,1,2,2,9,0.84970490344635652
MET038,1,2,3,0,0.84827643834511268
MET038,1,2,3,1,0.96811712649921844
MET038,1,2,3,2,0.95105765187217139
MET038,1,2,3,3,0.65169238272133978
MET038,1,2,3,4,0.62810913250264644
MET038,1,2,3,5,0.59003675028753966
MET038,1,2,3,6,0.60455489895273695
MET038,1,2,3,7,0.75300347453124838
MET038,1,2,3,8,0.7591275790655847
MET038,1,2,3,9,0.78865366766544165
MET038,1,2,4,0,0.94221621615340623
MET038,1,2,4,1,0.83634489263567169
MET038,1,2,4,2,1.0713363247502994
MET038,1,2,4,3,0.9309320395468168
MET038,1,2,4,4,0.83136824262056608
MET038,1,2,4,5,0.60499320497730547
MET038,1,2,4,6,0.65898719786872173
MET038,1,2,4,7,1.0656738503091008
MET038,1,2,4,8,0.82369756343303469
MET038,1,2,4,9,0.88501274610577918
MET038,1,2,5,0,0.93887834766045164
MET038,1,2,5,1,1.1921891245793508
MET038,1,2,5,2,0.94542776227626701
MET038,1,2,5,3,0.75046627611255301
MET038,1,2,5,4,0.69023185005486098
MET038,1,2,5,5,0.62092785142908258
MET038,1,2,5,6,0.56714176840228003
MET038,1,2,5,7,0.55695905603232421
MET038,1,2,5,8,0.64879313665671279
MET038,1,2,5,9,0.9310979165898644
MET038,1,2,6,0,0.75767587562457084
MET038,1,2,6,1,0.76064576527947991
MET038,1,2,6,2,0.85646211480532508
MET038,1,2,6,3,0.64662552770536097
MET038,1,2,6,4,0.72922761310506579
MET038,1,2,6,5,0.63180582878704161
MET038,1,2,6,6,0.77653972418551209
MET038,1,2,6,7,0.80942821898683304
MET038,1,2,6,8,0.91125620431712062
MET038,1,2,6,9,0.70902555591344296
MET038,1,2,7,0,1.0669153172439692
MET038,1,2,7,1,0.76320813462648229
MET038,1,2,7,2,0.80830833916133726
MET038,1,2,7,3,0.6137088114884266
MET038,1,2,7,4,0.86786827101400998
MET038,1,2,7,5,1.0765519619682196
MET038,1,2,7,6,0.80244488540304104
MET038,1,2,7,7,0.69902872037184016
MET038,1,2,7,8,0.68259711373183685
MET038,1,2,7,9,0.83661857724024069
MET038,1,2,8,0,0.93605790930383204
MET038,1,2,8,1,0.96852938169499436
MET038,1,2,8,2,0.74987506931845738
MET038,1,2,8,3,0.91186502584778162
MET038,1,2,8,4,0.88025779589567099
MET038,1,2,8,5,0.86541025771278113
MET038,1,2,8,6,0.72140961212839338
MET038,1,2,8,7,0.80482790625002187
MET038,1,2,8,8,0.79190645552724537
MET038,1,2,8,9,0.68903042624994637
MET038,1,2,9,0,0.9832028186589008
MET038,1,2,9,1,1.0463881996565196
MET038,1,2,9,2,1.0063277272048472
MET038,1,2,9,3,0.97682252864359076
MET038,1,2,9,4,0.86354019106495206
MET038,1,2,9,5,0.64229233174485811
MET038,1,2,9,6,0.84713761618093963
MET038,1,2,9,7,0.63795631836871358
MET038,1,2,9,8,0.7805637481558505
MET038,1,2,9,9,0.76676455257646547
MET038,1,3,0,0,1.1098050192116229
MET038,1,3,0,1,0.82735814177856581
MET038,1,3,0,2,0.75351587549833587
MET038,1,3,0,3,0.84205909660118705
MET038,1,3,0,4,0.97059307617039237
MET038,1,3,0,5,0.95572063543711816
MET038,1,3,0,6,1.0555220900904434
MET038,1,3,0,7,0.75947414395966029
MET038,1,3,0,8,1.0905402357314773
MET038,1,3,0,9,0.83843051037998717
MET038,1,3,1,0,0.72230307241554381
MET038,1,3,1,1,0.85955087335838032
MET038,1,3,1,2,0.6916045469754456
MET038,1,3,1,3,0.90066525458001112
MET038,1,3,1,4,0.77749628474463028
MET038,1,3,1,5,1.0080752137581404
MET038,1,3,1,6,0.80460958390298276
MET038,1,3,1,7,0.58628828338686911
MET038,1,3,1,8,0.8638333400664302
MET038,1,3,1,9,0.77302502166494769
MET038,1,3,2,0,0.81942635337086112
MET038,1,3,2,1,0.92740488186091496
MET038,1,3,2,2,0.89143507718017245
MET038,1,3,2,3,0.62989302936573122
MET038,1,3,2,4,0.86787166437444263
MET038,1,3,2,5,0.96476760700368802
MET038,1,3,2,6,0.68355967366925219
MET038,1,3,2,7,0.91931916491163557
MET038,1,3,2,8,0.65751610618717848
MET038,1,3,2,9,0.83549214723163023
MET038,1,3,3,0,1.0377762674107955
MET038,1,3,3,1,0.89985330126017404
MET038,1,3,3,2,0.84413278047527363
MET038,1,3,3,3,0.80421513609696837
MET038,1,3,3,4,0.70353823578616859
MET038,1,3,3,5,0.60437394267154465
MET038,1,3,3,6,0.59573735874506051
MET038,1,3,3,7,1.0418385557072587
MET038,1,3,3,8,0.66725062247959044
MET038,1,3,3,9,0.78799986166944525
MET038,1,3,4,0,1.0310991865256998
MET038,1,3,4,1,0.83114928559186729
MET038,1,3,4,2,0.89686464320026082
MET038,1,3,4,3,0.70423307244730127
MET038,1,3,4,4,0.71183027133776167
MET038,1,3,4,5,0.69668355491009959
MET038,1,3,4,6,0.6565655493314988
MET038,1,3,4,7,0.7925870765768922
MET038,1,3,4,8,0.89184037568000496
MET038,1,3,4,9,0.79713358036028681
MET038,1,3,5,0,0.79566666550789977
MET038,1,3,5,1,0.67485090011823845
MET038,1,3,5,2,0.86515270516294829
MET038,1,3,5,3,0.65042482108015631
MET038,1,3,5,4,0.84241395120891893
MET038,1,3,5,5,0.6202669841350027
MET038,1,3,5,6,0.58705511307680724
MET038,1,3,5,7,0.69414448890644731
MET038,1,3,5,8,0.80436279209846528
MET038,1,3,5,9,0.72106871051373733
MET038,1,3,6,0,0.86128011397100435
MET038,1,3,6,1,0.86210922328645123
MET038,1,3,6,2,0.69605892920557333
MET038,1,3,6,3,0.71613716317945231
MET038,1,3,6,4,0.89228042428775334
MET038,1,3,6,5,1.120790303336523
MET038,1,3,6,6,0.80880903285804429
MET038,1,3,6,7,0.74129481192090341
MET038,1,3,6,8,0.83385227822566343
MET038,1,3,6,9,0.97450948373466162
MET038,1,3,7,0,0.879667904090216
MET038,1,3,7,1,0.83454772032388802
MET038,1,3,7,2,0.69286138738818959
MET038,1,3,7,3,0.79762181225649975
MET038,1,3,7,4,0.80024255913191733
MET038,1,3,7,5,0.73045697283096134
MET038,1,3,7,6,0.92896661906722156
MET038,1,3,7,7,0.82367708608233581
MET038,1,3,7,8,0.69283469443926415
MET038,1,3,7,9,0.69256936995783014
MET038,1,3,8,0,0.94208738339005005
MET038,1,3,8,1,0.87468448745882788
MET038,1,3,8,2,0.89027058185779484
MET038,1,3,8,3,0.88173048882263527
MET038,1,3,8,4,0.72424143655942697
MET038,1,3,8,5,0.79516801016460059
MET038,1,3,8,6,0.7875436840094171
MET038,1,3,8,7,0.59648097354434415
MET038,1,3,8,8,0.77439733755179452
MET038,1,3,8,9,0.78946481003091962
MET038,1,3,9,0,0.8035861408139392
MET038,1,3,9,1,0.74500920070902565
MET038,1,3,9,2,0.97738161595172557
MET038,1,3,9,3,0.95853835713724844
MET038,1,3,9,4,0.62543256027091032
MET038,1,3,9,5,0.71253917819565282
MET038,1,3,9,6,0.72387302099639095
MET038,1,3,9,7,0.81523755103682172
MET038,1,3,9,8,0.838029054887105
MET038,1,3,9,9,0.86422592624145256
MET038,2,1,0,0,0.76402891269525286
MET038,2,1,0,1,0.73421528886029608
MET038,2,1,0,2,1.0008430771377881
MET038,2,1,0,3,0.98685507142640561
MET038,2,1,0,4,1.0512440445502518
MET038,2,1,0,5,1.0181394015761711
MET038,2,1,0,6,1.0800000000000001
MET038,2,1,0,7,0.81920028034004289
MET038,2,1,0,8,0.79530004132496812
MET038,2,1,0,9,0.87125398258083309
MET038,2,1,1,0,0.92576713467877803
MET038,2,1,1,1,0.91340003056236085
MET038,2,1,1,2,0.7267940232600808
MET038,2,1,1,3,0.83786267922585334
MET038,2,1,1,4,0.79188199634134637
MET038,2,1,1,5,0.95608400157615236
MET038,2,1,1,6,0.83090987647626435
MET038,2,1,1,7,0.80732147525726772
MET038,2,1,1,8,0.81576944443327759
MET038,2,1,1,9,0.79154765792238702
MET038,2,1,2,0,0.95593497416654816
MET038,2,1,2,1,1.1417566917275186
MET038,2,1,2,2,0.80129803719574999
MET038,2,1,2,3,0.59870334579233586
MET038,2,1,2,4,0.78554715308639322
MET038,2,1,2,5,0.7772867073557852
MET038,2,1,2,6,0.69197296994057766
MET038,2,1,2,7,0.76658634206201481
MET038,2,1,2,8,0.83309578438957821
MET038,2,1,2,9,1.0826334671050422
MET038,2,1,3,0,1.1718771600517766
MET038,2,1,3,1,0.91372207855190402
MET038,2,1,3,2,0.76744006587954117
MET038,2,1,3,3,0.75143170123138237
MET038,2,1,3,4,0.55685253194743467
MET038,2,1,3,5,0.72815167466232378
MET038,2,1,3,6,0.7108461243705827
MET038,2,1,3,7,0.80798143793737254
MET038,2,1,3,8,0.72192006865124858
MET038,2,1,3,9,1.0586538873913509
MET038,2,1,4,0,0.96378205467210498
MET038,2,1,4,1,1.0916587073675843
MET038,2,1,4,2,0.89307679793858774
MET038,2,1,4,3,0.75231302853286264
MET038,2,1,4,4,0.66703574979078484
MET038,2,1,4,5,0.80649951920753238
MET038,2,1,4,6,0.65153863061537987
MET038,2,1,4,7,0.70714047555836113
MET038,2,1,4,8,0.64774399907403302
MET038,2,1,4,9,0.85504260690263734
MET038,2,1,5,0,1.0139836869412175
MET038,2,1,5,1,0.99894291419597403
MET038,2,1,5,2,0.92824961264714423
MET038,2,1,5,3,0.83762326262899656
MET038,2,1,5,4,0.67090747766614323
MET038,2,1,5,5,0.77100667716165505
MET038,2,1,5,6,0.57609369022963197
MET038,2,1,5,7,0.70946585194191525
MET038,2,1,5,8,0.87200754985873097
MET038,2,1,5,9,0.78548364474292331
MET038,2,1,6,0,0.88951277112470073
MET038,2,1,6,1,1.0089467324723718
MET038,2,1,6,2,1.0546883681919512
MET038,2,1,6,3,1.0263589063858285
MET038,2,1,6,4,0.78551936283003898
MET038,2,1,6,5,0.75875424519102419
MET038,2,1,6,6,0.7291339671750795
MET038,2,1,6,7,0.8258521837423165
MET038,2,1,6,8,0.77479978602834165
MET038,2,1,6,9,0.68384449340876519
MET038,2,1,7,0,1.1623147218760419
MET038,2,1,7,1,0.99575173971706599
MET038,2,1,7,2,1.0080501663447297
MET038,2,1,7,3,0.86241770178581556
MET038,2,1,7,4,0.76254545652784556
MET038,2,1,7,5,0.76669623830757794
MET038,2,1,7,6,0.93626777161026142
MET038,2,1,7,7,0.76892482562068332
MET038,2,1,7,8,0.83605454460702044
MET038,2,1,7,9,0.93410840748984658
MET038,2,1,8,0,0.93123671587526202
MET038,2,1,8,1,1.1271320943879586
MET038,2,1,8,2,0.82889403099592662
MET038,2,1,8,3,0.82080423892918697
MET038,2,1,8,4,0.90754182024794483
MET038,2,1,8,5,0.90317643200891062
MET038,2,1,8,6,0.72994440491190804
MET038,2,1,8,7,0.81640279554809092
MET038,2,1,8,8,0.77733224880515239
MET038,2,1,8,9,0.89208335165800456
MET038,2,1,9,0,1.1284732487465503
MET038,2,1,9,1,0.98329138691082962
MET038,2,1,9,2,0.88333723940278108
MET038,2,1,9,3,0.77934359557793664
MET038,2,1,9,4,0.82777543539002141
MET038,2,1,9,5,0.705034039740976
MET038,2,1,9,6,0.97697455509572761
MET038,2,1,9,7,0.82239280060121056
MET038,2,1,9,8,0.7403317341593969
MET038,2,1,9,9,0.70475359767168211
MET038,2,2,0,0,0.75921865861421445
MET038,2,2,0,1,0.78338469838012448
MET038,2,2,0,2,0.93016225864672841
MET038,2,2,0,3,0.83380708724266139
MET038,2,2,0,4,0.93856536614209163
MET038,2,2,0,5,0.65500838543786732
MET038,2,2,0,6,0.76278210327734786
MET038,2,2,0,7,0.92159262622243443
MET038,2,2,0,8,0.85474282318881334
MET038,2,2,0,9,0.6801555142091219
MET038,2,2,1,0,1.0336418837305441
MET038,2,2,1,1,0.81913190435793448
MET038,2,2,1,2,0.70376895453368948
MET038,2,2,1,3,0.87760752125530916
MET038,2,2,1,4,0.87250593480347571
MET038,2,2,1,5,0.84019788620767288
MET038,2,2,1,6,1.0333297786594666
MET038,2,2,1,7,0.87421297123895247
MET038,2,2,1,8,0.7478023058880181
MET038,2,2,1,9,0.76101688544382173
MET038,2,2,2,0,0.93502832144947678
MET038,2,2,2,1,0.98387803498613524
MET038,2,2,2,2,0.81893689584808294
MET038,2,2,2,3,0.83187033554629131
MET038,2,2,2,4,0.61442950259125884
MET038,2,2,2,5,0.94406711417697475
MET038,2,2,2,6,0.79103907592573919
MET038,2,2,2,7,0.6941588789394284
MET038,2,2,2,8,0.71768009863868398
MET038,2,2,2,9,0.74135705444631128
MET038,2,2,3,0,0.85641469826171268
MET038,2,2,3,1,0.92603492539212995
MET038,2,2,3,2,0.65043038104860873
MET038,2,2,3,3,0.67564591289386455
MET038,2,2,3,4,0.62478019540617458
MET038,2,2,3,5,0.63882616469354792
MET038,2,2,3,6,0.81575823376271772
MET038,2,2,3,7,0.79567073856183801
MET038,2,2,3,8,0.80185914748730902
MET038,2,2,3,9,0.71397735960025543
MET038,2,2,4,0,0.86440001359358831
MET038,2,2,4,1,0.90934914217817864
MET038,2,2,4,2,0.80454337927424024
MET038,2,2,4,3,0.86418573429221701
MET038,2,2,4,4,0.79109081503556478
MET038,2,2,4,5,0.70894772685267393
MET038,2,2,4,6,0.6702851200597113
MET038,2,2,4,7,0.78875707526502215
MET038,2,2,4,8,0.75856160181799437
MET038,2,2,4,9,0.85744895267603705
MET038,2,2,5,0,1.0496909272598371
MET038,2,2,5,1,0.83382493550035131
MET038,2,2,5,2,1.0359460072679929
MET038,2,2,5,3,0.88631544025780151
MET038,2,2,5,4,0.66333998454339527
MET038,2,2,5,5,0.61502226661236548
MET038,2,2,5,6,0.78127651338173842
MET038,2,2,5,7,0.6817773821682005
MET038,2,2,5,8,0.95330715823491685
MET038,2,2,5,9,0.71344731960144825
MET038,2,2,6,0,0.84307102143665191
MET038,2,2,6,1,1.0173965162630167
MET038,2,2,6,2,0.75075357762695616
MET038,2,2,6,3,0.72848931934832406
MET038,2,2,6,4,0.78928719767154287
MET038,2,2,6,5,0.64093427232841227
MET038,2,2,6,6,0.74674560523629996
MET038,2,2,6,7,0.69968273755534593
MET038,2,2,6,8,0.76963839365543407
MET038,2,2,6,9,0.63586580313286045
MET038,2,2,7,0,1.0819832864701844
MET038,2,2,7,1,1.0469900672040551
MET038,2,2,7,2,0.83076759696348823
MET038,2,2,7,3,0.81376064874583753
MET038,2,2,7,4,0.93104880009131763
MET038,2,2,7,5,0.80010731993253359
MET038,2,2,7,6,0.83314928118070986
MET038,2,2,7,7,0.78146956573467163
MET038,2,2,7,8,0.78421558497049015
MET038,2,2,7,9,0.83402631381841641
MET038,2,2,8,0,0.94946405698029801
MET038,2,2,8,1,0.75338619054929123
MET038,2,2,8,2,0.82361239571158684
MET038,2,2,8,3,0.93648373900762538
MET038,2,2,8,4,0.89431958899146735
MET038,2,2,8,5,0.80201169050474153
MET038,2,2,8,6,0.77087859639226097
MET038,2,2,8,7,0.67261676934905712
MET038,2,2,8,8,0.71033204905866687
MET038,2,2,8,9,0.72893757920456825
MET038,2,2,9,0,0.83074477498812616
MET038,2,2,9,1,0.91737083039756517
MET038,2,2,9,2,0.85507500403350878
MET038,2,2,9,3,0.85671851373040986
MET038,2,2,9,4,0.75071984088307731
MET038,2,2,9,5,0.81862222878316482
MET038,2,2,9,6,0.64642410490669389
MET038,2,2,9,7,0.83435514632619168
MET038,2,2,9,8,0.91316463392546865
MET038,2,2,9,9,0.66450523363815861
MET038,2,3,0,0,0.72188507950956837
MET038,2,3,0,1,0.82476251075294127
MET038,2,3,0,2,0.74037483670421167
MET038,2,3,0,3,0.8207949478187363
MET038,2,3,0,4,0.88059257129621971
MET038,2,3,0,5,0.83769869476793934
MET038,2,3,0,6,0.79000658163570736
MET038,2,3,0,7,0.77447138177443475
MET038,2,3,0,8,0.85589859005574465
MET038,2,3,0,9,0.8772881499529368
MET038,2,3,1,0,0.95320036233739303
MET038,2,3,1,1,0.81681275459708835
MET038,2,3,1,2,0.59256349837500699
MET038,2,3,1,3,0.62193469399860257
MET038,2,3,1,4,0.67153066346899548
MET038,2,3,1,5,0.92450457550389964
MET038,2,3,1,6,0.81370616307126853
MET038,2,3,1,7,0.77154612421125612
MET038,2,3,1,8,0.674414113897706
MET038,2,3,1,9,0.72218599442593978
MET038,2,3,2,0,0.82385621547089449
MET038,2,3,2,1,0.78649344387123821
MET038,2,3,2,2,0.66816730896282461
MET038,2,3,2,3,0.6974450339699112
MET038,2,3,2,4,0.63649918483406354
MET038,2,3,2,5,0.7728148593159444
MET038,2,3,2,6,0.80914393134973084
MET038,2,3,2,7,0.61072282476285777
MET038,2,3,2,8,0.78609991639746446
MET038,2,3,2,9,0.85339848540814933
MET038,2,3,3,0,0.70734012131239887
MET038,2,3,3,1,0.78714950622300361
MET038,2,3,3,2,0.60009304750893244
MET038,2,3,3,3,0.91505843300605405
MET038,2,3,3,4,0.74335307442585463
MET038,2,3,3,5,0.66277707308236034
MET038,2,3,3,6,0.64451216775030484
MET038,2,3,3,7,0.7868194664400695
MET038,2,3,3,8,0.62727154547256359
MET038,2,3,3,9,0.76984026863433341
MET038,2,3,4,0,1.0029613852275785
MET038,2,3,4,1,0.76123496354006182
MET038,2,3,4,2,0.67861120057493252
MET038,2,3,4,3,0.76766980798589723
MET038,2,3,4,4,0.66422775375357879
MET038,2,3,4,5,0.66126739112121458
MET038,2,3,4,6,0.84119191374811564
MET038,2,3,4,7,0.80422547182708781
MET038,2,3,4,8,0.76587548406427841
MET038,2,3,4,9,0.52120523309627509
MET038,2,3,5,0,1.1046382557590395
MET038,2,3,5,1,1.1658986785753127
MET038,2,3,5,2,0.91995613559189915
MET038,2,3,5,3,0.79197546090808135
MET038,2,3,5,4,0.66129443736534199
MET038,2,3,5,5,0.65068047150294961
MET038,2,3,5,6,0.79126344904892543
MET038,2,3,5,7,0.86370293135060094
MET038,2,3,5,8,0.62479174893778977
MET038,2,3,5,9,0.68321719254378643
MET038,2,3,6,0,0.98804529760777837
MET038,2,3,6,1,0.84338305599852803
MET038,2,3,6,2,0.73046130483532301
MET038,2,3,6,3,0.80545635588893139
MET038,2,3,6,4,0.53354876000194984
MET038,2,3,6,5,0.76923703588545966
MET038,2,3,6,6,0.82817202873098872
MET038,2,3,6,7,0.73949836188180829
MET038,2,3,6,8,0.66228126193365477
MET038,2,3,6,9,0.73062036124693008
MET038,2,3,7,0,0.94957285614538245
MET038,2,3,7,1,0.76012183756621443
MET038,2,3,7,2,0.62812307149774071
MET038,2,3,7,3,0.71647428453796203
MET038,2,3,7,4,0.65353268437172662
MET038,2,3,7,5,0.64291221519804298
MET038,2,3,7,6,0.62216373767193289
MET038,2,3,7,7,0.76735634254480434
MET038,2,3,7,8,0.70994447804326033
MET038,2,3,7,9,0.7856036737969424
MET038,2,3,8,0,0.68534044462481369
MET038,2,3,8,1,0.81068313692013005
MET038,2,3,8,2,0.72056991132022497
MET038,2,3,8,3,0.79701498265185289
MET038,2,3,8,4,0.53080757580877747
MET038,2,3,8,5,0.71690992377531726
MET038,2,3,8,6,0.66855619786307696
MET038,2,3,8,7,0.69751608263324327
MET038,2,3,8,8,0.83787997251967061
MET038,2,3,8,9,0.77699779601485042
MET038,2,3,9,0,0.67044109544047326
MET038,2,3,9,1,0.81181866567902516
MET038,2,3,9,2,0.71108197177836074
MET038,2,3,9,3,0.80440988581417072
MET038,2,3,9,4,0.87454859636639293
MET038,2,3,9,5,0.73693721368391896
MET038,2,3,9,6,0.82096704377791718
MET038,2,3,9,7,0.61278879779258111
MET038,2,3,9,8,0.59864752727583137
MET038,2,3,9,9,0.78093956763906835
MET039,1,1,0,0,1.4445209291090748
MET039,1,1,0,1,1.4451995528690975
MET039,1,1,0,2,1.1247430702218355
MET039,1,1,0,3,0.98896694628178039
MET039,1,1,0,4,1.2669889546107576
MET039,1,1,0,5,1.4700275277703423
MET039,1,1,0,6,1.5481598167603066
MET039,1,1,0,7,1.1868026482762364
MET039,1,1,0,8,1.3278071605339152
MET039,1,1,0,9,1.4700581759196412
MET039,1,1,1,0,1.3931466780452617
MET039,1,1,1,1,1.2623438874751844
MET039,1,1,1,2,1.1340385425345436
MET039,1,1,1,3,0.65615228048960539
MET039,1,1,1,4,1.021329391739956
MET039,1,1,1,5,1.0878080540075741
MET039,1,1,1,6,1.1272122620710645
MET039,1,1,1,7,1.3669551311855019
MET039,1,1,1,8,1.1684311032771779
MET039,1,1,1,9,1.1161598083269459
MET039,1,1,2,0,1.2207585684813804
MET039,1,1,2,1,1.4242105344067386
MET039,1,1,2,2,0.82261874864603868
MET039,1,1,2,3,0.99101895114049898
MET039,1,1,2,4,0.65607989377806475
MET039,1,1,2,5,0.89492092363666276
MET039,1,1,2,6,1.0926706192247371
MET039,1,1,2,7,1.0443481448897409
MET039,1,1,2,8,1.3308823244246506
MET039,1,1,2,9,0.94810076305000057
MET039,1,1,3,0,1.2164278937662552
MET039,1,1,3,1,1.1604522234520629
MET039,1,1,3,2,1.0641057437639043
MET039,1,1,3,3,0.90943201047707878
MET039,1,1,3,4,0.92262947359636682
MET039,1,1,3,5,0.62920377389039905
MET039,1,1,3,6,0.76336210587926556
MET039,1,1,3,7,0.70451128206074409
MET039,1,1,3,8,0.78261828419597912
MET039,1,1,3,9,0.96984908439564443
MET039,1,1,4,0,1.2854663482757689
MET039,1,1,4,1,1.1690570791125912
MET039,1,1,4,2,1.2354874327101182
MET039,1,1,4,3,1.0979194466919728
MET039,1,1,4,4,0.77097407951960384
MET039,1,1,4,5,0.94257521058294136
MET039,1,1,4,6,0.64793885471918689
MET039,1,1,4,7,0.81193574011302194
MET039,1,1,4,8,0.71831366315210332
MET039,1,1,4,9,0.77015509444964636
MET039,1,1,5,0,0.95958281313504057
MET039,1,1,5,1,0.96423299073693403
MET039,1,1,5,2,0.91997287839827924
MET039,1,1,5,3,1.1857108870072333
MET039,1,1,5,4,0.81766563719072105
MET039,1,1,5,5,0.90953861276987535
MET039,1,1,5,6,0.64825278232960692
MET039,1,1,5,7,0.6724200733411293
MET039,1,1,5,8,0.64037438933472135
MET039,1,1,5,9,0.72347291262514668
MET039,1,1,6,0,1.0151120615186755
MET039,1,1,6,1,0.75674493276710375
MET039,1,1,6,2,1.0416098825776421
MET039,1,1,6,3,0.91738965700097463
MET039,1,1,6,4,0.99745094742236684
MET039,1,1,6,5,0.86138790442036617
MET039,1,1,6,6,0.70957475794352132
MET039,1,1,6,7,0.83236325897558883
MET039,1,1,6,8,0.63922609466911628
MET039,1,1,6,9,0.75983943721881797
MET039,1,1,7,0,0.77090990665901493
MET039,1,1,7,1,0.8012769533976557
MET039,1,1,7,2,0.93061027173220523
MET039,1,1,7,3,1.156082341211788
MET039,1,1,7,4,1.0129971735523069
MET039,1,1,7,5,1.0029610613522164
MET039,1,1,7,6,0.88569892152385643
MET039,1,1,7,7,0.84462188567556795
MET039,1,1,7,8,0.75695342857058412
MET039,1,1,7,9,0.78877736516997421
MET039,1,1,8,0,1.2300255988354789
MET039,1,1,8,1,1.0610701718026565
MET039,1,1,8,2,1.0370855277203843
MET039,1,1,8,3,1.1378745713689342
MET039,1,1,8,4,0.96127562299740199
MET039,1,1,8,5,1.0687608395812611
MET039,1,1,8,6,0.88917952065717798
MET039,1,1,8,7,0.99335428990445385
MET039,1,1,8,8,0.8556454629347553
MET039,1,1,8,9,0.74326978711491598
MET039,1,1,9,0,0.91692219917467943
MET039,1,1,9,1,1.0125344789731408
MET039,1,1,9,2,0.96885704659502181
MET039,1,1,9,3,0.96384914967730539
MET039,1,1,9,4,0.83691035627424948
MET039,1,1,9,5,1.1250059169851538
MET039,1,1,9,6,1.0100646657852057
MET039,1,1,9,7,1.0157135845262195
MET039,1,1,9,8,0.91126504566387245
MET039,1,1,9,9,0.89353416305852806
MET039,1,2,0,0,1.4673148961372624
MET039,1,2,0,1,1.3135066757857787
MET039,1,2,0,2,0.90974621116422438
MET039,1,2,0,3,1.0296401453456836
MET039,1,2,0,4,1.1907266170790989
MET039,1,2,0,5,1.3291306772614722
MET039,1,2,0,6,1.3433519804299705
MET039,1,2,0,7,0.92559376097365398
MET039,1,2,0,8,1.4292739452809664
MET039,1,2,0,9,1.3138031742813714
MET039,1,2,1,0,1.4654077909516985
MET039,1,2,1,1,1.4956723518169055
MET039,1,2,1,2,1.1550165494745257
MET039,1,2,1,3,0.88618142923392373
MET039,1,2,1,4,0.70679011579006457
MET039,1,2,1,5,0.96440788236246944
MET039,1,2,1,6,1.1936289041074604
MET039,1,2,1,7,1.0803221962637704
MET039,1,2,1,8,1.2896179681627689
MET039,1,2,1,9,1.1707837670835488
MET039,1,2,2,0,1.347195210258562
MET039,1,2,2,1,1.3130844988980348
MET039,1,2,2,2,1.1683258025606242
MET039,1,2,2,3,1.0064502469465211
MET039,1,2,2,4,0.8066327562797766
MET039,1,2,2,5,0.60979428432359117
MET039,1,2,2,6,1.1665589512074053
MET039,1,2,2,7,0.76871043449866294
MET039,1,2,2,8,1.2443815674274827
MET039,1,2,2,9,0.9491871617045804
MET039,1,2,3,0,1.3662347071481915
MET039,1,2,3,1,1.5177564660119458
MET039,1,2,3,2,0.8689651062011039
MET039,1,2,3,3,1.056135883822501
MET039,1,2,3,4,0.69139915488118109
MET039,1,2,3,5,0.6739120431071689
MET039,1,2,3,6,0.59800755164739716
MET039,1,2,3,7,0.83127758257577
MET039,1,2,3,8,0.93008534207008042
MET039,1,2,3,9,0.92387612310115474
MET039,1,2,4,0,1.2129416828626169
MET039,1,2,4,1,0.88768853587565422
MET039,1,2,4,2,1.1934606374025702
MET039,1,2,4,3,1.0247456562965784
MET039,1,2,4,4,0.90187138383444443
MET039,1,2,4,5,0.67182638735032441
MET039,1,2,4,6,0.65161504620639932
MET039,1,2,4,7,0.68149819895862174
MET039,1,2,4,8,0.7806048014797774
MET039,1,2,4,9,0.83253969360340008
MET039,1,2,5,0,0.99499654555879602
MET039,1,2,5,1,1.1366387904079742
MET039,1,2,5,2,0.8106219887947449
MET039,1,2,5,3,1.198726352767618
MET039,1,2,5,4,0.90374168809595223
MET039,1,2,5,5,0.89205140311715936
MET039,1,2,5,6,0.69733465541341999
MET039,1,2,5,7,0.80889422186955562
MET039,1,2,5,8,0.71661814251951539
MET039,1,2,5,9,0.67798085897673332
MET039,1,2,6,0,1.0480078800460919
MET039,1,2,6,1,1.0828980634835017
MET039,1,2,6,2,0.97144828024174457
MET039,1,2,6,3,0.84531312292600003
MET039,1,2,6,4,0.80567834955981921
MET039,1,2,6,5,0.86585324952696363
MET039,1,2,6,6,0.85405959987876434
MET039,1,2,6,7,0.79537246933569994
MET039,1,2,6,8,0.69241931518905819
MET039,1,2,6,9,0.81416895403430811
MET039,1,2,7,0,1.0597807250450648
MET039,1,2,7,1,1.0851870148493614
MET039,1,2,7,2,0.84248871507416756
MET039,1,2,7,3,1.1068331890932941
MET039,1,2,7,4,0.9990976071365566
MET039,1,2,7,5,1.0904591414665878
MET039,1,2,7,6,0.85759263817907216
MET039,1,2,7,7,0.82434270840061918
MET039,1,2,7,8,0.66413331613301763
MET039,1,2,7,9,0.78113305705395886
MET039,1,2,8,0,0.91564098026532204
MET039,1,2,8,1,1.2812523604687895
MET039,1,2,8,2,0.88941152106082511
MET039,1,2,8,3,1.2599697266991654
MET039,1,2,8,4,0.84565853482873388
MET039,1,2,8,5,0.8688918368741958
MET039,1,2,8,6,0.94166524996450796
MET039,1,2,8,7,0.94366335065402085
MET039,1,2,8,8,0.80223909759288026
MET039,1,2,8,9,0.70118260451691272
MET039,1,2,9,0,0.90801143367819837
MET039,1,2,9,1,0.94584331064203997
MET039,1,2,9,2,1.0024062253803991
MET039,1,2,9,3,1.0585114201397463
MET039,1,2,9,4,1.0472348210454867
MET039,1,2,9,5,0.86801636469985088
MET039,1,2,9,6,0.99435031379383665
MET039,1,2,9,7,0.98064134186517515
MET039,1,2,9,8,0.9166649306462874
MET039,1,2,9,9,0.90986707062990879
MET039,1,3,0,0,1.3481056379996026
MET039,1,3,0,1,1.1886081874749366
MET039,1,3,0,2,0.90251364933115563
MET039,1,3,0,3,1.040997719801551
MET039,1,3,0,4,1.0167330213546808
MET039,1,3,0,5,0.92894776557538083
MET039,1,3,0,6,1.170353432253634
MET039,1,3,0,7,1.4185172673122588
MET039,1,3,0,8,1.1798369325581848
MET039,1,3,0,9,1.3932119461779846
MET039,1,3,1,0,1.3535940766996823
MET039,1,3,1,1,1.0808945055730177
MET039,1,3,1,2,1.0646719915246614
MET039,1,3,1,3,0.91705771235824463
MET039,1,3,1,4,0.76517271989050506
MET039,1,3,1,5,0.79149318642370503
MET039,1,3,1,6,0.82616995146589578
MET039,1,3,1,7,1.0641067385626295
MET039,1,3,1,8,1.090650262581744
MET039,1,3,1,9,1.229390278287783
MET039,1,3,2,0,1.3580705128042834
MET039,1,3,2,1,1.0824497869552769
MET039,1,3,2,2,0.98055726451149217
MET039,1,3,2,3,1.0616545063484473
MET039,1,3,2,4,0.6930505321682332
MET039,1,3,2,5,0.74894866849411912
MET039,1,3,2,6,0.94113257480044843
MET039,1,3,2,7,0.88317406558232403
MET039,1,3,2,8,1.0765616803488549
MET039,1,3,2,9,0.99206148234309754
MET039,1,3,3,0,1.1403911022918716
MET039,1,3,3,1,1.0820360745826858
MET039,1,3,3,2,1.0099694869814937
MET039,1,3,3,3,0.963419376762088
MET039,1,3,3,4,0.82578468890250478
MET039,1,3,3,5,0.58269566937046458
MET039,1,3,3,6,0.86622396209341057
MET039,1,3,3,7,0.87310598281930307
MET039,1,3,3,8,0.66889826348838721
MET039,1,3,3,9,0.76062337806584068
MET039,1,3,4,0,1.2114313806721606
MET039,1,3,4,1,1.0917299510035052
MET039,1,3,4,2,0.94787207469344437
MET039,1,3,4,3,1.079081650625239
MET039,1,3,4,4,0.83140366733652704
MET039,1,3,4,5,0.86797696114434342
MET039,1,3,4,6,0.68202165988174979
MET039,1,3,4,7,0.60461261574897063
MET039,1,3,4,8,0.74567860157070232
MET039,1,3,4,9,0.76788246566671048
MET039,1,3,5,0,0.9070488172949922
MET039,1,3,5,1,1.2710434269288324
MET039,1,3,5,2,1.0158923609181649
MET039,1,3,5,3,1.093707141426757
MET039,1,3,5,4,1.0106840734678211
MET039,1,3,5,5,0.90071791781940369
MET039,1,3,5,6,0.69824562887245201
MET039,1,3,5,7,0.87594559456572951
MET039,1,3,5,8,0.93498485784262841
MET039,1,3,5,9,0.60707315615545832
MET039,1,3,6,0,1.1075020779539897
MET039,1,3,6,1,0.97588500410626178
MET039,1,3,6,2,1.0077100420115417
MET039,1,3,6,3,0.7379994517417573
MET039,1,3,6,4,0.90584451415028244
MET039,1,3,6,5,1.084335929470351
MET039,1,3,6,6,0.7347267765694353
MET039,1,3,6,7,0.66203474416741381
MET039,1,3,6,8,0.57250980272525986
MET039,1,3,6,9,0.92555545412854034
MET039,1,3,7,0,1.0797297630164953
MET039,1,3,7,1,1.0023226771610716
MET039,1,3,7,2,1.0753040063605277
MET039,1,3,7,3,1.074239556834264
MET039,1,3,7,4,0.94250800583466898
MET039,1,3,7,5,0.85342003317846915
MET039,1,3,7,6,0.89713883803711481
MET039,1,3,7,7,0.75862806118562687
MET039,1,3,7,8,0.76694836507395192
MET039,1,3,7,9,0.7620739817826514
MET039,1,3,8,0,1.0929273331326503
MET039,1,3,8,1,1.0156410833037173
MET039,1,3,8,2,0.88335552094593184
MET039,1,3,8,3,0.89227356852662187
MET039,1,3,8,4,0.8802355575373082
MET039,1,3,8,5,0.99159393103671323
MET039,1,3,8,6,1.0531813047560998
MET039,1,3,8,7,0.80214699938127509
MET039,1,3,8,8,1.1522963119028511
MET039,1,3,8,9,0.67552643139440316
MET039,1,3,9,0,0.92061035271692404
MET039,1,3,9,1,0.91044237386065396
MET039,1,3,9,2,0.90921223044378263
MET039,1,3,9,3,0.86713156674971548
MET039,1,3,9,4,0.78054754239997171
MET039,1,3,9,5,1.1595515943617001
MET039,1,3,9,6,0.76104643880221179
MET039,1,3,9,7,0.90762332269420642
MET039,1,3,9,8,0.85116543454399507
MET039,1,3,9,9,0.64356784222507812
MET039,2,1,0,0,1.472371342007154
MET039,2,1,0,1,1.3138232078344261
MET039,2,1,0,2,1.1099002015519972
MET039,2,1,0,3,1.1203835984675294
MET039,2,1,0,4,0.97605123046525222
MET039,2,1,0,5,1.3065120735921645
MET039,2,1,0,6,1.4563502466322171
MET039,2,1,0,7,1.1104887383561024
MET039,2,1,0,8,1.0358498762578356
MET039,2,1,0,9,0.91205513209254963
MET039,2,1,1,0,1.2226426286452912
MET039,2,1,1,1,1.2209523041387305
MET039,2,1,1,2,1.2292034980882254
MET039,2,1,1,3,0.95525760300676354
MET039,2,1,1,4,0.92360616927101125
MET039,2,1,1,5,1.1446463735029708
MET039,2,1,1,6,1.0053027342142415
MET039,2,1,1,7,0.92427071620897105
MET039,2,1,1,8,1.1246393587357555
MET039,2,1,1,9,0.89842844036680403
MET039,2,1,2,0,1.1853449987588358
MET039,2,1,2,1,0.97689822190239484
MET039,2,1,2,2,0.84386109612454818
MET039,2,1,2,3,0.71726401369439186
MET039,2,1,2,4,0.8536769773884606
MET039,2,1,2,5,0.62792292967488694
MET039,2,1,2,6,0.85737680414147732
MET039,2,1,2,7,0.68092743854037829
MET039,2,1,2,8,0.90777265176969202
MET039,2,1,2,9,0.74539780442208248
MET039,2,1,3,0,1.1556035311501964
MET039,2,1,3,1,1.0615420809103691
MET039,2,1,3,2,0.93476391751380039
MET039,2,1,3,3,0.76678660425271794
MET039,2,1,3,4,0.832227147563951
MET039,2,1,3,5,0.63669636249732164
MET039,2,1,3,6,0.62643295673475619
MET039,2,1,3,7,0.79055565465893796
MET039,2,1,3,8,0.72378775394847106
MET039,2,1,3,9,0.71725012339280703
MET039,2,1,4,0,0.94937736960114161
MET039,2,1,4,1,1.0499509218953744
MET039,2,1,4,2,0.80903081152190459
MET039,2,1,4,3,0.75099662985203908
MET039,2,1,4,4,0.71915788568784567
MET039,2,1,4,5,0.59048391237730524
MET039,2,1,4,6,0.7058880930849456
MET039,2,1,4,7,0.74852473475719483
MET039,2,1,4,8,0.59750638103447296
MET039,2,1,4,9,0.68805821942425593
MET039,2,1,5,0,1.049316623108425
MET039,2,1,5,1,0.88556950779064669
MET039,2,1,5,2,0.96250206669095284
MET039,2,1,5,3,0.79095780472427646
MET039,2,1,5,4,0.93194392365538603
MET039,2,1,5,5,0.67525546003913894
MET039,2,1,5,6,0.65216079260649051
MET039,2,1,5,7,0.71061056217721186
MET039,2,1,5,8,0.669646052950017
MET039,2,1,5,9,0.72531243457912897
MET039,2,1,6,0,0.70353572157579125
MET039,2,1,6,1,0.91552427571392003
MET039,2,1,6,2,0.74926945110360177
MET039,2,1,6,3,0.69171088719628915
MET039,2,1,6,4,0.83086906116355885
MET039,2,1,6,5,0.75696514827415828
MET039,2,1,6,6,0.66621498812644253
MET039,2,1,6,7,0.56037147341699367
MET039,2,1,6,8,0.72243202809552998
MET039,2,1,6,9,0.60809964123275395
MET039,2,1,7,0,0.75567072545576353
MET039,2,1,7,1,0.74177936725843319
MET039,2,1,7,2,0.71293111527881925
MET039,2,1,7,3,0.73157963483143817
MET039,2,1,7,4,0.84143199482790676
MET039,2,1,7,5,0.78323944728204842
MET039,2,1,7,6,0.69305616273914183
MET039,2,1,7,7,0.64292951534599685
MET039,2,1,7,8,0.81834743332482129
MET039,2,1,7,9,0.59957861574542293
MET039,2,1,8,0,0.84222048957797935
MET039,2,1,8,1,0.95374619237554881
MET039,2,1,8,2,0.85401687641413493
MET039,2,1,8,3,0.80789910127291797
MET039,2,1,8,4,0.85500337644704794
MET039,2,1,8,5,0.76729576341681449
MET039,2,1,8,6,0.77573815240364907
MET039,2,1,8,7,0.69842064884597865
MET039,2,1,8,8,0.65250202495400067
MET039,2,1,8,9,0.74654057272769081
MET039,2,1,9,0,0.77108708272842419
MET039,2,1,9,1,0.77544786580801484
MET039,2,1,9,2,0.82239355412970583
MET039,2,1,9,3,1.0424847539558486
MET039,2,1,9,4,0.98473531556023197
MET039,2,1,9,5,0.75942432844329366
MET039,2,1,9,6,0.75234440383741852
MET039,2,1,9,7,0.83323301648408954
MET039,2,1,9,8,0.81261214797092651
MET039,2,1,9,9,0.69274462937560088
MET039,2,2,0,0,1.5281452771678925
MET039,2,2,0,1,1.2215117101154791
MET039,2,2,0,2,1.1635205717264061
MET039,2,2,0,3,0.81987972136514842
MET039,2,2,0,4,1.4271416101837524
MET039,2,2,0,5,1.1508977934268405
MET039,2,2,0,6,0.99356890098390516
MET039,2,2,0,7,1.2219866696245527
MET039,2,2,0,8,0.96967712978543197
MET039,2,2,0,9,0.90562466648604356
MET039,2,2,1,0,1.4441681287947532
MET039,2,2,1,1,1.0501726597753736
MET039,2,2,1,2,1.0229517762613125
MET039,2,2,1,3,0.85730208386935036
MET039,2,2,1,4,0.79758394122761211
MET039,2,2,1,5,0.94337845124090058
MET039,2,2,1,6,0.88621474266135558
MET039,2,2,1,7,1.2702086335327871
MET039,2,2,1,8,1.1164666658641869
MET039,2,2,1,9,0.73825550652263949
MET039,2,2,2,0,1.0402783822959931
MET039,2,2,2,1,0.97953888934062405
MET039,2,2,2,2,0.86604162262017625
MET039,2,2,2,3,0.75937872914072235
MET039,2,2,2,4,1.0097041150169048
MET039,2,2,2,5,0.75743978165738191
MET039,2,2,2,6,0.70293511993594004
MET039,2,2,2,7,0.91558312442200485
MET039,2,2,2,8,0.94303097825003357
MET039,2,2,2,9,0.72997980660888429
MET039,2,2,3,0,1.0439136818954189
MET039,2,2,3,1,1.0034981851631737
MET039,2,2,3,2,1.1337916072391014
MET039,2,2,3,3,1.0044911155738785
MET039,2,2,3,4,0.73244667385525042
MET039,2,2,3,5,0.64960115816724473
MET039,2,2,3,6,0.70345434816300467
MET039,2,2,3,7,0.82597106607714166
MET039,2,2,3,8,0.78909600607661978
MET039,2,2,3,9,0.77532312926114744
MET039,2,2,4,0,1.2431767315879489
MET039,2,2,4,1,1.0226378080976484
MET039,2,2,4,2,0.97926404994534078
MET039,2,2,4,3,0.8477928421234977
MET039,2,2,4,4,0.91560660803600324
MET039,2,2,4,5,0.68904898876812004
MET039,2,2,4,6,0.52322620961087796
MET039,2,2,4,7,0.65077488384980386
MET039,2,2,4,8,0.80156907355999307
MET039,2,2,4,9,0.70918052376729923
MET039,2,2,5,0,1.1352559717401731
MET039,2,2,5,1,0.98791572876522482
MET039,2,2,5,2,0.77358166545276552
MET039,2,2,5,3,0.7429891196824443
MET039,2,2,5,4,0.68261425974346068
MET039,2,2,5,5,0.58497044229752071
MET039,2,2,5,6,0.67675881435135488
MET039,2,2,5,7,0.74254977018168644
MET039,2,2,5,8,0.74117893385261902
MET039,2,2,5,9,0.62341421374683448
MET039,2,2,6,0,1.0794540118974365
MET039,2,2,6,1,1.0000662877987525
MET039,2,2,6,2,0.91509282436438244
MET039,2,2,6,3,0.74825060911911501
MET039,2,2,6,4,0.78138045804489775
MET039,2,2,6,5,0.65653791009875584
MET039,2,2,6,6,0.64153011289881601
MET039,2,2,6,7,0.48438087652217421
MET039,2,2,6,8,0.63217752895605162
MET039,2,2,6,9,0.69738605432453182
MET039,2,2,7,0,0.78311224889030462
MET039,2,2,7,1,0.98522449254331645
MET039,2,2,7,2,0.70911038841629936
MET039,2,2,7,3,0.72495932810912034
MET039,2,2,7,4,0.84304731283688983
MET039,2,2,7,5,0.76501191023499326
MET039,2,2,7,6,0.76059621109060738
MET039,2,2,7,7,0.77306511276054168
MET039,2,2,7,8,0.57631753163358246
MET039,2,2,7,9,0.60536247505788787
MET039,2,2,8,0,0.86613501180824715
MET039,2,2,8,1,0.80402426364798296
MET039,2,2,8,2,0.86484589943554302
MET039,2,2,8,3,0.83601549991725754
MET039,2,2,8,4,0.89708926699596603
MET039,2,2,8,5,0.74621475774813573
MET039,2,2,8,6,0.74476012355260701
MET039,2,2,8,7,0.71465764914831775
MET039,2,2,8,8,0.8012524982854794
MET039,2,2,8,9,0.74373394316072494
MET039,2,2,9,0,0.83233890152674483
MET039,2,2,9,1,0.75399279809230246
MET039,2,2,9,2,0.83844531268031008
MET039,2,2,9,3,0.90049467669443162
MET039,2,2,9,4,0.77005031669852408
MET039,2,2,9,5,0.65051168135971271
MET039,2,2,9,6,0.67161374785397654
MET039,2,2,9,7,0.76672807293089928
MET039,2,2,9,8,0.67420032659073115
MET039,2,2,9,9,0.96342384961137895
MET039,2,3,0,0,1.4643417160085901
MET039,2,3,0,1,1.3960193233518301
MET039,2,3,0,2,1.1405399398157308
MET039,2,3,0,3,0.90990551689491039
MET039,2,3,0,4,1.0992978104710718
MET039,2,3,0,5,1.1811799541824357
MET039,2,3,0,6,1.4167250126876771
MET039,2,3,0,7,1.0565691023509365
MET039,2,3,0,8,1.1756371358862463
MET039,2,3,0,9,1.2402098015083185
MET039,2,3,1,0,1.2768899586867544
MET039,2,3,1,1,1.367459346971867
MET039,2,3,1,2,0.99929056531619365
MET039,2,3,1,3,0.98184779156986235
MET039,2,3,1,4,0.6623619939193448
MET039,2,3,1,5,1.015592373157695
MET039,2,3,1,6,1.0811202105425903
MET039,2,3,1,7,1.1534824125685788
MET039,2,3,1,8,0.94713886121297819
MET039,2,3,1,9,0.96406046035670723
MET039,2,3,2,0,1.0621048418397918
MET039,2,3,2,1,1.1988224041753437
MET039,2,3,2,2,0.97431228672141723
MET039,2,3,2,3,0.87988679235647582
MET039,2,3,2,4,0.87189429963764631
MET039,2,3,2,5,0.64028986172889579
MET039,2,3,2,6,0.79396180229775271
MET039,2,3,2,7,0.96867684496887918
MET039,2,3,2,8,0.83357761677905851
MET039,2,3,2,9,0.77979776307939919
MET039,2,3,3,0,1.2572711556465108
MET039,2,3,3,1,0.95604353003409581
MET039,2,3,3,2,0.96302997559556158
MET039,2,3,3,3,0.71963036732800501
MET039,2,3,3,4,0.70465866305751612
MET039,2,3,3,5,0.65039743687349483
MET039,2,3,3,6,0.71719376404900181
MET039,2,3,3,7,0.91677460425920565
MET039,2,3,3,8,0.83148390502074876
MET039,2,3,3,9,0.90712935761963998
MET039,2,3,4,0,1.1691026191221789
MET039,2,3,4,1,0.90698335630288296
MET039,2,3,4,2,1.0231060345177003
MET039,2,3,4,3,0.99048209889842576
MET039,2,3,4,4,0.92473073147240503
MET039,2,3,4,5,0.9947399915867442
MET039,2,3,4,6,0.8439975553957717
MET039,2,3,4,7,0.60024305413198631
MET039,2,3,4,8,0.79729806890453814
MET039,2,3,4,9,0.78483749523171586
MET039,2,3,5,0,1.1596844707494756
MET039,2,3,5,1,0.87345522816537224
MET039,2,3,5,2,0.97204133223996203
MET039,2,3,5,3,0.85152886571394393
MET039,2,3,5,4,0.74323316455008914
MET039,2,3,5,5,0.73230671636377243
MET039,2,3,5,6,0.72195326855845376
MET039,2,3,5,7,0.70266319136792088
MET039,2,3,5,8,0.8763213221562699
MET039,2,3,5,9,0.59769013261637105
MET039,2,3,6,0,1.0188866059528878
MET039,2,3,6,1,1.044111578605718
MET039,2,3,6,2,0.78017022649013146
MET039,2,3,6,3,1.0240556956080551
MET039,2,3,6,4,0.69968387439462609
MET039,2,3,6,5,0.83435760014143745
MET039,2,3,6,6,0.67682734582971327
MET039,2,3,6,7,0.67833236507718575
MET039,2,3,6,8,0.56861937131280227
MET039,2,3,6,9,0.69762270478405175
MET039,2,3,7,0,1.036581433713901
MET039,2,3,7,1,1.1854737010366938
MET039,2,3,7,2,1.1595844755968341
MET039,2,3,7,3,1.0134580571079557
MET039,2,3,7,4,1.0478883997576829
MET039,2,3,7,5,0.75542572908354377
MET039,2,3,7,6,0.77649573617943457
MET039,2,3,7,7,0.8140744700339162
MET039,2,3,7,8,0.68048662080734035
MET039,2,3,7,9,0.86468266267242244
MET039,2,3,8,0,1.0327326750967103
MET039,2,3,8,1,1.1892197842328991
MET039,2,3,8,2,1.1326523080350617
MET039,2,3,8,3,0.79353987799746373
MET039,2,3,8,4,0.68148976172223608
MET039,2,3,8,5,0.748002445937477
MET039,2,3,8,6,0.87164398471740823
MET039,2,3,8,7,0.91726500467541017
MET039,2,3,8,8,0.85854274840116085
MET039,2,3,8,9,0.70788164045263469
MET039,2,3,9,0,0.98210939947336218
MET039,2,3,9,1,0.9687308604348136
MET039,2,3,9,2,1.0328384661087862
MET039,2,3,9,3,1.1035097102552036
MET039,2,3,9,4,0.7859753687157528
MET039,2,3,9,5,0.83908329663342685
MET039,2,3,9,6,0.96149074940389379
MET039,2,3,9,7,0.73095807224351395
MET039,2,3,9,8,0.70746985430133646
MET039,2,3,9,9,0.7026682795529593
MET040,1,1,0,0,0.95526993959908002
MET040,1,1,0,1,0.90104685342780355
MET040,1,1,0,2,0.95854995794274878
MET040,1,1,0,3,0.96186592770388124
MET040,1,1,0,4,0.84342024787902603
MET040,1,1,0,5,1.0069410379067891
MET040,1,1,0,6,0.80951550861618338
MET040,1,1,0,7,0.9061912855395744
MET040,1,1,0,8,0.80257005500713596
MET040,1,1,0,9,0.80789837881184934
MET040,1,1,1,0,0.80002093867900359
MET040,1,1,1,1,0.97254485470270802
MET040,1,1,1,2,0.80298492721868198
MET040,1,1,1,3,0.91441218419700421
MET040,1,1,1,4,0.80351359750872486
MET040,1,1,1,5,0.65997975067967563
MET040,1,1,1,6,0.92042670451436537
MET040,1,1,1,7,0.6986673804420116
MET040,1,1,1,8,0.91348592567767561
MET040,1,1,1,9,0.85453286530725048
MET040,1,1,2,0,0.82825331979156291
MET040,1,1,2,1,0.81252433637668664
MET040,1,1,2,2,0.6099733426857854
MET040,1,1,2,3,0.75544600317088795
MET040,1,1,2,4,0.67912936366589549
MET040,1,1,2,5,0.7592723479614546
MET040,1,1,2,6,0.74717042882013007
MET040,1,1,2,7,0.82519178935675341
MET040,1,1,2,8,0.7265251106195767
MET040,1,1,2,9,0.80620049735574129
MET040,1,1,3,0,0.84533957821923711
MET040,1,1,3,1,0.68075170359180404
MET040,1,1,3,2,0.60111978463162385
MET040,1,1,3,3,0.77689059466548582
MET040,1,1,3,4,0.74252164284353073
MET040,1,1,3,5,0.71734781212359056
MET040,1,1,3,6,0.57879261927481696
MET040,1,1,3,7,0.73278934850252997
MET040,1,1,3,8,0.87398258523502781
MET040,1,1,3,9,0.75234470151687416
MET040,1,1,4,0,0.63990945284305967
MET040,1,1,4,1,0.69459213578529211
MET040,1,1,4,2,0.80287971972330541
MET040,1,1,4,3,0.76064713572293186
MET040,1,1,4,4,0.66352847192426179
MET040,1,1,4,5,0.71163874214857659
MET040,1,1,4,6,0.6210802317978078
MET040,1,1,4,7,0.74918944784061137
MET040,1,1,4,8,0.87308876732008822
MET040,1,1,4,9,0.6455460750894324
MET040,1,1,5,0,0.69945063424970888
MET040,1,1,5,1,0.94042956968589064
MET040,1,1,5,2,0.86793112124834304
MET040,1,1,5,3,0.75692391736451348
MET040,1,1,5,4,0.75813390273951398
MET040,1,1,5,5,0.69855850490773086
MET040,1,1,5,6,0.72028279034845466
MET040,1,1,5,7,0.63262303173309098
MET040,1,1,5,8,0.74438195880914482
MET040,1,1,5,9,0.81410190041369301
MET040,1,1,6,0,0.63624356323059816
MET040,1,1,6,1,0.84276598280228154
MET040,1,1,6,2,0.79018924448006622
MET040,1,1,6,3,0.80420803399030316
MET040,1,1,6,4,0.6413653323122529
MET040,1,1,6,5,0.76859349694184087
MET040,1,1,6,6,0.62530360793717155
MET040,1,1,6,7,0.68106948708710469
MET040,1,1,6,8,0.71381486870439115
MET040,1,1,6,9,0.7405753061428707
MET040,1,1,7,0,0.80032015006155299
MET040,1,1,7,1,0.66319379812727031
MET040,1,1,7,2,0.70874994674789504
MET040,1,1,7,3,0.65982237075434358
MET040,1,1,7,4,0.60817089655308609
MET040,1,1,7,5,0.78969126201775253
MET040,1,1,7,6,0.62708064032412369
MET040,1,1,7,7,0.54903205848104353
MET040,1,1,7,8,0.69700500890801997
MET040,1,1,7,9,0.59823571409912812
MET040,1,1,8,0,0.82684234556116976
MET040,1,1,8,1,0.70525457669992797
MET040,1,1,8,2,0.75126715659712984
MET040,1,1,8,3,0.67420835942340573
MET040,1,1,8,4,0.5855501668019456
MET040,1,1,8,5,0.72436010129522266
MET040,1,1,8,6,0.67626788834148321
MET040,1,1,8,7,0.66572671232484826
MET040,1,1,8,8,0.59945287062301877
MET040,1,1,8,9,0.65888421212790571
MET040,1,1,9,0,0.7884969867792031
MET040,1,1,9,1,0.63508027725363603
MET040,1,1,9,2,0.68467510219317762
MET040,1,1,9,3,0.66636772349340889
MET040,1,1,9,4,0.75429710037641318
MET040,1,1,9,5,0.63684227426594886
MET040,1,1,9,6,0.66095932436989846
MET040,1,1,9,7,0.64109351903658407
MET040,1,1,9,8,0.78508742456245617
MET040,1,1,9,9,0.7351464348995882
MET040,1,2,0,0,0.85510516110420431
MET040,1,2,0,1,1.0076642359967525
MET040,1,2,0,2,0.84286051998394695
MET040,1,2,0,3,0.64165247144487381
MET040,1,2,0,4,0.75024327166529114
MET040,1,2,0,5,0.775164218763568
MET040,1,2,0,6,0.85631732538795868
MET040,1,2,0,7,0.65984972732462299
MET040,1,2,0,8,0.68990865498510978
MET040,1,2,0,9,0.75201178002937819
MET040,1,2,1,0,0.94456431426915721
MET040,1,2,1,1,0.74140819346461517
MET040,1,2,1,2,0.7554957145670208
MET040,1,2,1,3,0.61095420106591114
MET040,1,2,1,4,0.63960289104788282
MET040,1,2,1,5,0.73906752619075444
MET040,1,2,1,6,0.7883106708477442
MET040,1,2,1,7,0.74359064060420854
MET040,1,2,1,8,0.80723462097392906
MET040,1,2,1,9,0.85079693759561648
MET040,1,2,2,0,0.74162371314499298
MET040,1,2,2,1,0.55386836011190255
MET040,1,2,2,2,0.65597293894745945
MET040,1,2,2,3,0.78432350863548927
MET040,1,2,2,4,0.62839261445738903
MET040,1,2,2,5,0.72285092238639981
MET040,1,2,2,6,0.70403941495462652
MET040,1,2,2,7,0.76064781807114457
MET040,1,2,2,8,0.76761302135066567
MET040,1,2,2,9,0.75289735844986416
MET040,1,2,3,0,0.71490507221792932
MET040,1,2,3,1,0.78449239714017427
MET040,1,2,3,2,0.64541206271864393
MET040,1,2,3,3,0.79284730617041865
MET040,1,2,3,4,0.59790188438543157
MET040,1,2,3,5,0.72206883544398304
MET040,1,2,3,6,0.69757312518258197
MET040,1,2,3,7,0.81795021431820203
MET040,1,2,3,8,0.9099956225651008
MET040,1,2,3,9,0.82899170779398923
MET040,1,2,4,0,0.72779280720127204
MET040,1,2,4,1,0.69005271401286405
MET040,1,2,4,2,0.83356594487289426
MET040,1,2,4,3,0.75891394316968031
MET040,1,2,4,4,0.59405270579171621
MET040,1,2,4,5,0.62264821778445001
MET040,1,2,4,6,0.83555471259630543
MET040,1,2,4,7,0.58975432739251632
MET040,1,2,4,8,0.6387869562937607
MET040,1,2,4,9,1.033919170318409
MET040,1,2,5,0,0.68529740983224585
MET040,1,2,5,1,0.93115768214468919
MET040,1,2,5,2,0.68928971751347878
MET040,1,2,5,3,0.95508690412566244
MET040,1,2,5,4,0.7794715783774766
MET040,1,2,5,5,0.84965942670541805
MET040,1,2,5,6,0.64174230858530401
MET040,1,2,5,7,0.76573594289313252
MET040,1,2,5,8,0.79246778555833319
MET040,1,2,5,9,0.80947630529166936
MET040,1,2,6,0,0.79580208604566971
MET040,1,2,6,1,0.78617177474581079
MET040,1,2,6,2,0.65984166475436734
MET040,1,2,6,3,0.86358323616433708
MET040,1,2,6,4,0.95707863174927599
MET040,1,2,6,5,0.8461380201064701
MET040,1,2,6,6,0.71406995161657905
MET040,1,2,6,7,0.82361367607604197
MET040,1,2,6,8,0.90024599318433307
MET040,1,2,6,9,0.67798792011383224
MET040,1,2,7,0,0.75463358723269658
MET040,1,2,7,1,0.81784730733149003
MET040,1,2,7,2,0.67236959736187707
MET040,1,2,7,3,0.67371118992659818
MET040,1,2,7,4,0.68607024441235986
MET040,1,2,7,5,0.66794159924213159
MET040,1,2,7,6,0.66504262024121796
MET040,1,2,7,7,0.81636178993558228
MET040,1,2,7,8,0.64347285316285097
MET040,1,2,7,9,0.64267871721240855
MET040,1,2,8,0,0.61312479392858976
MET040,1,2,8,1,0.60506076974400169
MET040,1,2,8,2,0.968793938199219
MET040,1,2,8,3,0.72344200261981761
MET040,1,2,8,4,0.83768643872671089
MET040,1,2,8,5,0.64381633994232479
MET040,1,2,8,6,0.70265710661383896
MET040,1,2,8,7,0.69838824919397136
MET040,1,2,8,8,0.67018734565975002
MET040,1,2,8,9,0.75642268577637295
MET040,1,2,9,0,0.68787966020447466
MET040,1,2,9,1,0.87428454645881848
MET040,1,2,9,2,0.71982858274958561
MET040,1,2,9,3,0.84496637040316969
MET040,1,2,9,4,0.84885201962078505
MET040,1,2,9,5,0.59544963531388639
MET040,1,2,9,6,0.68766963119103131
MET040,1,2,9,7,0.77634317014055654
MET040,1,2,9,8,0.68679759152437481
MET040,1,2,9,9,0.75888410174905085
MET040,1,3,0,0,1.1152200469828564
MET040,1,3,0,1,0.9220393158506156
MET040,1,3,0,2,0.77779624638600875
MET040,1,3,0,3,0.72508409317728728
MET040,1,3,0,4,0.76482162304184298
MET040,1,3,0,5,0.98818586485018878
MET040,1,3,0,6,0.74387833282001159
MET040,1,3,0,7,0.79349616700696401
MET040,1,3,0,8,0.92326706457914598
MET040,1,3,0,9,0.83143573049473085
MET040,1,3,1,0,0.85895950723135606
MET040,1,3,1,1,0.81822996685202476
MET040,1,3,1,2,0.90892981403826445
MET040,1,3,1,3,0.82324388237995438
MET040,1,3,1,4,0.78008709440382762
MET040,1,3,1,5,0.67897663238779793
MET040,1,3,1,6,0.7209592837577099
MET040,1,3,1,7,0.78003671827897758
MET040,1,3,1,8,0.73818548335319434
MET040,1,3,1,9,0.60189378050561693
MET040,1,3,2,0,0.75391481322823695
MET040,1,3,2,1,0.7209097934428732
MET040,1,3,2,2,0.7063022848676348
MET040,1,3,2,3,0.68571009942908223
MET040,1,3,2,4,0.80997617336683148
MET040,1,3,2,5,0.63705164317574625
MET040,1,3,2,6,0.70739215210671857
MET040,1,3,2,7,0.62638067262213903
MET040,1,3,2,8,0.78521362236617076
MET040,1,3,2,9,0.82019837765179093
MET040,1,3,3,0,0.80504866623615068
MET040,1,3,3,1,0.77992926056804901
MET040,1,3,3,2,0.63336455349080245
MET040,1,3,3,3,0.91003915158099602
MET040,1,3,3,4,0.72211419599404991
MET040,1,3,3,5,0.64976152947093269
MET040,1,3,3,6,0.53445310646465571
MET040,1,3,3,7,0.60540420393152095
MET040,1,3,3,8,0.69482479761277705
MET040,1,3,3,9,0.7515734287327599
MET040,1,3,4,0,0.7735987937610409
MET040,1,3,4,1,0.69331621756300621
MET040,1,3,4,2,0.82901485997280322
MET040,1,3,4,3,0.77585397533743117
MET040,1,3,4,4,0.60541379618103575
MET040,1,3,4,5,0.87277657140174592
MET040,1,3,4,6,0.61680012050996447
MET040,1,3,4,7,0.76999337868194151
MET040,1,3,4,8,0.74080103722686297
MET040,1,3,4,9,0.66450384744847801
MET040,1,3,5,0,0.66668708533392873
MET040,1,3,5,1,0.65719225059098396
MET040,1,3,5,2,0.64011304503332422
MET040,1,3,5,3,0.82346023477393371
MET040,1,3,5,4,0.6406622946095758
MET040,1,3,5,5,0.68449939430225248
MET040,1,3,5,6,0.6808140192791915
MET040,1,3,5,7,0.5869342528049003
MET040,1,3,5,8,0.59514752646258318
MET040,1,3,5,9,0.6426875699797685
MET040,1,3,6,0,0.82056371740969014
MET040,1,3,6,1,0.87721035503520339
MET040,1,3,6,2,0.70112419256593661
MET040,1,3,6,3,0.68145957012823144
MET040,1,3,6,4,0.58791116502867802
MET040,1,3,6,5,0.79121004459358857
MET040,1,3,6,6,0.48248812733737051
MET040,1,3,6,7,0.63033587341229147
MET040,1,3,6,8,0.95472922029435003
MET040,1,3,6,9,0.60693427549440981
MET040,1,3,7,0,0.67302861074300313
MET040,1,3,7,1,0.95750494378063722
MET040,1,3,7,2,0.62062446588496223
MET040,1,3,7,3,0.66302587660063506
MET040,1,3,7,4,0.77791850971536569
MET040,1,3,7,5,0.92403532762439777
MET040,1,3,7,6,0.80514105733698071
MET040,1,3,7,7,0.85157153910138161
MET040,1,3,7,8,0.76316993625352358
MET040,1,3,7,9,0.67298752854995481
MET040,1,3,8,0,0.75363803031451937
MET040,1,3,8,1,0.75516329999036946
MET040,1,3,8,2,0.66337857693173663
MET040,1,3,8,3,0.69439049876375558
MET040,1,3,8,4,0.81198477708424832
MET040,1,3,8,5,0.62787992561441786
MET040,1,3,8,6,0.45204447140738852
MET040,1,3,8,7,0.7148092545247019
MET040,1,3,8,8,0.70367373995679705
MET040,1,3,8,9,0.65306013213594138
MET040,1,3,9,0,0.85792893821999539
MET040,1,3,9,1,0.76181152729348378
MET040,1,3,9,2,0.74182487226715532
MET040,1,3,9,3,0.68670164349552665
MET040,1,3,9,4,0.62808164610926931
MET040,1,3,9,5,0.74875344120849097
MET040,1,3,9,6,0.57610401301413428
MET040,1,3,9,7,0.70711444375097399
MET040,1,3,9,8,0.68862381616809165
MET040,1,3,9,9,0.6192453815755995
MET043,1,1,0,0,1.1024305924821605
MET043,1,1,0,1,1.264876350875112
MET043,1,1,0,2,1.5252972071115649
MET043,1,1,0,3,1.2706869070630538
MET043,1,1,0,4,1.263641730875346
MET043,1,1,0,5,0.87401401685712043
MET043,1,1,0,6,0.69708657603955326
MET043,1,1,0,7,0.74043094942055665
MET043,1,1,0,8,0.81710989520072108
MET043,1,1,0,9,0.60095271342072165
MET043,1,1,1,0,1.3111229979584234
MET043,1,1,1,1,1.3298184015314325
MET043,1,1,1,2,1.2194173564927957
MET043,1,1,1,3,1.2853489688404682
MET043,1,1,1,4,0.99792348462856617
MET043,1,1,1,5,0.88708873948183276
MET043,1,1,1,6,0.64448276631385903
MET043,1,1,1,7,0.7401089913041331
MET043,1,1,1,8,0.61200363794124102
MET043,1,1,1,9,0.64282695571480009
MET043,1,1,2,0,1.0331399201356026
MET043,1,1,2,1,1.0447366286330522
MET043,1,1,2,2,1.2233250616577374
MET043,1,1,2,3,1.0189159379128254
MET043,1,1,2,4,0.82172829702669714
MET043,1,1,2,5,0.7518210515736663
MET043,1,1,2,6,0.79785087301888447
MET043,1,1,2,7,0.688036492580264
MET043,1,1,2,8,0.6462873211291299
MET043,1,1,2,9,0.59601133705304521
MET043,1,1,3,0,1.2691045147772511
MET043,1,1,3,1,1.1505634222348438
MET043,1,1,3,2,1.1765835577783996
MET043,1,1,3,3,0.96135359479999438
MET043,1,1,3,4,0.74060351077684572
MET043,1,1,3,5,0.79876052261963626
MET043,1,1,3,6,0.59397243390363508
MET043,1,1,3,7,0.68362097841465941
MET043,1,1,3,8,0.58157917777260981
MET043,1,1,3,9,0.55949863047132586
MET043,1,1,4,0,1.172779946335752
MET043,1,1,4,1,1.2092771396911337
MET043,1,1,4,2,1.0406204959003431
MET043,1,1,4,3,0.73541373928095344
MET043,1,1,4,4,0.66627317948994902
MET043,1,1,4,5,0.68455430929970007
MET043,1,1,4,6,0.57872320683619805
MET043,1,1,4,7,0.62441172393167843
MET043,1,1,4,8,0.54315476277304231
MET043,1,1,4,9,0.76567085408839819
MET043,1,1,5,0,1.1317650364540015
MET043,1,1,5,1,0.95424195294415082
MET043,1,1,5,2,0.79744230733383137
MET043,1,1,5,3,0.63786340132974828
MET043,1,1,5,4,0.66734868747558496
MET043,1,1,5,5,0.64305535189879259
MET043,1,1,5,6,0.60618090623835585
MET043,1,1,5,7,0.60281567257564284
MET043,1,1,5,8,0.58688105405696878
MET043,1,1,5,9,0.68073428202248487
MET043,1,1,6,0,0.99046805020142759
MET043,1,1,6,1,0.92532481864183758
MET043,1,1,6,2,0.64676015274927112
MET043,1,1,6,3,0.53387364454676356
MET043,1,1,6,4,0.60085858626621158
MET043,1,1,6,5,0.86241301472422072
MET043,1,1,6,6,0.61250781477848948
MET043,1,1,6,7,0.69348535174263892
MET043,1,1,6,8,0.53598822013639524
MET043,1,1,6,9,0.67634007280696795
MET043,1,1,7,0,0.94965535757678521
MET043,1,1,7,1,0.60907041407580653
MET043,1,1,7,2,0.60335395141997494
MET043,1,1,7,3,0.66605393026344439
MET043,1,1,7,4,0.80419919860107281
MET043,1,1,7,5,0.78946030810274526
MET043,1,1,7,6,0.58252403964780786
MET043,1,1,7,7,0.64099158056199124
MET043,1,1,7,8,0.63665474507000885
MET043,1,1,7,9,0.62720793563931232
MET043,1,1,8,0,0.64896388262742832
MET043,1,1,8,1,0.74714635505594629
MET043,1,1,8,2,0.64090010562813204
MET043,1,1,8,3,0.63281090240447102
MET043,1,1,8,4,0.58299159583778737
MET043,1,1,8,5,0.58173938242454382
MET043,1,1,8,6,0.88983587867406477
MET043,1,1,8,7,0.69121735194075462
MET043,1,1,8,8,0.77327364232463325
MET043,1,1,8,9,0.63819462205044208
MET043,1,1,9,0,0.57946997037961567
MET043,1,1,9,1,0.6815076745300086
MET043,1,1,9,2,0.65118732287167902
MET043,1,1,9,3,0.72144254985728784
MET043,1,1,9,4,0.55188701935321194
MET043,1,1,9,5,0.72443062433211025
MET043,1,1,9,6,0.68379704267439423
MET043,1,1,9,7,0.52159087053473063
MET043,1,1,9,8,0.69475260411546513
MET043,1,1,9,9,0.77556697385286733
MET043,1,2,0,0,0.9325559193321844
MET043,1,2,0,1,1.0986113460305589
MET043,1,2,0,2,1.1992277400034304
MET043,1,2,0,3,1.1903411816357148
MET043,1,2,0,4,1.3948767100339936
MET043,1,2,0,5,0.76459672016188718
MET043,1,2,0,6,0.68976959886583533
MET043,1,2,0,7,0.60575345866490027
MET043,1,2,0,8,0.6074861573101642
MET043,1,2,0,9,0.81234588930156959
MET043,1,2,1,0,0.84475206412890858
MET043,1,2,1,1,1.0696382685535395
MET043,1,2,1,2,1.216533816392724
MET043,1,2,1,3,1.0992172462149268
MET043,1,2,1,4,1.054572348411984
MET043,1,2,1,5,0.76248580611834949
MET043,1,2,1,6,0.63539892519987518
MET043,1,2,1,7,0.86312176234338289
MET043,1,2,1,8,0.52644332271826633
MET043,1,2,1,9,0.53562267594435187
MET043,1,2,2,0,0.84116848535311328
MET043,1,2,2,1,1.0910173666225007
MET043,1,2,2,2,0.9803393518149256
MET043,1,2,2,3,0.96721320836354119
MET043,1,2,2,4,0.89402532214773622
MET043,1,2,2,5,0.75552409545535981
MET043,1,2,2,6,0.72919406867608894
MET043,1,2,2,7,0.61412867724816944
MET043,1,2,2,8,0.60989394695171895
MET043,1,2,2,9,0.77414865600040605
MET043,1,2,3,0,1.1059015942854842
MET043,1,2,3,1,1.0099131067534488
MET043,1,2,3,2,1.0650781890720016
MET043,1,2,3,3,0.87221653876121985
MET043,1,2,3,4,0.79009659284482781
MET043,1,2,3,5,0.54811315211369471
MET043,1,2,3,6,0.68278401113931497
MET043,1,2,3,7,0.59538006979935687
MET043,1,2,3,8,0.61987970127053293
MET043,1,2,3,9,0.70327449773492279
MET043,1,2,4,0,1.2053690869534179
MET043,1,2,4,1,1.061148360029524
MET043,1,2,4,2,1.0082438008736847
MET043,1,2,4,3,0.86940710349965278
MET043,1,2,4,4,0.63202136188099345
MET043,1,2,4,5,0.62255448284634785
MET043,1,2,4,6,0.67821260803301608
MET043,1,2,4,7,0.82374247766725939
MET043,1,2,4,8,0.56080679313014115
MET043,1,2,4,9,0.65940534278203078
MET043,1,2,5,0,1.0490743205446038
MET043,1,2,5,1,1.0089978776849995
MET043,1,2,5,2,0.807803034510579
MET043,1,2,5,3,0.56549043811764721
MET043,1,2,5,4,0.50514275797997588
MET043,1,2,5,5,0.86536642067712499
MET043,1,2,5,6,0.58334630816390221
MET043,1,2,5,7,0.68429681026297151
MET043,1,2,5,8,0.67776466190061957
MET043,1,2,5,9,0.64931966746635073
MET043,1,2,6,0,0.78915967958691902
MET043,1,2,6,1,0.78081944407029102
MET043,1,2,6,2,0.77230049436832948
MET043,1,2,6,3,0.60502561664318522
MET043,1,2,6,4,0.61938907205728511
MET043,1,2,6,5,0.64321015415966343
MET043,1,2,6,6,0.54260077093562176
MET043,1,2,6,7,0.94243154000238583
MET043,1,2,6,8,0.90130753711869804
MET043,1,2,6,9,0.82060425112161017
MET043,1,2,7,0,0.7888040115977083
MET043,1,2,7,1,0.77444102787088498
MET043,1,2,7,2,0.59040291261178157
MET043,1,2,7,3,0.76583154284764354
MET043,1,2,7,4,0.61338796582041699
MET043,1,2,7,5,0.49444945747612268
MET043,1,2,7,6,0.87894456533000642
MET043,1,2,7,7,0.6520817156278399
MET043,1,2,7,8,0.75854660850239886
MET043,1,2,7,9,0.70483930759686142
MET043,1,2,8,0,0.94059706333766901
MET043,1,2,8,1,0.65000639487591849
MET043,1,2,8,2,0.59278293761046341
MET043,1,2,8,3,0.67109776027630197
MET043,1,2,8,4,0.69613334654269032
MET043,1,2,8,5,0.87119940328958556
MET043,1,2,8,6,0.6142818574669866
MET043,1,2,8,7,0.72309016726464115
MET043,1,2,8,8,0.79014962547092804
MET043,1,2,8,9,0.73611053573566598
MET043,1,2,9,0,0.74750627976512229
MET043,1,2,9,1,0.65497562609006221
MET043,1,2,9,2,0.60090643149466261
MET043,1,2,9,3,0.57940814738514246
MET043,1,2,9,4,0.75214779021521505
MET043,1,2,9,5,0.70700258817127404
MET043,1,2,9,6,0.62685525139282927
MET043,1,2,9,7,0.57473521946049266
MET043,1,2,9,8,0.70024299128619849
MET043,1,2,9,9,0.69121482718321037
MET043,1,3,0,0,0.96720586444581924
MET043,1,3,0,1,0.99770845180584322
MET043,1,3,0,2,1.0516082903607291
MET043,1,3,0,3,1.1479963874227246
MET043,1,3,0,4,1.0307552310774004
MET043,1,3,0,5,0.82456663083115844
MET043,1,3,0,6,0.81507478163653102
MET043,1,3,0,7,0.67128000969695578
MET043,1,3,0,8,0.70036582764221489
MET043,1,3,0,9,0.71053853900039809
MET043,1,3,1,0,0.65255834089313014
MET043,1,3,1,1,1.0756907761809875
MET043,1,3,1,2,1.202736022668734
MET043,1,3,1,3,0.89544951732989331
MET043,1,3,1,4,0.73577563902131637
MET043,1,3,1,5,0.9371368925256226
MET043,1,3,1,6,0.64652789751747308
MET043,1,3,1,7,0.7962795279493381
MET043,1,3,1,8,0.65403160341366862
MET043,1,3,1,9,0.80724343545153476
MET043,1,3,2,0,0.80412121758964672
MET043,1,3,2,1,0.9595966798041724
MET043,1,3,2,2,0.78093613145594754
MET043,1,3,2,3,0.99012908127264843
MET043,1,3,2,4,1.0031975434345528
MET043,1,3,2,5,0.71860051602923569
MET043,1,3,2,6,0.81902031921275453
MET043,1,3,2,7,0.76367926804568775
MET043,1,3,2,8,0.99612406516518004
MET043,1,3,2,9,0.75678592003222711
MET043,1,3,3,0,1.1236918703470899
MET043,1,3,3,1,0.81377283091055419
MET043,1,3,3,2,0.82698036447981338
MET043,1,3,3,3,0.80195482177861965
MET043,1,3,3,4,0.68822443226383478
MET043,1,3,3,5,0.72583341719294769
MET043,1,3,3,6,0.6227045470136241
MET043,1,3,3,7,0.88289819335940933
MET043,1,3,3,8,0.75817466892665009
MET043,1,3,3,9,0.76849881539106568
MET043,1,3,4,0,0.80072977457588024
MET043,1,3,4,1,0.86457820221152515
MET043,1,3,4,2,0.71418915257135129
MET043,1,3,4,3,0.68060160616198839
MET043,1,3,4,4,0.67276165953936895
MET043,1,3,4,5,0.75400528929024335
MET043,1,3,4,6,0.66821318711161126
MET043,1,3,4,7,0.70072242266512419
MET043,1,3,4,8,0.59586059255221169
MET043,1,3,4,9,0.78827163829154023
MET043,1,3,5,0,0.82801893735001353
MET043,1,3,5,1,1.2036890847699615
MET043,1,3,5,2,0.5939644007478968
MET043,1,3,5,3,0.75470436322588141
MET043,1,3,5,4,0.84412480727245753
MET043,1,3,5,5,0.5982291576314932
MET043,1,3,5,6,0.59496135657874971
MET043,1,3,5,7,0.70549531298972512
MET043,1,3,5,8,0.93241770044817318
MET043,1,3,5,9,0.85144302759679047
MET043,1,3,6,0,1.0173237615440385
MET043,1,3,6,1,0.87284664393216138
MET043,1,3,6,2,0.820290232196907
MET043,1,3,6,3,0.67007732542945897
MET043,1,3,6,4,0.70291480829251751
MET043,1,3,6,5,0.71528163046623305
MET043,1,3,6,6,0.73280326989350664
MET043,1,3,6,7,0.83703770683110934
MET043,1,3,6,8,0.61220511730963256
MET043,1,3,6,9,0.65789369102815776
MET043,1,3,7,0,1.0964661057447995
MET043,1,3,7,1,0.79803686016934727
MET043,1,3,7,2,0.71887485289829101
MET043,1,3,7,3,0.73162824778537838
MET043,1,3,7,4,0.65889153340896545
MET043,1,3,7,5,0.78365560878807616
MET043,1,3,7,6,0.72031501175785573
MET043,1,3,7,7,0.752503319118903
MET043,1,3,7,8,0.71506439176037018
MET043,1,3,7,9,0.78136510255234271
MET043,1,3,8,0,1.0359745751219611
MET043,1,3,8,1,0.69107471978697166
MET043,1,3,8,2,0.68046217509723705
MET043,1,3,8,3,0.62235152750587885
MET043,1,3,8,4,0.58897117816152145
MET043,1,3,8,5,0.8767055039369207
MET043,1,3,8,6,0.87209060259146332
MET043,1,3,8,7,0.86230179568796439
MET043,1,3,8,8,0.72557720782164892
MET043,1,3,8,9,0.92276320330283279
MET043,1,3,9,0,0.7802235180441377
MET043,1,3,9,1,0.70130168564816586
MET043,1,3,9,2,0.80443495959407296
MET043,1,3,9,3,0.8489693440970536
MET043,1,3,9,4,0.76709334057736989
MET043,1,3,9,5,0.63620244430341566
MET043,1,3,9,6,0.6943710547805344
MET043,1,3,9,7,0.70021560681820938
MET043,1,3,9,8,0.76565204079530313
MET043,1,3,9,9,0.94700334797007379
MET043,1,4,0,0,1.0147320275419929
MET043,1,4,0,1,0.97914229547251719
MET043,1,4,0,2,1.0649451121272735
MET043,1,4,0,3,0.89961703768346069
MET043,1,4,0,4,0.95634714371068164
MET043,1,4,0,5,0.91029482808854878
MET043,1,4,0,6,0.6594467885490527
MET043,1,4,0,7,0.72093013105035408
MET043,1,4,0,8,0.58534336303137069
MET043,1,4,0,9,0.7627971222033596
MET043,1,4,1,0,1.0435189754730234
MET043,1,4,1,1,1.100224513694475
MET043,1,4,1,2,1.0057882854038522
MET043,1,4,1,3,0.64683811536884761
MET043,1,4,1,4,0.91377610181960256
MET043,1,4,1,5,0.97549101323959764
MET043,1,4,1,6,0.83460720662819199
MET043,1,4,1,7,0.70123946986616115
MET043,1,4,1,8,0.58204714851716244
MET043,1,4,1,9,0.61962715535549662
MET043,1,4,2,0,0.99328989917414978
MET043,1,4,2,1,0.76920376979674565
MET043,1,4,2,2,0.96199940419060115
MET043,1,4,2,3,0.99481592116198236
MET043,1,4,2,4,1.0466666399536446
MET043,1,4,2,5,0.7963406355079764
MET043,1,4,2,6,0.71782466873259065
MET043,1,4,2,7,0.79104623185091894
MET043,1,4,2,8,0.74654934797041539
MET043,1,4,2,9,0.71126842750697361
MET043,1,4,3,0,0.98547459203885845
MET043,1,4,3,1,1.1727399010110211
MET043,1,4,3,2,1.1136396784792686
MET043,1,4,3,3,0.81320409110715364
MET043,1,4,3,4,0.57984600350517101
MET043,1,4,3,5,0.59743888608874585
MET043,1,4,3,6,0.71021062087745712
MET043,1,4,3,7,0.81227296586656661
MET043,1,4,3,8,0.64158393750108089
MET043,1,4,3,9,0.69585358749980575
MET043,1,4,4,0,1.0990944370775009
MET043,1,4,4,1,1.1502190675100257
MET043,1,4,4,2,0.81609736440464442
MET043,1,4,4,3,0.86344484579845937
MET043,1,4,4,4,0.67757352787589586
MET043,1,4,4,5,0.58660511020332495
MET043,1,4,4,6,0.77144498884990409
MET043,1,4,4,7,0.68915623645778368
MET043,1,4,4,8,0.68544583149912286
MET043,1,4,4,9,0.86453239529163217
MET043,1,4,5,0,0.94036718041064715
MET043,1,4,5,1,0.66772082473938987
MET043,1,4,5,2,0.79448874426905403
MET043,1,4,5,3,0.79742055051208671
MET043,1,4,5,4,0.68578208516904005
MET043,1,4,5,5,0.58142797228537968
MET043,1,4,5,6,0.62632155667787426
MET043,1,4,5,7,0.66690892748306663
MET043,1,4,5,8,0.61697988713968743
MET043,1,4,5,9,0.94447234108696498
MET043,1,4,6,0,0.78593393398334599
MET043,1,4,6,1,0.78568352136491615
MET043,1,4,6,2,0.5409840657901771
MET043,1,4,6,3,0.83108545992030203
MET043,1,4,6,4,0.58097625131531316
MET043,1,4,6,5,0.68094117011212341
MET043,1,4,6,6,0.57286218440995129
MET043,1,4,6,7,0.8105049533233275
MET043,1,4,6,8,0.75187221308878882
MET043,1,4,6,9,0.77392067676320542
MET043,1,4,7,0,0.64208268478948094
MET043,1,4,7,1,0.70475746166855413
MET043,1,4,7,2,0.70816768209535763
MET043,1,4,7,3,0.55167607418493836
MET043,1,4,7,4,0.66778049015843999
MET043,1,4,7,5,0.56223235057232979
MET043,1,4,7,6,0.71664989824747349
MET043,1,4,7,7,0.75302648726470189
MET043,1,4,7,8,0.62734378654798384
MET043,1,4,7,9,0.89319971673763909
MET043,1,4,8,0,0.78011651241219448
MET043,1,4,8,1,0.56905626228294304
MET043,1,4,8,2,0.64101610753274407
MET043,1,4,8,3,0.74482022880740628
MET043,1,4,8,4,0.66144877030508986
MET043,1,4,8,5,0.71257020717973407
MET043,1,4,8,6,0.60103490407687221
MET043,1,4,8,7,0.8035563948416059
MET043,1,4,8,8,0.84296717792120901
MET043,1,4,8,9,0.59717453649220953
MET043,1,4,9,0,0.67954048146380042
MET043,1,4,9,1,0.6744477586464942
MET043,1,4,9,2,0.63062723578217261
MET043,1,4,9,3,0.52957684900887436
MET043,1,4,9,4,0.56006808435114963
MET043,1,4,9,5,0.69965924054253326
MET043,1,4,9,6,0.72652833850746423
MET043,1,4,9,7,0.64820482693446724
MET043,1,4,9,8,0.78551815294016469
MET043,1,4,9,9,0.66140192677665566
MET044,1,1,0,0,1.3547819240030128
MET044,1,1,0,1,1.2672153085913684
MET044,1,1,0,2,0.85474595686654953
MET044,1,1,0,3,0.99825314981375279
MET044,1,1,0,4,1.0677796460850248
MET044,1,1,0,5,1.1623716329259248
MET044,1,1,0,6,1.0147163822661796
MET044,1,1,0,7,0.85157115773698056
MET044,1,1,0,8,1.1318875291592436
MET044,1,1,0,9,0.98553275832074017
MET044,1,1,1,0,1.1522695130408898
MET044,1,1,1,1,1.0829214297389678
MET044,1,1,1,2,1.1915207348198864
MET044,1,1,1,3,1.1717898190398366
MET044,1,1,1,4,1.0890061100863659
MET044,1,1,1,5,0.96956503901882862
MET044,1,1,1,6,1.1716365773614636
MET044,1,1,1,7,1.099906443000688
MET044,1,1,1,8,0.88498564423320314
MET044,1,1,1,9,0.79524058531915442
MET044,1,1,2,0,1.0497621784455968
MET044,1,1,2,1,0.97179259708994159
MET044,1,1,2,2,1.2296596049569437
MET044,1,1,2,3,1.1828288951710193
MET044,1,1,2,4,1.0704841926131523
MET044,1,1,2,5,1.1608831998245162
MET044,1,1,2,6,1.0720994936438084
MET044,1,1,2,7,1.0841049588550105
MET044,1,1,2,8,0.72972639719157539
MET044,1,1,2,9,0.71077324152546928
MET044,1,1,3,0,0.95981190893143398
MET044,1,1,3,1,0.86951568870563123
MET044,1,1,3,2,1.1143208352712437
MET044,1,1,3,3,1.2312686319916186
MET044,1,1,3,4,0.87324632961831627
MET044,1,1,3,5,0.83507427044994542
MET044,1,1,3,6,1.0048769445639871
MET044,1,1,3,7,0.86691939491164349
MET044,1,1,3,8,0.97394411882003762
MET044,1,1,3,9,0.87780728335032754
MET044,1,1,4,0,1.268335473013682
MET044,1,1,4,1,1.1809960082917663
MET044,1,1,4,2,1.0577354683630351
MET044,1,1,4,3,0.91094160772276478
MET044,1,1,4,4,0.90191526389738597
MET044,1,1,4,5,0.65872838980521953
MET044,1,1,4,6,0.8090061251208801
MET044,1,1,4,7,0.75531159159291783
MET044,1,1,4,8,1.0839681431194923
MET044,1,1,4,9,0.89681222754058287
MET044,1,1,5,0,1.0268474631057141
MET044,1,1,5,1,1.0958249799387216
MET044,1,1,5,2,0.8470859295851787
MET044,1,1,5,3,0.91771155361007162
MET044,1,1,5,4,1.0306534029755221
MET044,1,1,5,5,0.97751884947877643
MET044,1,1,5,6,0.96856452153788219
MET044,1,1,5,7,0.88657787156813106
MET044,1,1,5,8,0.94438416869544961
MET044,1,1,5,9,1.3809387430746551
MET044,1,1,6,0,0.9503602462907712
MET044,1,1,6,1,0.98237990165504963
MET044,1,1,6,2,1.3653971068730546
MET044,1,1,6,3,0.92250800395733001
MET044,1,1,6,4,0.92799800227850715
MET044,1,1,6,5,1.0290802177826837
MET044,1,1,6,6,0.88986498999165231
MET044,1,1,6,7,0.99911878692408618
MET044,1,1,6,8,0.86569934431561546
MET044,1,1,6,9,1.1734103483949392
MET044,1,1,7,0,0.99860615771839356
MET044,1,1,7,1,0.8902358253707211
MET044,1,1,7,2,1.0881189943474177
MET044,1,1,7,3,0.72459212892701952
MET044,1,1,7,4,0.86279232084608004
MET044,1,1,7,5,1.0035072165186316
MET044,1,1,7,6,0.97948239747112864
MET044,1,1,7,7,1.0962069722102019
MET044,1,1,7,8,0.81834528467105394
MET044,1,1,7,9,1.0424179347454423
MET044,1,1,8,0,0.96187795485026284
MET044,1,1,8,1,0.68277752422681293
MET044,1,1,8,2,0.72612458765375687
MET044,1,1,8,3,0.98144852822245043
MET044,1,1,8,4,1.1556834308428143
MET044,1,1,8,5,1.0560915086257709
MET044,1,1,8,6,0.9362876756506936
MET044,1,1,8,7,1.1142897800100535
MET044,1,1,8,8,1.2116358518224402
MET044,1,1,8,9,1.0158262022745173
MET044,1,1,9,0,0.85193650360445761
MET044,1,1,9,1,0.9637528869893548
MET044,1,1,9,2,0.90532796751976041
MET044,1,1,9,3,0.83090550495746018
MET044,1,1,9,4,1.1810929029632031
MET044,1,1,9,5,1.1059918555547179
MET044,1,1,9,6,1.0441985725144536
MET044,1,1,9,7,1.1696298516740689
MET044,1,1,9,8,1.0854529422322998
MET044,1,1,9,9,1.0439524815573007
MET044,1,2,0,0,1.4212144906484525
MET044,1,2,0,1,1.2313457047473308
MET044,1,2,0,2,1.0535564477897461
MET044,1,2,0,3,1.0083125663312711
MET044,1,2,0,4,1.1758688554171914
MET044,1,2,0,5,1.1505872237401908
MET044,1,2,0,6,1.0810529745783677
MET044,1,2,0,7,0.9485804870893364
MET044,1,2,0,8,0.97071205183926235
MET044,1,2,0,9,0.89629859818964219
MET044,1,2,1,0,1.1018716979549326
MET044,1,2,1,1,1.1727282584184455
MET044,1,2,1,2,1.2190161519395051
MET044,1,2,1,3,1.1589077940700545
MET044,1,2,1,4,1.3766443325084734
MET044,1,2,1,5,1.4469593673852066
MET044,1,2,1,6,0.99442309652001959
MET044,1,2,1,7,0.82243061797023287
MET044,1,2,1,8,0.73928507711927738
MET044,1,2,1,9,0.82472306045597288
MET044,1,2,2,0,0.85585391499608365
MET044,1,2,2,1,1.0913128337756643
MET044,1,2,2,2,1.0472877265635097
MET044,1,2,2,3,1.1470065261435043
MET044,1,2,2,4,1.107384868175801
MET044,1,2,2,5,1.1206362198184436
MET044,1,2,2,6,0.98406065297733603
MET044,1,2,2,7,0.88541508841738892
MET044,1,2,2,8,1.0177484988071279
MET044,1,2,2,9,0.97979268245997275
MET044,1,2,3,0,1.2038119052822145
MET044,1,2,3,1,1.222178493618262
MET044,1,2,3,2,1.1283652046327974
MET044,1,2,3,3,1.2563735000692553
MET044,1,2,3,4,1.1063386459988429
MET044,1,2,3,5,1.0704321240104671
MET044,1,2,3,6,0.8012192597019312
MET044,1,2,3,7,0.70284080867795506
MET044,1,2,3,8,0.96183475852744438
MET044,1,2,3,9,1.1153952857699867
MET044,1,2,4,0,1.1049989898780177
MET044,1,2,4,1,1.3092438188609197
MET044,1,2,4,2,1.1728610652070963
MET044,1,2,4,3,1.1151161973513033
MET044,1,2,4,4,0.87493249516137439
MET044,1,2,4,5,0.80676803511245065
MET044,1,2,4,6,0.87913077660356442
MET044,1,2,4,7,0.94539645101433356
MET044,1,2,4,8,0.95319974861018963
MET044,1,2,4,9,1.2182312288803829
MET044,1,2,5,0,0.82667624702214992
MET044,1,2,5,1,1.0188335460721467
MET044,1,2,5,2,1.2467120190957048
MET044,1,2,5,3,1.1649750638114551
MET044,1,2,5,4,0.72023037285112312
MET044,1,2,5,5,1.0920063684509032
MET044,1,2,5,6,1.1240531850796147
MET044,1,2,5,7,0.93147192444353721
MET044,1,2,5,8,1.1632853512549597
MET044,1,2,5,9,0.75366247986916812
MET044,1,2,6,0,0.91259937094797761
MET044,1,2,6,1,0.89461464572435923
MET044,1,2,6,2,0.81809427210230867
MET044,1,2,6,3,0.87691053982587064
MET044,1,2,6,4,0.82581454163436041
MET044,1,2,6,5,0.8032072435049501
MET044,1,2,6,6,0.92015349885424402
MET044,1,2,6,7,1.0273218358696652
MET044,1,2,6,8,1.0283409831201924
MET044,1,2,6,9,0.9964768352996588
MET044,1,2,7,0,1.1281919342765956
MET044,1,2,7,1,1.1617153701016192
MET044,1,2,7,2,1.0489838589601532
MET044,1,2,7,3,1.1281983045824231
MET044,1,2,7,4,0.89900367966148187
MET044,1,2,7,5,0.88930952804140784
MET044,1,2,7,6,0.86488444392364561
MET044,1,2,7,7,0.97918620138745538
MET044,1,2,7,8,0.86826963193631557
MET044,1,2,7,9,0.92478959952105044
MET044,1,2,8,0,0.8172760106514585
MET044,1,2,8,1,0.68463839552788008
MET044,1,2,8,2,0.98546627865046643
MET044,1,2,8,3,1.0652841462034091
MET044,1,2,8,4,0.75869887089279742
MET044,1,2,8,5,1.1716834313616831
MET044,1,2,8,6,0.96957030084218543
MET044,1,2,8,7,0.92155439869323919
MET044,1,2,8,8,1.056528718220769
MET044,1,2,8,9,0.98973742592521519
MET044,1,2,9,0,0.78099258573561881
MET044,1,2,9,1,0.92315312625191837
MET044,1,2,9,2,0.95369396819457442
MET044,1,2,9,3,0.72079572197685415
MET044,1,2,9,4,1.1298686382714171
MET044,1,2,9,5,1.0390318951186526
MET044,1,2,9,6,0.95582782955866141
MET044,1,2,9,7,1.0157704604481308
MET044,1,2,9,8,1.0950055734852142
MET044,1,2,9,9,0.94303401980356083
MET044,1,3,0,0,1.3048920773261965
MET044,1,3,0,1,1.1250500757569677
MET044,1,3,0,2,1.0113339906240553
MET044,1,3,0,3,1.0669096921782797
MET044,1,3,0,4,1.1824022971806869
MET044,1,3,0,5,1.0792349075312186
MET044,1,3,0,6,1.2441957387435081
MET044,1,3,0,7,1.0620723491967117
MET044,1,3,0,8,1.1866004221991346
MET044,1,3,0,9,0.76960044375001935
MET044,1,3,1,0,1.2771873261828903
MET044,1,3,1,1,1.1047997973967023
MET044,1,3,1,2,1.2436693157589929
MET044,1,3,1,3,1.4715279525406877
MET044,1,3,1,4,1.2531634164237055
MET044,1,3,1,5,1.0084291238848946
MET044,1,3,1,6,1.1095747393099509
MET044,1,3,1,7,0.88482460195971979
MET044,1,3,1,8,0.77305238532786136
MET044,1,3,1,9,0.83739582044241478
MET044,1,3,2,0,1.1292782696502119
MET044,1,3,2,1,1.3873119809276966
MET044,1,3,2,2,1.3517238985427895
MET044,1,3,2,3,1.0516687744878312
MET044,1,3,2,4,1.0740416341426242
MET044,1,3,2,5,0.82587677099848822
MET044,1,3,2,6,1.091836052269616
MET044,1,3,2,7,1.1588389086963071
MET044,1,3,2,8,0.9423135709161774
MET044,1,3,2,9,0.95588056124110421
MET044,1,3,3,0,0.90659527912568438
MET044,1,3,3,1,1.0285366783965513
MET044,1,3,3,2,1.3371040735848658
MET044,1,3,3,3,0.90240834199910103
MET044,1,3,3,4,0.88166333944002895
MET044,1,3,3,5,1.0989354445826482
MET044,1,3,3,6,0.87203345485907735
MET044,1,3,3,7,1.0236300874429001
MET044,1,3,3,8,0.69446861975222562
MET044,1,3,3,9,1.1089243679304368
MET044,1,3,4,0,1.1952076156702078
MET044,1,3,4,1,1.185452936211401
MET044,1,3,4,2,1.2289719829455921
MET044,1,3,4,3,0.90667739300768524
MET044,1,3,4,4,0.73025682100028555
MET044,1,3,4,5,1.04916138227709
MET044,1,3,4,6,1.2274941016954029
MET044,1,3,4,7,1.186643633074538
MET044,1,3,4,8,1.1444683652351977
MET044,1,3,4,9,0.84185129377050505
MET044,1,3,5,0,0.88713311677538487
MET044,1,3,5,1,0.81315170759294697
MET044,1,3,5,2,0.93065997384978605
MET044,1,3,5,3,0.85812478477723853
MET044,1,3,5,4,1.0016373899965971
MET044,1,3,5,5,0.79505837286514291
MET044,1,3,5,6,1.0417041578122199
MET044,1,3,5,7,0.81688313677645097
MET044,1,3,5,8,1.0779729694493183
MET044,1,3,5,9,1.1749430953918785
MET044,1,3,6,0,0.87115736349342499
MET044,1,3,6,1,1.0812880635834714
MET044,1,3,6,2,0.91942152080464234
MET044,1,3,6,3,0.94666178523743616
MET044,1,3,6,4,0.77826787144000242
MET044,1,3,6,5,1.0858716308147365
MET044,1,3,6,6,1.0895050795719534
MET044,1,3,6,7,1.1158261857490113
MET044,1,3,6,8,1.0226501864558462
MET044,1,3,6,9,0.80293235232055771
MET044,1,3,7,0,0.91125126125420519
MET044,1,3,7,1,1.005169392361196
MET044,1,3,7,2,1.1086630575307068
MET044,1,3,7,3,1.0073591661577852
MET044,1,3,7,4,1.0535938153311288
MET044,1,3,7,5,1.1292411572487568
MET044,1,3,7,6,0.99458360149518044
MET044,1,3,7,7,1.0136517672336036
MET044,1,3,7,8,1.1828660572099272
MET044,1,3,7,9,1.0341030848238544
MET044,1,3,8,0,0.88713928298744349
MET044,1,3,8,1,0.84562108826793669
MET044,1,3,8,2,1.0751069040151191
MET044,1,3,8,3,0.79860956510990244
MET044,1,3,8,4,1.0385684863507525
MET044,1,3,8,5,0.83706149090445281
MET044,1,3,8,6,1.0131754675138362
MET044,1,3,8,7,1.0984811344351371
MET044,1,3,8,8,0.98054483593703945
MET044,1,3,8,9,1.0233800357492324
MET044,1,3,9,0,1.2835478188611558
MET044,1,3,9,1,0.72432601841846567
MET044,1,3,9,2,1.042491571557203
MET044,1,3,9,3,0.73414655624086023
MET044,1,3,9,4,0.93433340684495858
MET044,1,3,9,5,1.0415517904196747
MET044,1,3,9,6,1.0494993675633719
MET044,1,3,9,7,1.0975342784651541
MET044,1,3,9,8,1.0768208981578238
MET044,1,3,9,9,0.81142867085647552
MET044,1,4,0,0,1.4239267513732865
MET044,1,4,0,1,1.1598848503789023
MET044,1,4,0,2,1.2444628747588633
MET044,1,4,0,3,1.1125434348137411
MET044,1,4,0,4,1.3547311135694942
MET044,1,4,0,5,1.0107032557362341
MET044,1,4,0,6,1.1212882160143254
MET044,1,4,0,7,1.1106356694390469
MET044,1,4,0,8,1.1645831931948356
MET044,1,4,0,9,0.96774671287839442
MET044,1,4,1,0,1.2811670237263555
MET044,1,4,1,1,1.0874615105791867
MET044,1,4,1,2,1.1603277556365277
MET044,1,4,1,3,1.1403341250076378
MET044,1,4,1,4,1.0321414112506235
MET044,1,4,1,5,0.95438998526519236
MET044,1,4,1,6,1.1509376395968576
MET044,1,4,1,7,1.3652304052303232
MET044,1,4,1,8,0.99726453635971435
MET044,1,4,1,9,0.89162041915529844
MET044,1,4,2,0,1.0532589486310324
MET044,1,4,2,1,1.2866083911060091
MET044,1,4,2,2,0.86736058195374188
MET044,1,4,2,3,1.1031354669794089
MET044,1,4,2,4,0.98656455105022178
MET044,1,4,2,5,1.2949632157240161
MET044,1,4,2,6,1.1185106418235065
MET044,1,4,2,7,0.92852775705527157
MET044,1,4,2,8,0.95229065974052185
MET044,1,4,2,9,0.77916788167375395
MET044,1,4,3,0,1.2485110639748935
MET044,1,4,3,1,1.119672594145203
MET044,1,4,3,2,1.2578148853961999
MET044,1,4,3,3,0.95858843696059881
MET044,1,4,3,4,0.88979568050626434
MET044,1,4,3,5,0.93246054173694459
MET044,1,4,3,6,0.99892169521830965
MET044,1,4,3,7,0.91966579476160915
MET044,1,4,3,8,1.0322945067211009
MET044,1,4,3,9,0.88160738936831895
MET044,1,4,4,0,1.0165468139711582
MET044,1,4,4,1,1.218842348427531
MET044,1,4,4,2,1.2025947422381942
MET044,1,4,4,3,0.8442134809602837
MET044,1,4,4,4,0.84267102595713872
MET044,1,4,4,5,1.020343222722349
MET044,1,4,4,6,1.0409835632316873
MET044,1,4,4,7,0.911411942728242
MET044,1,4,4,8,1.2980124367942667
MET044,1,4,4,9,0.86405861672604145
MET044,1,4,5,0,1.3392299622758888
MET044,1,4,5,1,1.2279235387902856
MET044,1,4,5,2,0.80681453537927406
MET044,1,4,5,3,0.77809274524519667
MET044,1,4,5,4,1.0698396879515777
MET044,1,4,5,5,0.80296487729664079
MET044,1,4,5,6,0.95413938893666561
MET044,1,4,5,7,1.0853225282442789
MET044,1,4,5,8,1.2510418107033536
MET044,1,4,5,9,0.81446599339418135
MET044,1,4,6,0,1.2348744953749691
MET044,1,4,6,1,0.81415000509906676
MET044,1,4,6,2,1.2923835196422049
MET044,1,4,6,3,1.1068260295491332
MET044,1,4,6,4,0.81637021706706636
MET044,1,4,6,5,0.97391329642632085
MET044,1,4,6,6,1.038623297647749
MET044,1,4,6,7,0.88649485419507912
MET044,1,4,6,8,1.019654979734689
MET044,1,4,6,9,0.72762882770977311
MET044,1,4,7,0,1.1650761522622477
MET044,1,4,7,1,1.0973947406602562
MET044,1,4,7,2,1.0801667256043803
MET044,1,4,7,3,1.1799533761400118
MET044,1,4,7,4,0.81127774806283692
MET044,1,4,7,5,1.045588953656418
MET044,1,4,7,6,1.1692530423812677
MET044,1,4,7,7,0.83463031903797225
MET044,1,4,7,8,0.75238222357977436
MET044,1,4,7,9,0.93608891750239498
MET044,1,4,8,0,0.93661186320931322
MET044,1,4,8,1,0.93269822212586084
MET044,1,4,8,2,0.74409184987069377
MET044,1,4,8,3,0.80104546443457036
MET044,1,4,8,4,0.73476240933852455
MET044,1,4,8,5,0.77498140214493261
MET044,1,4,8,6,0.96786612252792437
MET044,1,4,8,7,1.0669047643990293
MET044,1,4,8,8,0.9982448962762952
MET044,1,4,8,9,1.0109596200068851
MET044,1,4,9,0,0.95749893798004437
MET044,1,4,9,1,0.6860719385570887
MET044,1,4,9,2,0.88154334506039367
MET044,1,4,9,3,0.86817068772836348
MET044,1,4,9,4,0.73721538425865407
MET044,1,4,9,5,0.96011987630660955
MET044,1,4,9,6,1.0051209467206723
MET044,1,4,9,7,1.0168237935063189
MET044,1,4,9,8,1.124389072824908
MET044,1,4,9,9,1.0527086824504903
MET045,1,1,0,0,0.86999792038883139
MET045,1,1,0,1,0.99589159000329242
MET045,1,1,0,2,0.98095527740069355
MET045,1,1,0,3,0.95655586867676401
MET045,1,1,0,4,0.89532280091275074
MET045,1,1,0,5,0.74282778169132802
MET045,1,1,0,6,0.80534815940472038
MET045,1,1,0,7,0.79927990895407075
MET045,1,1,0,8,0.86275792376087679
MET045,1,1,0,9,0.78332234008835366
MET045,1,1,1,0,1.1561153105173654
MET045,1,1,1,1,1.1227589671004077
MET045,1,1,1,2,0.80494837362577576
MET045,1,1,1,3,0.92252822275673563
MET045,1,1,1,4,0.70715325216367919
MET045,1,1,1,5,0.66900923674135748
MET045,1,1,1,6,0.57406551657749416
MET045,1,1,1,7,0.72915653864226548
MET045,1,1,1,8,0.73078803118787594
MET045,1,1,1,9,0.60584098570711664
MET045,1,1,2,0,0.91195502666314598
MET045,1,1,2,1,0.77434469420391083
MET045,1,1,2,2,0.79170837870178667
MET045,1,1,2,3,0.78790144185676514
MET045,1,1,2,4,0.73144287368318561
MET045,1,1,2,5,0.59950420376969116
MET045,1,1,2,6,0.79296173391978952
MET045,1,1,2,7,0.78096969516423775
MET045,1,1,2,8,0.63225432811057147
MET045,1,1,2,9,0.6719188724404237
MET045,1,1,3,0,0.7708755001184886
MET045,1,1,3,1,0.81390612735316703
MET045,1,1,3,2,0.67386177132116232
MET045,1,1,3,3,0.80274271457797597
MET045,1,1,3,4,0.65378544380877202
MET045,1,1,3,5,0.80492785183303106
MET045,1,1,3,6,0.75877759953012347
MET045,1,1,3,7,0.52881054585538123
MET045,1,1,3,8,0.53744636329574502
MET045,1,1,3,9,0.59586260137191627
MET045,1,1,4,0,0.73287457156013203
MET045,1,1,4,1,0.67531832877590681
MET045,1,1,4,2,0.60254140796224254
MET045,1,1,4,3,0.62697535029709917
MET045,1,1,4,4,0.62171174163257203
MET045,1,1,4,5,0.68419476953229996
MET045,1,1,4,6,0.55458040127372532
MET045,1,1,4,7,0.63451432950716702
MET045,1,1,4,8,0.62253661710904784
MET045,1,1,4,9,0.70704219205340968
MET045,1,1,5,0,0.73697871101908019
MET045,1,1,5,1,0.74688312663199841
MET045,1,1,5,2,0.69799210017744429
MET045,1,1,5,3,0.60197686764004266
MET045,1,1,5,4,0.81730351711882421
MET045,1,1,5,5,0.73864527900044175
MET045,1,1,5,6,0.68842513303684438
MET045,1,1,5,7,0.62742385080202878
MET045,1,1,5,8,0.63815996438466693
MET045,1,1,5,9,0.85522115211123495
MET045,1,1,6,0,0.74216909475136617
MET045,1,1,6,1,0.63844560366699776
MET045,1,1,6,2,0.64650792409437252
MET045,1,1,6,3,0.79977332000538426
MET045,1,1,6,4,0.77285743526500761
MET045,1,1,6,5,0.66231904377154671
MET045,1,1,6,6,0.587022245523381
MET045,1,1,6,7,0.67082930397724827
MET045,1,1,6,8,0.73283075213822035
MET045,1,1,6,9,0.77256300035637049
MET045,1,1,7,0,0.72870555079560495
MET045,1,1,7,1,0.63114282305347791
MET045,1,1,7,2,0.56013184239711877
MET045,1,1,7,3,0.85229672648147137
MET045,1,1,7,4,0.85626111189295617
MET045,1,1,7,5,0.7331039254887497
MET045,1,1,7,6,0.74485745843917639
MET045,1,1,7,7,0.68437551385335549
MET045,1,1,7,8,0.70639471552152688
MET045,1,1,7,9,0.6853947452821475
MET045,1,1,8,0,0.7655631890333523
MET045,1,1,8,1,0.72060732592586341
MET045,1,1,8,2,0.90853224706065061
MET045,1,1,8,3,0.68178731861370134
MET045,1,1,8,4,0.77216231325409823
MET045,1,1,8,5,0.71792369146654322
MET045,1,1,8,6,0.83172243521385103
MET045,1,1,8,7,0.69199530942060694
MET045,1,1,8,8,0.74502068189583348
MET045,1,1,8,9,0.68451158122640221
MET045,1,1,9,0,0.6299786269843699
MET045,1,1,9,1,0.71219094002108463
MET045,1,1,9,2,0.59427498840100368
MET045,1,1,9,3,0.70346661413484179
MET045,1,1,9,4,0.83418093760808487
MET045,1,1,9,5,0.89478331968534397
MET045,1,1,9,6,0.59975820968056082
MET045,1,1,9,7,0.89654554306456935
MET045,1,1,9,8,0.75188701969954941
MET045,1,1,9,9,0.71656069061140026
MET045,1,2,0,0,0.99358124605093723
MET045,1,2,0,1,0.92626173766530118
MET045,1,2,0,2,0.94257094947359576
MET045,1,2,0,3,0.88623746892294286
MET045,1,2,0,4,0.94403927980129643
MET045,1,2,0,5,0.79712279245266204
MET045,1,2,0,6,0.7450293915459808
MET045,1,2,0,7,0.76203266754241561
MET045,1,2,0,8,0.78193355387351771
MET045,1,2,0,9,0.77492072518352029
MET045,1,2,1,0,0.93051326537124379
MET045,1,2,1,1,0.80060987582316856
MET045,1,2,1,2,0.85617871292643866
MET045,1,2,1,3,0.81995683917354667
MET045,1,2,1,4,0.88450386242814161
MET045,1,2,1,5,0.69588165366017174
MET045,1,2,1,6,0.64467367159530164
MET045,1,2,1,7,0.74294742225555255
MET045,1,2,1,8,0.61599098190378043
MET045,1,2,1,9,0.77198812064563727
MET045,1,2,2,0,0.74545751810376271
MET045,1,2,2,1,0.80929526340547397
MET045,1,2,2,2,0.80520523344210393
MET045,1,2,2,3,0.87775143032443992
MET045,1,2,2,4,0.71302449414549807
MET045,1,2,2,5,0.88403445709638651
MET045,1,2,2,6,0.71657086009615789
MET045,1,2,2,7,0.85549016886770002
MET045,1,2,2,8,0.71682284608367586
MET045,1,2,2,9,0.73595853256169319
MET045,1,2,3,0,0.76551424568987936
MET045,1,2,3,1,0.88753042225367706
MET045,1,2,3,2,0.6995853490806675
MET045,1,2,3,3,0.81798304441591974
MET045,1,2,3,4,0.71371118418582691
MET045,1,2,3,5,1.015773836764466
MET045,1,2,3,6,0.62863184681370365
MET045,1,2,3,7,0.65863994915196256
MET045,1,2,3,8,0.4853518383891543
MET045,1,2,3,9,0.65818658536611374
MET045,1,2,4,0,0.87633120683291665
MET045,1,2,4,1,0.55583008724880134
MET045,1,2,4,2,0.74755201043020536
MET045,1,2,4,3,0.69414760618082205
MET045,1,2,4,4,0.82016923752013426
MET045,1,2,4,5,0.7609752469024984
MET045,1,2,4,6,0.63019658327090955
MET045,1,2,4,7,0.59873174675043139
MET045,1,2,4,8,0.7220173897308102
MET045,1,2,4,9,0.6568428803789812
MET045,1,2,5,0,0.63938824153703466
MET045,1,2,5,1,0.61966020658928511
MET045,1,2,5,2,0.91382804672521722
MET045,1,2,5,3,0.71822446562947184
MET045,1,2,5,4,0.97723247476797082
MET045,1,2,5,5,0.83668426964116926
MET045,1,2,5,6,0.62293596102267312
MET045,1,2,5,7,0.72283457866670797
MET045,1,2,5,8,0.7394158280733627
MET045,1,2,5,9,0.7532626904965577
MET045,1,2,6,0,0.71835310203115343
MET045,1,2,6,1,0.66149131847514686
MET045,1,2,6,2,0.73533462091560686
MET045,1,2,6,3,0.74190888308538805
MET045,1,2,6,4,0.64656360630282472
MET045,1,2,6,5,0.74492287374035415
MET045,1,2,6,6,0.64757508113931261
MET045,1,2,6,7,0.6998677959955717
MET045,1,2,6,8,0.5850732049872378
MET045,1,2,6,9,0.66646885226765273
MET045,1,2,7,0,1.116706375873056
MET045,1,2,7,1,0.66722704238667474
MET045,1,2,7,2,0.77131428777375732
MET045,1,2,7,3,0.73272752230129046
MET045,1,2,7,4,0.70902808200539946
MET045,1,2,7,5,0.8038042060763414
MET045,1,2,7,6,0.69431291416590568
MET045,1,2,7,7,0.78157913839908177
MET045,1,2,7,8,0.76011811022831943
MET045,1,2,7,9,0.86948816575252497
MET045,1,2,8,0,0.7692843296943358
MET045,1,2,8,1,0.84391979020237384
MET045,1,2,8,2,0.92432440436485996
MET045,1,2,8,3,0.74880312290613404
MET045,1,2,8,4,1.0164018994935691
MET045,1,2,8,5,0.85779317146063527
MET045,1,2,8,6,0.74612458353115341
MET045,1,2,8,7,0.79762097663445453
MET045,1,2,8,8,0.78556096907721717
MET045,1,2,8,9,0.97761302053683896
MET045,1,2,9,0,0.82558297757652654
MET045,1,2,9,1,0.85307727401630884
MET045,1,2,9,2,0.8758266567137567
MET045,1,2,9,3,0.80904078079156549
MET045,1,2,9,4,1.076523269718231
MET045,1,2,9,5,0.74370914534719557
MET045,1,2,9,6,0.70246124065260007
MET045,1,2,9,7,0.85361163123144446
MET045,1,2,9,8,0.81712396742227578
MET045,1,2,9,9,0.6787848453319304
MET045,1,3,0,0,0.89647464759268403
MET045,1,3,0,1,0.93713078772475678
MET045,1,3,0,2,0.92626498619165321
MET045,1,3,0,3,0.88100766248092188
MET045,1,3,0,4,0.96737643740798884
MET045,1,3,0,5,0.82449457809166704
MET045,1,3,0,6,0.71413614252655211
MET045,1,3,0,7,0.80459567954065936
MET045,1,3,0,8,0.72352832831243885
MET045,1,3,0,9,0.70617165907037649
MET045,1,3,1,0,1.0705607698480528
MET045,1,3,1,1,0.72730488092770484
MET045,1,3,1,2,0.92871050413143763
MET045,1,3,1,3,0.78655353285421681
MET045,1,3,1,4,0.72126769573363569
MET045,1,3,1,5,0.86637554210765355
MET045,1,3,1,6,0.73979830966862503
MET045,1,3,1,7,0.72878587645910953
MET045,1,3,1,8,0.63061712882446763
MET045,1,3,1,9,0.6778157088158856
MET045,1,3,2,0,0.66735063635982517
MET045,1,3,2,1,0.82275846926962604
MET045,1,3,2,2,0.76523895825287036
MET045,1,3,2,3,0.63659738829104373
MET045,1,3,2,4,0.61048304463551983
MET045,1,3,2,5,0.7088776981538184
MET045,1,3,2,6,0.92776163180231841
MET045,1,3,2,7,0.61258737832851928
MET045,1,3,2,8,0.81076240399231914
MET045,1,3,2,9,0.63079682969689854
MET045,1,3,3,0,0.79613021707121201
MET045,1,3,3,1,0.7222957743058227
MET045,1,3,3,2,0.70497675363820678
MET045,1,3,3,3,0.75644588733572882
MET045,1,3,3,4,0.70572078030831975
MET045,1,3,3,5,0.75441103086217332
MET045,1,3,3,6,0.87341432441741684
MET045,1,3,3,7,0.74019586995604703
MET045,1,3,3,8,0.57920910235134715
MET045,1,3,3,9,0.6973179487828105
MET045,1,3,4,0,0.64136023444062118
MET045,1,3,4,1,0.883058444784249
MET045,1,3,4,2,0.59407897952534194
MET045,1,3,4,3,0.53786440241956601
MET045,1,3,4,4,0.64904931783335562
MET045,1,3,4,5,0.69988081504181632
MET045,1,3,4,6,0.56562127018167541
MET045,1,3,4,7,0.70372018126110858
MET045,1,3,4,8,0.7600835196848561
MET045,1,3,4,9,0.67648917589683988
MET045,1,3,5,0,0.60826226332350752
MET045,1,3,5,1,0.71460223060218975
MET045,1,3,5,2,0.64783103373630957
MET045,1,3,5,3,0.5604505010773897
MET045,1,3,5,4,0.78624586463943658
MET045,1,3,5,5,0.65739685305181661
MET045,1,3,5,6,0.57403659307080368
MET045,1,3,5,7,0.6325247883555265
MET045,1,3,5,8,0.52335783995752538
MET045,1,3,5,9,0.74687138005592335
MET045,1,3,6,0,0.6371238977659226
MET045,1,3,6,1,0.57729151118509459
MET045,1,3,6,2,0.77115770416008911
MET045,1,3,6,3,0.7722592153827369
MET045,1,3,6,4,0.82833025991960363
MET045,1,3,6,5,0.71435189559265166
MET045,1,3,6,6,0.6747878837649306
MET045,1,3,6,7,0.796706491896081
MET045,1,3,6,8,0.6596823087721404
MET045,1,3,6,9,0.83138908818342006
MET045,1,3,7,0,0.59378771162262778
MET045,1,3,7,1,0.74881863064817811
MET045,1,3,7,2,0.76382774859878522
MET045,1,3,7,3,0.82258924957819024
MET045,1,3,7,4,0.68031346841878759
MET045,1,3,7,5,0.67718025386368208
MET045,1,3,7,6,0.65331264044847515
MET045,1,3,7,7,0.8292991552396729
MET045,1,3,7,8,0.73573531569061446
MET045,1,3,7,9,0.74511759989911786
MET045,1,3,8,0,0.83021126837847514
MET045,1,3,8,1,0.87210439205535972
MET045,1,3,8,2,0.67096969853452815
MET045,1,3,8,3,0.72809692434518314
MET045,1,3,8,4,0.76481645330499448
MET045,1,3,8,5,0.79617860839988097
MET045,1,3,8,6,0.89826841676729674
MET045,1,3,8,7,0.65837429306956474
MET045,1,3,8,8,0.71574126420431139
MET045,1,3,8,9,0.79568678657124459
MET045,1,3,9,0,0.65831141372547886
MET045,1,3,9,1,0.69499381253537584
MET045,1,3,9,2,0.78083383258390149
MET045,1,3,9,3,0.85821187701256763
MET045,1,3,9,4,0.74712572206014094
MET045,1,3,9,5,0.64728532366784886
MET045,1,3,9,6,0.74209496984202394
MET045,1,3,9,7,0.69360617229832455
MET045,1,3,9,8,0.99990169312603239
MET045,1,3,9,9,0.8766783953509929
MET045,1,4,0,0,1.1735922255923841
MET045,1,4,0,1,1.291614104744073
MET045,1,4,0,2,0.91312512475135299
MET045,1,4,0,3,0.90534626742960922
MET045,1,4,0,4,0.95598046865000241
MET045,1,4,0,5,0.93707250160693201
MET045,1,4,0,6,0.86812663247274224
MET045,1,4,0,7,0.82801207296508017
MET045,1,4,0,8,0.7673739510733355
MET045,1,4,0,9,0.68697798651752673
MET045,1,4,1,0,0.96164915743458179
MET045,1,4,1,1,1.1577658908266917
MET045,1,4,1,2,0.84332437673519178
MET045,1,4,1,3,0.86711178647390319
MET045,1,4,1,4,0.82368182002544543
MET045,1,4,1,5,1.0018490348443985
MET045,1,4,1,6,0.69263905283490712
MET045,1,4,1,7,0.65357014056921614
MET045,1,4,1,8,0.65575879995696451
MET045,1,4,1,9,0.62127215400879565
MET045,1,4,2,0,0.98070634715152916
MET045,1,4,2,1,0.97426888262320555
MET045,1,4,2,2,0.86331012047901556
MET045,1,4,2,3,0.84430954544804204
MET045,1,4,2,4,0.93938584770158839
MET045,1,4,2,5,0.8138322251474811
MET045,1,4,2,6,0.70600352508398989
MET045,1,4,2,7,0.67789477660136244
MET045,1,4,2,8,0.86555367821031803
MET045,1,4,2,9,0.59592301646516432
MET045,1,4,3,0,0.80305927290841594
MET045,1,4,3,1,0.93999570533480559
MET045,1,4,3,2,0.77971329838770764
MET045,1,4,3,3,0.89998874868664613
MET045,1,4,3,4,0.56805520626763606
MET045,1,4,3,5,0.72204897723784855
MET045,1,4,3,6,0.59025349900726709
MET045,1,4,3,7,0.66220661497133726
MET045,1,4,3,8,0.72717840786606458
MET045,1,4,3,9,0.6765598085594744
MET045,1,4,4,0,0.77274686609304033
MET045,1,4,4,1,0.74154154989868926
MET045,1,4,4,2,0.78333928550437815
MET045,1,4,4,3,0.64877129382025445
MET045,1,4,4,4,0.74619531151406471
MET045,1,4,4,5,0.75527728868074917
MET045,1,4,4,6,0.7126937750618102
MET045,1,4,4,7,0.74807460109710966
MET045,1,4,4,8,0.73600055271498244
MET045,1,4,4,9,0.72004303271105996
MET045,1,4,5,0,0.7127243089810622
MET045,1,4,5,1,0.76635184735764128
MET045,1,4,5,2,0.67490645519659487
MET045,1,4,5,3,0.60164054194775241
MET045,1,4,5,4,0.63024714349696354
MET045,1,4,5,5,0.60267486436903117
MET045,1,4,5,6,0.76709738589713505
MET045,1,4,5,7,0.60664122269997611
MET045,1,4,5,8,0.66382170445095023
MET045,1,4,5,9,0.68850498668624238
MET045,1,4,6,0,0.70992687342615302
MET045,1,4,6,1,0.75338914904705656
MET045,1,4,6,2,0.57710672034426003
MET045,1,4,6,3,0.88405644604295652
MET045,1,4,6,4,0.82755851071839082
MET045,1,4,6,5,0.70971932784552172
MET045,1,4,6,6,0.80556794157651379
MET045,1,4,6,7,0.82761413943745277
MET045,1,4,6,8,0.89499631175381755
MET045,1,4,6,9,0.61877817630959819
MET045,1,4,7,0,0.79229997744166769
MET045,1,4,7,1,0.55046003802426891
MET045,1,4,7,2,0.72696557571628617
MET045,1,4,7,3,0.74499046044718131
MET045,1,4,7,4,0.76145606987730707
MET045,1,4,7,5,0.80428721057983166
MET045,1,4,7,6,0.86927923829572407
MET045,1,4,7,7,0.85183306183390917
MET045,1,4,7,8,0.63224675970781186
MET045,1,4,7,9,0.85725200327746287
MET045,1,4,8,0,0.77126540632031959
MET045,1,4,8,1,0.77699390028159332
MET045,1,4,8,2,0.88806322808812677
MET045,1,4,8,3,0.74522786855279777
MET045,1,4,8,4,0.77702111022097853
MET045,1,4,8,5,0.76007010974450739
MET045,1,4,8,6,0.61017123104528415
MET045,1,4,8,7,0.6848802216011538
MET045,1,4,8,8,0.76068236176597459
MET045,1,4,8,9,0.78170387359831495
MET045,1,4,9,0,0.93633542436875439
MET045,1,4,9,1,0.7661673858797089
MET045,1,4,9,2,0.79020728739440727
MET045,1,4,9,3,0.80134974550640081
MET045,1,4,9,4,0.78419266280413102
MET045,1,4,9,5,0.91061735333420035
MET045,1,4,9,6,0.93179945904114003
MET045,1,4,9,7,0.82739524313173785
MET045,1,4,9,8,0.70405124139484354
MET045,1,4,9,9,0.91822230025007556
MET046,1,1,0,0,1.453683941865479
MET046,1,1,0,1,1.7032402537516451
MET046,1,1,0,2,1.6608456401239338
MET046,1,1,0,3,0.79290068728514285
MET046,1,1,0,4,1.0562748627895449
MET046,1,1,0,5,1.0829923540118798
MET046,1,1,0,6,0.86264431575699441
MET046,1,1,0,7,0.69863980948615412
MET046,1,1,0,8,0.6094099891614202
MET046,1,1,0,9,0.65346009872562061
MET046,1,1,1,0,1.3299130003516684
MET046,1,1,1,1,1.4525966704585782
MET046,1,1,1,2,1.0405836764755017
MET046,1,1,1,3,0.98236054580352317
MET046,1,1,1,4,1.1449555267743652
MET046,1,1,1,5,0.90516319326193662
MET046,1,1,1,6,0.81746798378660412
MET046,1,1,1,7,0.59642426664071913
MET046,1,1,1,8,0.60995620979901388
MET046,1,1,1,9,0.80514943050406529
MET046,1,1,2,0,1.1535990318132596
MET046,1,1,2,1,0.75333823258522281
MET046,1,1,2,2,0.98025513220783178
MET046,1,1,2,3,0.81096157021871373
MET046,1,1,2,4,0.61374306423551284
MET046,1,1,2,5,0.68224529077706297
MET046,1,1,2,6,0.78550645192735791
MET046,1,1,2,7,0.78813275427505924
MET046,1,1,2,8,0.60592022961832104
MET046,1,1,2,9,0.66619337044816695
MET046,1,1,3,0,0.81203025089406344
MET046,1,1,3,1,0.78137246737465071
MET046,1,1,3,2,0.85027721456720762
MET046,1,1,3,3,0.72213983228127965
MET046,1,1,3,4,0.5901524093597259
MET046,1,1,3,5,0.70599337394877426
MET046,1,1,3,6,0.83563703103098452
MET046,1,1,3,7,0.6027015730323374
MET046,1,1,3,8,0.73677974142314151
MET046,1,1,3,9,0.72749225583527
MET046,1,1,4,0,0.95524340682515585
MET046,1,1,4,1,0.68712399044773664
MET046,1,1,4,2,0.79565928612966463
MET046,1,1,4,3,0.73372318821825999
MET046,1,1,4,4,0.71086774236643602
MET046,1,1,4,5,0.79817375803983492
MET046,1,1,4,6,0.60991363119850994
MET046,1,1,4,7,0.68244518966476486
MET046,1,1,4,8,0.59081648346663018
MET046,1,1,4,9,0.79943716901250939
MET046,1,1,5,0,0.65402596492090437
MET046,1,1,5,1,0.59066508788430983
MET046,1,1,5,2,0.64960953908603625
MET046,1,1,5,3,0.62934426584973402
MET046,1,1,5,4,0.75344858548188764
MET046,1,1,5,5,0.71695011751389637
MET046,1,1,5,6,0.88124785321002108
MET046,1,1,5,7,0.70843771000228495
MET046,1,1,5,8,0.79358740179654419
MET046,1,1,5,9,0.78446974476578246
MET046,1,1,6,0,0.64925772116378266
MET046,1,1,6,1,0.70484601417827053
MET046,1,1,6,2,0.77584653431754314
MET046,1,1,6,3,0.76480652033786922
MET046,1,1,6,4,0.91717537979593122
MET046,1,1,6,5,0.67638375036317344
MET046,1,1,6,6,0.68981143096255193
MET046,1,1,6,7,0.6363176334220354
MET046,1,1,6,8,0.81582104357192931
MET046,1,1,6,9,0.61339024672513598
MET046,1,1,7,0,0.73618780941755702
MET046,1,1,7,1,0.73998732080322649
MET046,1,1,7,2,0.77897318539912008
MET046,1,1,7,3,0.90844425824760922
MET046,1,1,7,4,0.77962663328237725
MET046,1,1,7,5,0.74780752159488051
MET046,1,1,7,6,0.75511029409443042
MET046,1,1,7,7,1.0198437390117381
MET046,1,1,7,8,0.74254308425796989
MET046,1,1,7,9,0.77649328937337569
MET046,1,1,8,0,0.57810962327512683
MET046,1,1,8,1,0.64806504198506987
MET046,1,1,8,2,0.74971760932476261
MET046,1,1,8,3,0.53661256996966689
MET046,1,1,8,4,0.65330712693790727
MET046,1,1,8,5,0.92067203344019077
MET046,1,1,8,6,0.69566645449969489
MET046,1,1,8,7,0.84192963982261382
MET046,1,1,8,8,0.70689002356144492
MET046,1,1,8,9,0.84317255868181351
MET046,1,1,9,0,0.77444183305766778
MET046,1,1,9,1,0.76775689207306819
MET046,1,1,9,2,0.78861893540463857
MET046,1,1,9,3,0.80896498830249164
MET046,1,1,9,4,0.74174090757537026
MET046,1,1,9,5,0.75478340857320825
MET046,1,1,9,6,0.81373373901047497
MET046,1,1,9,7,0.78857942890052424
MET046,1,1,9,8,0.75363878294935349
MET046,1,1,9,9,0.97395955146654323
MET046,1,2,0,0,1.4658745905293069
MET046,1,2,0,1,1.5255527553217096
MET046,1,2,0,2,1.3119652177654697
MET046,1,2,0,3,1.3751865025921983
MET046,1,2,0,4,1.4974470558178077
MET046,1,2,0,5,1.6453801795206666
MET046,1,2,0,6,1.2403892504530496
MET046,1,2,0,7,0.69186033101181499
MET046,1,2,0,8,0.79800596398676404
MET046,1,2,0,9,0.62395136442396582
MET046,1,2,1,0,1.3599985076266048
MET046,1,2,1,1,1.1806623259035929
MET046,1,2,1,2,0.88449323673399183
MET046,1,2,1,3,1.3141205451350355
MET046,1,2,1,4,1.3227390714240279
MET046,1,2,1,5,1.3146505946450979
MET046,1,2,1,6,0.95236176331898359
MET046,1,2,1,7,0.74505372077567256
MET046,1,2,1,8,0.79665725753985284
MET046,1,2,1,9,0.74458693813506416
MET046,1,2,2,0,0.882947942413147
MET046,1,2,2,1,0.70136037329301004
MET046,1,2,2,2,0.9335735370735444
MET046,1,2,2,3,1.3282989347357266
MET046,1,2,2,4,0.79140785965398541
MET046,1,2,2,5,0.84834590940908217
MET046,1,2,2,6,0.60070023615362267
MET046,1,2,2,7,0.63314029333121324
MET046,1,2,2,8,0.78580138773652997
MET046,1,2,2,9,0.66615850128197585
MET046,1,2,3,0,0.77340729830581123
MET046,1,2,3,1,0.71687909773628244
MET046,1,2,3,2,1.011082217800316
MET046,1,2,3,3,0.69241285996712065
MET046,1,2,3,4,0.89493231747557933
MET046,1,2,3,5,0.51426908226330292
MET046,1,2,3,6,0.76958785442156608
MET046,1,2,3,7,0.59055308660010253
MET046,1,2,3,8,0.65444621637160438
MET046,1,2,3,9,0.64162801145041259
MET046,1,2,4,0,0.74697867939259488
MET046,1,2,4,1,0.85162272517601434
MET046,1,2,4,2,0.71748183108082819
MET046,1,2,4,3,0.86691465877715612
MET046,1,2,4,4,0.67763181482499657
MET046,1,2,4,5,0.5857123558800984
MET046,1,2,4,6,0.61938705829127472
MET046,1,2,4,7,0.69429928177291889
MET046,1,2,4,8,0.80944898488110317
MET046,1,2,4,9,0.67157153391499025
MET046,1,2,5,0,0.69473375859261444
MET046,1,2,5,1,0.69605331453839425
MET046,1,2,5,2,0.77888227549196343
MET046,1,2,5,3,0.6574632073519594
MET046,1,2,5,4,0.63348772968834033
MET046,1,2,5,5,0.57004025222610077
MET046,1,2,5,6,0.64796039210327405
MET046,1,2,5,7,0.67287105529647795
MET046,1,2,5,8,0.7873137864884997
MET046,1,2,5,9,0.61735412247173771
MET046,1,2,6,0,0.75013348427151227
MET046,1,2,6,1,0.89647481954435859
MET046,1,2,6,2,0.91498713196471959
MET046,1,2,6,3,0.67337446916624089
MET046,1,2,6,4,0.70884005429797214
MET046,1,2,6,5,0.7067647398836383
MET046,1,2,6,6,0.63009799540646738
MET046,1,2,6,7,0.87118645590812149
MET046,1,2,6,8,0.83722712910246533
MET046,1,2,6,9,0.77516262193201257
MET046,1,2,7,0,0.82460629331979207
MET046,1,2,7,1,1.1395639991068165
MET046,1,2,7,2,0.61910690835202287
MET046,1,2,7,3,0.76982054585387538
MET046,1,2,7,4,1.0823685435199524
MET046,1,2,7,5,0.75999926690990904
MET046,1,2,7,6,0.7587699312704449
MET046,1,2,7,7,0.85834037039995736
MET046,1,2,7,8,0.60712780157414226
MET046,1,2,7,9,0.65781584975883156
MET046,1,2,8,0,1.0544437210319322
MET046,1,2,8,1,0.87588819871968526
MET046,1,2,8,2,0.73772293166145553
MET046,1,2,8,3,1.1307159685160046
MET046,1,2,8,4,0.90026878102131169
MET046,1,2,8,5,1.0778974648157229
MET046,1,2,8,6,0.8813138456506654
MET046,1,2,8,7,0.69912951159563597
MET046,1,2,8,8,0.82890746409807614
MET046,1,2,8,9,0.81897782202736635
MET046,1,2,9,0,0.95881081413574976
MET046,1,2,9,1,0.87042253536905045
MET046,1,2,9,2,0.99400319737640241
MET046,1,2,9,3,0.94536113011148837
MET046,1,2,9,4,1.1798910063704409
MET046,1,2,9,5,0.91045784882268577
MET046,1,2,9,6,0.85789694750086443
MET046,1,2,9,7,0.95985505376623081
MET046,1,2,9,8,0.97624207296957477
MET046,1,2,9,9,1.0975122549247318
MET046,1,3,0,0,1.3177903248895682
MET046,1,3,0,1,1.6476662283081189
MET046,1,3,0,2,1.3582691045654407
MET046,1,3,0,3,0.88452258011406637
MET046,1,3,0,4,1.0147113841983
MET046,1,3,0,5,1.134965837057305
MET046,1,3,0,6,1.0721481523375169
MET046,1,3,0,7,0.75805688870908983
MET046,1,3,0,8,0.77252400541070898
MET046,1,3,0,9,0.85032856297625981
MET046,1,3,1,0,1.2215775414181906
MET046,1,3,1,1,1.6197824589399092
MET046,1,3,1,2,1.008349037691421
MET046,1,3,1,3,1.0822892691802295
MET046,1,3,1,4,0.88004886432808616
MET046,1,3,1,5,0.92487947718174202
MET046,1,3,1,6,0.56719024736487944
MET046,1,3,1,7,0.76187600574432779
MET046,1,3,1,8,0.7749523276238881
MET046,1,3,1,9,0.74018843906217024
MET046,1,3,2,0,0.85087803825168917
MET046,1,3,2,1,1.1001838224726666
MET046,1,3,2,2,1.119203714137684
MET046,1,3,2,3,0.77370620763272779
MET046,1,3,2,4,0.74066374434562299
MET046,1,3,2,5,0.77863156583415583
MET046,1,3,2,6,0.74603784512391313
MET046,1,3,2,7,0.56887161816440768
MET046,1,3,2,8,0.62452319541305168
MET046,1,3,2,9,0.69433648888668897
MET046,1,3,3,0,0.68259028488196849
MET046,1,3,3,1,0.74049676120684493
MET046,1,3,3,2,0.85990347872187378
MET046,1,3,3,3,0.84149820429646227
MET046,1,3,3,4,0.51742414510628054
MET046,1,3,3,5,0.71972724867190552
MET046,1,3,3,6,0.57553150352647897
MET046,1,3,3,7,0.62371712181421013
MET046,1,3,3,8,0.63714771129971715
MET046,1,3,3,9,0.72451033259032249
MET046,1,3,4,0,0.64889499124095362
MET046,1,3,4,1,0.8288933834965132
MET046,1,3,4,2,0.71553910429771672
MET046,1,3,4,3,0.67650433467342297
MET046,1,3,4,4,0.70904564893121658
MET046,1,3,4,5,0.64093201385229637
MET046,1,3,4,6,0.57598042717968345
MET046,1,3,4,7,0.60777476963199173
MET046,1,3,4,8,0.55389452095829261
MET046,1,3,4,9,0.68934681206831927
MET046,1,3,5,0,0.74392632482835397
MET046,1,3,5,1,0.59980536002229756
MET046,1,3,5,2,0.79615434489023429
MET046,1,3,5,3,0.70010441896963738
MET046,1,3,5,4,0.81517550304514796
MET046,1,3,5,5,0.68099724506715176
MET046,1,3,5,6,0.78798843304988586
MET046,1,3,5,7,0.65360597185226266
MET046,1,3,5,8,0.90158895846351317
MET046,1,3,5,9,0.4977149590670879
MET046,1,3,6,0,0.63900383324836207
MET046,1,3,6,1,0.69698080585092315
MET046,1,3,6,2,0.6788152394704976
MET046,1,3,6,3,0.73049775063570777
MET046,1,3,6,4,0.60766947432018226
MET046,1,3,6,5,0.81857693972833889
MET046,1,3,6,6,0.68071142005415863
MET046,1,3,6,7,0.71912386929797534
MET046,1,3,6,8,0.62679314079373571
MET046,1,3,6,9,1.1141974348880237
MET046,1,3,7,0,0.73754479873913226
MET046,1,3,7,1,0.67758553915741326
MET046,1,3,7,2,1.0051121992568379
MET046,1,3,7,3,0.79200405099320015
MET046,1,3,7,4,0.84505340783280325
MET046,1,3,7,5,0.8345749788004404
MET046,1,3,7,6,0.7160015912714357
MET046,1,3,7,7,0.64507484179886609
MET046,1,3,7,8,0.89277552759165812
MET046,1,3,7,9,0.79679595595454777
MET046,1,3,8,0,0.75379279000356814
MET046,1,3,8,1,0.72002990292233071
MET046,1,3,8,2,0.68186666086227832
MET046,1,3,8,3,0.82444468275286098
MET046,1,3,8,4,0.70025729291537309
MET046,1,3,8,5,0.74094748213208095
MET046,1,3,8,6,0.66539712553588837
MET046,1,3,8,7,0.9347392997193168
MET046,1,3,8,8,0.89836866043812424
MET046,1,3,8,9,0.87461038894647836
MET046,1,3,9,0,0.95474795042837779
MET046,1,3,9,1,0.81697854539393067
MET046,1,3,9,2,0.78828530966195398
MET046,1,3,9,3,0.61161241953492795
MET046,1,3,9,4,0.92340746066989166
MET046,1,3,9,5,0.53608097220323347
MET046,1,3,9,6,1.108150963373133
MET046,1,3,9,7,0.90446613436117296
MET046,1,3,9,8,0.92019956802673075
MET046,1,3,9,9,0.66908856755510204
MET046,1,4,0,0,1.3177903248895682
MET046,1,4,0,1,1.6476662283081189
MET046,1,4,0,2,1.3582691045654407
MET046,1,4,0,3,0.88452258011406637
MET046,1,4,0,4,1.0147113841983
MET046,1,4,0,5,1.134965837057305
MET046,1,4,0,6,1.0721481523375169
MET046,1,4,0,7,0.75805688870908983
MET046,1,4,0,8,0.77252400541070898
MET046,1,4,0,9,0.85032856297625981
MET046,1,4,1,0,1.2215775414181906
MET046,1,4,1,1,1.6197824589399092
MET046,1,4,1,2,1.008349037691421
MET046,1,4,1,3,1.0822892691802295
MET046,1,4,1,4,0.88004886432808616
MET046,1,4,1,5,0.92487947718174202
MET046,1,4,1,6,0.56719024736487944
MET046,1,4,1,7,0.76187600574432779
MET046,1,4,1,8,0.7749523276238881
MET046,1,4,1,9,0.74018843906217024
MET046,1,4,2,0,0.85087803825168917
MET046,1,4,2,1,1.1001838224726666
MET046,1,4,2,2,1.119203714137684
MET046,1,4,2,3,0.77370620763272779
MET046,1,4,2,4,0.74066374434562299
MET046,1,4,2,5,0.77863156583415583
MET046,1,4,2,6,0.74603784512391313
MET046,1,4,2,7,0.56887161816440768
MET046,1,4,2,8,0.62452319541305168
MET046,1,4,2,9,0.69433648888668897
MET046,1,4,3,0,0.68259028488196849
MET046,1,4,3,1,0.74049676120684493
MET046,1,4,3,2,0.85990347872187378
MET046,1,4,3,3,0.84149820429646227
MET046,1,4,3,4,0.51742414510628054
MET046,1,4,3,5,0.71972724867190552
MET046,1,4,3,6,0.57553150352647897
MET046,1,4,3,7,0.62371712181421013
MET046,1,4,3,8,0.63714771129971715
MET046,1,4,3,9,0.72451033259032249
MET046,1,4,4,0,0.64889499124095362
MET046,1,4,4,1,0.8288933834965132
MET046,1,4,4,2,0.71553910429771672
MET046,1,4,4,3,0.67650433467342297
MET046,1,4,4,4,0.70904564893121658
MET046,1,4,4,5,0.64093201385229637
MET046,1,4,4,6,0.57598042717968345
MET046,1,4,4,7,0.60777476963199173
MET046,1,4,4,8,0.55389452095829261
MET046,1,4,4,9,0.68934681206831927
MET046,1,4,5,0,0.74392632482835397
MET046,1,4,5,1,0.59980536002229756
MET046,1,4,5,2,0.79615434489023429
MET046,1,4,5,3,0.70010441896963738
MET046,1,4,5,4,0.81517550304514796
MET046,1,4,5,5,0.68099724506715176
MET046,1,4,5,6,0.78798843304988586
MET046,1,4,5,7,0.65360597185226266
MET046,1,4,5,8,0.90158895846351317
MET046,1,4,5,9,0.4977149590670879
MET046,1,4,6,0,0.63900383324836207
MET046,1,4,6,1,0.69698080585092315
MET046,1,4,6,2,0.6788152394704976
MET046,1,4,6,3,0.73049775063570777
MET046,1,4,6,4,0.60766947432018226
MET046,1,4,6,5,0.81857693972833889
MET046,1,4,6,6,0.68071142005415863
MET046,1,4,6,7,0.71912386929797534
MET046,1,4,6,8,0.62679314079373571
MET046,1,4,6,9,1.1141974348880237
MET046,1,4,7,0,0.73754479873913226
MET046,1,4,7,1,0.67758553915741326
MET046,1,4,7,2,1.0051121992568379
MET046,1,4,7,3,0.79200405099320015
MET046,1,4,7,4,0.84505340783280325
MET046,1,4,7,5,0.8345749788004404
MET046,1,4,7,6,0.7160015912714357
MET046,1,4,7,7,0.64507484179886609
MET046,1,4,7,8,0.89277552759165812
MET046,1,4,7,9,0.79679595595454777
MET046,1,4,8,0,0.75379279000356814
MET046,1,4,8,1,0.72002990292233071
MET046,1,4,8,2,0.68186666086227832
MET046,1,4,8,3,0.82444468275286098
MET046,1,4,8,4,0.70025729291537309
MET046,1,4,8,5,0.74094748213208095
MET046,1,4,8,6,0.66539712553588837
MET046,1,4,8,7,0.9347392997193168
MET046,1,4,8,8,0.89836866043812424
MET046,1,4,8,9,0.87461038894647836
MET046,1,4,9,0,0.95474795042837779
MET046,1,4,9,1,0.81697854539393067
MET046,1,4,9,2,0.78828530966195398
MET046,1,4,9,3,0.61161241953492795
MET046,1,4,9,4,0.92340746066989166
MET046,1,4,9,5,0.53608097220323347
MET046,1,4,9,6,1.108150963373133
MET046,1,4,9,7,0.90446613436117296
MET046,1,4,9,8,0.92019956802673075
MET046,1,4,9,9,0.66908856755510204
